question_id,type,year,course,unit_after,topic_after,lesson_after,stem_status,choice_status,answer_status,math_status,katex_status,media_status,mapping_status,review_required,notes
APCALC-LEGACY-MCQ-1969-034,mcq,1969,AP Calculus AB,,Historical enrichment,,verified,verified,verified,verified,verified,not_required,unmapped,True,Orthogonal trajectories are not an exact current ECHS/AP lesson target.
APCALC-AB-FRQ-1969-01,frq,1969,AP Calculus AB,1,1.10 / 3.3 / Prerequisite,,uncertain,not_applicable,incomplete,blocked,syntax_checked_not_source_verified,missing,uncertain,True,"Retained in the canonical/admin archive; excluded from student practice pending source, answer, KaTeX, and/or mapping verification."
APCALC-AB-FRQ-1969-02,frq,1969,AP Calculus AB,4,4.2,APCALC-4.1 | APCALC-4.2,uncertain,not_applicable,incomplete,blocked,syntax_checked_not_source_verified,verified,uncertain,True,"Retained in the canonical/admin archive; excluded from student practice pending source, answer, KaTeX, and/or mapping verification."
APCALC-AB-FRQ-1969-03,frq,1969,AP Calculus AB,5,5.2 / 5.6 / 6.7,APCALC-5.2 | APCALC-5.6 | APCALC-6.7,uncertain,not_applicable,incomplete,blocked,syntax_checked_not_source_verified,missing,uncertain,True,"Retained in the canonical/admin archive; excluded from student practice pending source, answer, KaTeX, and/or mapping verification."
APCALC-AB-FRQ-1969-04,frq,1969,AP Calculus AB,5,5.2 / 5.4,APCALC-5.2 | APCALC-5.4 | APCALC-5.6,uncertain,not_applicable,incomplete,blocked,syntax_checked_not_source_verified,verified,uncertain,True,"Retained in the canonical/admin archive; excluded from student practice pending source, answer, KaTeX, and/or mapping verification."
APCALC-AB-FRQ-1969-05,frq,1969,AP Calculus AB,8,8.4 / 8.8,APCALC-8.4 | APCALC-8.8 | APCALC-8.9,uncertain,not_applicable,incomplete,blocked,syntax_checked_not_source_verified,missing,uncertain,True,"Retained in the canonical/admin archive; excluded from student practice pending source, answer, KaTeX, and/or mapping verification."
APCALC-AB-FRQ-1969-06,frq,1969,AP Calculus AB,6,6.6 / Modeling,APCALC-6.6 | APCALC-6.7,uncertain,not_applicable,incomplete,blocked,syntax_checked_not_source_verified,missing,uncertain,True,"Retained in the canonical/admin archive; excluded from student practice pending source, answer, KaTeX, and/or mapping verification."
APCALC-AB-FRQ-1969-07,frq,1969,AP Calculus AB,2,2.3 / 1.15,APCALC-2.3 | APCALC-2.4 | APCALC-1.15,uncertain,not_applicable,incomplete,blocked,syntax_checked_not_source_verified,missing,uncertain,True,"Retained in the canonical/admin archive; excluded from student practice pending source, answer, KaTeX, and/or mapping verification."
APCALC-AB-FRQ-1970-01,frq,1970,AP Calculus AB,8,2.9 / 8.4,APCALC-2.9 | APCALC-8.4,uncertain,not_applicable,incomplete,blocked,syntax_checked_not_source_verified,missing,uncertain,True,"Retained in the canonical/admin archive; excluded from student practice pending source, answer, KaTeX, and/or mapping verification."
APCALC-AB-FRQ-1970-02,frq,1970,AP Calculus AB,,Prerequisite / 1.12,,uncertain,not_applicable,incomplete,blocked,syntax_checked_not_source_verified,missing,uncertain,True,"Retained in the canonical/admin archive; excluded from student practice pending source, answer, KaTeX, and/or mapping verification."
APCALC-AB-FRQ-1970-03,frq,1970,AP Calculus AB,5,2.4 / 5.2 / 5.6,APCALC-2.4 | APCALC-5.2 | APCALC-5.6,uncertain,not_applicable,incomplete,blocked,syntax_checked_not_source_verified,missing,uncertain,True,"Retained in the canonical/admin archive; excluded from student practice pending source, answer, KaTeX, and/or mapping verification."
APCALC-AB-FRQ-1970-04,frq,1970,AP Calculus AB,4,4.5,APCALC-4.4 | APCALC-4.3 | APCALC-4.5,uncertain,not_applicable,incomplete,blocked,syntax_checked_not_source_verified,missing,uncertain,True,"Retained in the canonical/admin archive; excluded from student practice pending source, answer, KaTeX, and/or mapping verification."
APCALC-AB-FRQ-1970-05,frq,1970,AP Calculus AB,4,3.1 / 4.2,APCALC-3.1 | APCALC-4.2,uncertain,not_applicable,incomplete,blocked,syntax_checked_not_source_verified,verified,uncertain,True,"Retained in the canonical/admin archive; excluded from student practice pending source, answer, KaTeX, and/or mapping verification."
APCALC-AB-FRQ-1970-06,frq,1970,AP Calculus AB,8,8.8 / 5.10,APCALC-8.8 | APCALC-5.10,uncertain,not_applicable,incomplete,blocked,syntax_checked_not_source_verified,missing,uncertain,True,"Retained in the canonical/admin archive; excluded from student practice pending source, answer, KaTeX, and/or mapping verification."
APCALC-AB-FRQ-1970-07,frq,1970,AP Calculus AB,6,6.2 / Mathematical proof enrichment,APCALC-6.2 | APCALC-6.6,uncertain,not_applicable,incomplete,blocked,syntax_checked_not_source_verified,missing,uncertain,True,"Retained in the canonical/admin archive; excluded from student practice pending source, answer, KaTeX, and/or mapping verification."
APCALC-AB-FRQ-1971-01,frq,1971,AP Calculus AB,3,Prerequisite / 3.1,APCALC-1.2 | APCALC-3.1 | APCALC-3.4,uncertain,not_applicable,incomplete,blocked,syntax_checked_not_source_verified,missing,uncertain,True,"Retained in the canonical/admin archive; excluded from student practice pending source, answer, KaTeX, and/or mapping verification."
APCALC-AB-FRQ-1971-02,frq,1971,AP Calculus AB,6,6.4 / 4.5,APCALC-6.4 | APCALC-6.8 | APCALC-4.5,uncertain,not_applicable,incomplete,blocked,syntax_checked_not_source_verified,missing,uncertain,True,"Retained in the canonical/admin archive; excluded from student practice pending source, answer, KaTeX, and/or mapping verification."
APCALC-AB-FRQ-1971-03,frq,1971,AP Calculus AB,5,5.2 / 5.4 / 5.8,APCALC-5.2 | APCALC-5.4 | APCALC-5.8,uncertain,not_applicable,incomplete,blocked,syntax_checked_not_source_verified,missing,uncertain,True,"Retained in the canonical/admin archive; excluded from student practice pending source, answer, KaTeX, and/or mapping verification."
APCALC-AB-FRQ-1971-04,frq,1971,AP Calculus AB,5,5.10,APCALC-5.10 | APCALC-1.11,uncertain,not_applicable,incomplete,blocked,syntax_checked_not_source_verified,missing,uncertain,True,"Retained in the canonical/admin archive; excluded from student practice pending source, answer, KaTeX, and/or mapping verification."
APCALC-AB-FRQ-1971-05,frq,1971,AP Calculus AB,8,8.9 / 8.10,APCALC-8.9 | APCALC-8.10 | APCALC-8.5,uncertain,not_applicable,incomplete,blocked,syntax_checked_not_source_verified,missing,uncertain,True,"Retained in the canonical/admin archive; excluded from student practice pending source, answer, KaTeX, and/or mapping verification."
APCALC-AB-FRQ-1971-06,frq,1971,AP Calculus AB,4,4.2 / 6.4 / 1.15,APCALC-4.2 | APCALC-6.4 | APCALC-1.15,uncertain,not_applicable,incomplete,blocked,syntax_checked_not_source_verified,missing,uncertain,True,"Retained in the canonical/admin archive; excluded from student practice pending source, answer, KaTeX, and/or mapping verification."
APCALC-AB-FRQ-1971-07,frq,1971,AP Calculus AB,5,5.3 / 5.4,APCALC-5.3 | APCALC-5.4 | APCALC-1.15,uncertain,not_applicable,incomplete,blocked,syntax_checked_not_source_verified,missing,uncertain,True,"Retained in the canonical/admin archive; excluded from student practice pending source, answer, KaTeX, and/or mapping verification."
APCALC-AB-FRQ-1972-01,frq,1972,AP Calculus AB,2,2.4 / prerequisite,APCALC-2.4 | APCALC-1.12,uncertain,not_applicable,incomplete,blocked,syntax_checked_not_source_verified,missing,uncertain,True,"Retained in the canonical/admin archive; excluded from student practice pending source, answer, KaTeX, and/or mapping verification."
APCALC-AB-FRQ-1972-02,frq,1972,AP Calculus AB,4,4.2,APCALC-4.2 | APCALC-5.2 | APCALC-2.8,uncertain,not_applicable,incomplete,blocked,syntax_checked_not_source_verified,missing,uncertain,True,"Retained in the canonical/admin archive; excluded from student practice pending source, answer, KaTeX, and/or mapping verification."
APCALC-AB-FRQ-1972-03,frq,1972,AP Calculus AB,6,6.7 / 2.6,APCALC-2.6 | APCALC-6.7 | APCALC-8.4,uncertain,not_applicable,incomplete,blocked,syntax_checked_not_source_verified,missing,uncertain,True,"Retained in the canonical/admin archive; excluded from student practice pending source, answer, KaTeX, and/or mapping verification."
APCALC-AB-FRQ-1972-04,frq,1972,AP Calculus AB,5,5.10,APCALC-5.10 | APCALC-1.3 | APCALC-2.9,uncertain,not_applicable,incomplete,blocked,syntax_checked_not_source_verified,missing,uncertain,True,"Retained in the canonical/admin archive; excluded from student practice pending source, answer, KaTeX, and/or mapping verification."
APCALC-AB-FRQ-1972-05,frq,1972,AP Calculus AB,3,3.1 / 4.5,APCALC-3.1 | APCALC-3.5 | APCALC-4.5,uncertain,not_applicable,incomplete,blocked,syntax_checked_not_source_verified,missing,uncertain,True,"Retained in the canonical/admin archive; excluded from student practice pending source, answer, KaTeX, and/or mapping verification."
APCALC-AB-FRQ-1972-06,frq,1972,AP Calculus AB,8,8.9 / historical shell method,APCALC-8.9 | APCALC-6.10,uncertain,not_applicable,incomplete,blocked,syntax_checked_not_source_verified,missing,uncertain,True,"Retained in the canonical/admin archive; excluded from student practice pending source, answer, KaTeX, and/or mapping verification."
APCALC-AB-FRQ-1972-07,frq,1972,AP Calculus AB,2,2.1 / 2.2,APCALC-2.1 | APCALC-2.2 | APCALC-6.8,uncertain,not_applicable,incomplete,blocked,syntax_checked_not_source_verified,missing,uncertain,True,"Retained in the canonical/admin archive; excluded from student practice pending source, answer, KaTeX, and/or mapping verification."
APCALC-AB-FRQ-1973-01,frq,1973,AP Calculus AB,5,5.2 / prerequisite algebra,APCALC-5.2 | APCALC-5.3,uncertain,not_applicable,incomplete,blocked,syntax_checked_not_source_verified,missing,uncertain,True,"Retained in the canonical/admin archive; excluded from student practice pending source, answer, KaTeX, and/or mapping verification."
APCALC-AB-FRQ-1973-02,frq,1973,AP Calculus AB,4,4.2 / 6.8,APCALC-4.2 | APCALC-6.8 | APCALC-1.15,uncertain,not_applicable,incomplete,blocked,syntax_checked_not_source_verified,missing,uncertain,True,"Retained in the canonical/admin archive; excluded from student practice pending source, answer, KaTeX, and/or mapping verification."
APCALC-AB-FRQ-1973-03,frq,1973,AP Calculus AB,3,3.2,APCALC-3.2 | APCALC-2.7 | APCALC-5.6,uncertain,not_applicable,incomplete,blocked,syntax_checked_not_source_verified,missing,uncertain,True,"Retained in the canonical/admin archive; excluded from student practice pending source, answer, KaTeX, and/or mapping verification."
APCALC-AB-FRQ-1973-04,frq,1973,AP Calculus AB,8,8.5 / 8.10 / prerequisite discriminant,APCALC-8.5 | APCALC-8.10,uncertain,not_applicable,incomplete,blocked,syntax_checked_not_source_verified,missing,uncertain,True,"Retained in the canonical/admin archive; excluded from student practice pending source, answer, KaTeX, and/or mapping verification."
APCALC-AB-FRQ-1973-05,frq,1973,AP Calculus AB,5,5.10 / prerequisite parameter elimination,APCALC-5.10 | APCALC-3.4,uncertain,not_applicable,incomplete,blocked,syntax_checked_not_source_verified,missing,uncertain,True,"Retained in the canonical/admin archive; excluded from student practice pending source, answer, KaTeX, and/or mapping verification."
APCALC-AB-FRQ-1973-06,frq,1973,AP Calculus AB,5,5.10,APCALC-5.10 | APCALC-5.11,uncertain,not_applicable,incomplete,blocked,syntax_checked_not_source_verified,missing,uncertain,True,"Retained in the canonical/admin archive; excluded from student practice pending source, answer, KaTeX, and/or mapping verification."
APCALC-AB-FRQ-1973-07,frq,1973,AP Calculus AB,6,6.7 / 4.5,APCALC-6.7 | APCALC-4.5 | APCALC-8.5,uncertain,not_applicable,incomplete,blocked,syntax_checked_not_source_verified,missing,uncertain,True,"Retained in the canonical/admin archive; excluded from student practice pending source, answer, KaTeX, and/or mapping verification."
APCALC-AB-FRQ-1974-01,frq,1974,AP Calculus AB,3,3.1 / 3.2 / prerequisite function analysis,APCALC-3.1 | APCALC-3.2,uncertain,not_applicable,incomplete,blocked,syntax_checked_not_source_verified,missing,uncertain,True,"Retained in the canonical/admin archive; excluded from student practice pending source, answer, KaTeX, and/or mapping verification."
APCALC-AB-FRQ-1974-02,frq,1974,AP Calculus AB,5,5.2 / 5.3 / 5.6,APCALC-5.2 | APCALC-5.3 | APCALC-5.6,uncertain,not_applicable,incomplete,blocked,syntax_checked_not_source_verified,missing,uncertain,True,"Retained in the canonical/admin archive; excluded from student practice pending source, answer, KaTeX, and/or mapping verification."
APCALC-AB-FRQ-1974-03,frq,1974,AP Calculus AB,2,2.1 / 2.3,APCALC-2.1 | APCALC-2.3,uncertain,not_applicable,incomplete,blocked,syntax_checked_not_source_verified,missing,uncertain,True,"Retained in the canonical/admin archive; excluded from student practice pending source, answer, KaTeX, and/or mapping verification."
APCALC-AB-FRQ-1974-04,frq,1974,AP Calculus AB,6,6.8,APCALC-6.8 | APCALC-2.2 | APCALC-4.1,uncertain,not_applicable,incomplete,blocked,syntax_checked_not_source_verified,missing,uncertain,True,"Retained in the canonical/admin archive; excluded from student practice pending source, answer, KaTeX, and/or mapping verification."
APCALC-AB-FRQ-1974-05,frq,1974,AP Calculus AB,5,5.10,APCALC-5.10 | APCALC-3.5 | APCALC-2.7,uncertain,not_applicable,incomplete,blocked,syntax_checked_not_source_verified,missing,uncertain,True,"Retained in the canonical/admin archive; excluded from student practice pending source, answer, KaTeX, and/or mapping verification."
APCALC-AB-FRQ-1974-06,frq,1974,AP Calculus AB,8,8.4,APCALC-8.4 | APCALC-6.10,uncertain,not_applicable,incomplete,blocked,syntax_checked_not_source_verified,missing,uncertain,True,"Retained in the canonical/admin archive; excluded from student practice pending source, answer, KaTeX, and/or mapping verification."
APCALC-AB-FRQ-1974-07,frq,1974,AP Calculus AB,7,7.2 / 7.8,APCALC-7.2 | APCALC-7.8 | APCALC-2.7,uncertain,not_applicable,incomplete,blocked,syntax_checked_not_source_verified,missing,uncertain,True,"Retained in the canonical/admin archive; excluded from student practice pending source, answer, KaTeX, and/or mapping verification."
APCALC-AB-FRQ-1975-01,frq,1975,AP Calculus AB,3,3.2 / prerequisite inverse functions,APCALC-3.2,uncertain,not_applicable,incomplete,blocked,syntax_checked_not_source_verified,missing,uncertain,True,"Retained in the canonical/admin archive; excluded from student practice pending source, answer, KaTeX, and/or mapping verification."
APCALC-AB-FRQ-1975-02,frq,1975,AP Calculus AB,4,4.2 / 4.3 / 4.4,APCALC-4.2 | APCALC-4.3 | APCALC-6.6,uncertain,not_applicable,incomplete,blocked,syntax_checked_not_source_verified,missing,uncertain,True,"Retained in the canonical/admin archive; excluded from student practice pending source, answer, KaTeX, and/or mapping verification."
APCALC-AB-FRQ-1975-03,frq,1975,AP Calculus AB,2,2.2 / 2.4 / 6.4,APCALC-1.10 | APCALC-2.2 | APCALC-6.4,uncertain,not_applicable,incomplete,blocked,syntax_checked_not_source_verified,missing,uncertain,True,"Retained in the canonical/admin archive; excluded from student practice pending source, answer, KaTeX, and/or mapping verification."
APCALC-AB-FRQ-1975-04,frq,1975,AP Calculus AB,5,5.2 / 5.6 / 5.8,APCALC-5.2 | APCALC-5.4 | APCALC-5.8,uncertain,not_applicable,incomplete,blocked,syntax_checked_not_source_verified,missing,uncertain,True,"Retained in the canonical/admin archive; excluded from student practice pending source, answer, KaTeX, and/or mapping verification."
APCALC-AB-FRQ-1975-05,frq,1975,AP Calculus AB,2,2.8 / 2.9,APCALC-2.5 | APCALC-2.9,uncertain,not_applicable,incomplete,blocked,syntax_checked_not_source_verified,missing,uncertain,True,"Retained in the canonical/admin archive; excluded from student practice pending source, answer, KaTeX, and/or mapping verification."
APCALC-AB-FRQ-1975-06,frq,1975,AP Calculus AB,8,8.4 / 8.9 / historical shell enrichment,APCALC-8.4 | APCALC-8.9 | APCALC-6.1,uncertain,not_applicable,incomplete,blocked,syntax_checked_not_source_verified,missing,uncertain,True,"Retained in the canonical/admin archive; excluded from student practice pending source, answer, KaTeX, and/or mapping verification."
APCALC-AB-FRQ-1975-07,frq,1975,AP Calculus AB,2,2.2 / 2.7 / Unit 7 connection,APCALC-2.2 | APCALC-2.7 | APCALC-7.6,uncertain,not_applicable,incomplete,blocked,syntax_checked_not_source_verified,missing,uncertain,True,"Retained in the canonical/admin archive; excluded from student practice pending source, answer, KaTeX, and/or mapping verification."
APCALC-AB-FRQ-1976-01,frq,1976,AP Calculus AB,2,2.1 / 2.2,APCALC-2.1 | APCALC-2.2 | APCALC-2.6,uncertain,not_applicable,incomplete,blocked,syntax_checked_not_source_verified,missing,uncertain,True,"Retained in the canonical/admin archive; excluded from student practice pending source, answer, KaTeX, and/or mapping verification."
APCALC-AB-FRQ-1976-02,frq,1976,AP Calculus AB,1,1.10 / prerequisite algebra,APCALC-1.10,uncertain,not_applicable,incomplete,blocked,syntax_checked_not_source_verified,missing,uncertain,True,"Retained in the canonical/admin archive; excluded from student practice pending source, answer, KaTeX, and/or mapping verification."
APCALC-AB-FRQ-1976-03,frq,1976,AP Calculus AB,8,8.4 / 8.7,APCALC-8.4 | APCALC-8.7,uncertain,not_applicable,incomplete,blocked,syntax_checked_not_source_verified,missing,uncertain,True,"Retained in the canonical/admin archive; excluded from student practice pending source, answer, KaTeX, and/or mapping verification."
APCALC-AB-FRQ-1976-04,frq,1976,AP Calculus AB,4,3.5 / 4.5,APCALC-3.5 | APCALC-4.5,uncertain,not_applicable,incomplete,blocked,syntax_checked_not_source_verified,missing,uncertain,True,"Retained in the canonical/admin archive; excluded from student practice pending source, answer, KaTeX, and/or mapping verification."
APCALC-AB-FRQ-1976-05,frq,1976,AP Calculus AB,5,5.3 / 5.4,APCALC-5.3 | APCALC-5.4,uncertain,not_applicable,incomplete,blocked,syntax_checked_not_source_verified,missing,uncertain,True,"Retained in the canonical/admin archive; excluded from student practice pending source, answer, KaTeX, and/or mapping verification."
APCALC-AB-FRQ-1976-06,frq,1976,AP Calculus AB,6,6.4 / 6.5,APCALC-6.4 | APCALC-6.5,uncertain,not_applicable,incomplete,blocked,syntax_checked_not_source_verified,missing,uncertain,True,"Retained in the canonical/admin archive; excluded from student practice pending source, answer, KaTeX, and/or mapping verification."
APCALC-AB-FRQ-1976-07,frq,1976,AP Calculus AB,2,2.2,APCALC-2.2 | APCALC-2.3,uncertain,not_applicable,incomplete,blocked,syntax_checked_not_source_verified,missing,uncertain,True,"Retained in the canonical/admin archive; excluded from student practice pending source, answer, KaTeX, and/or mapping verification."
APCALC-AB-FRQ-1977-01,frq,1977,AP Calculus AB,3,3.1 with prerequisite function analysis,APCALC-1.1 | APCALC-3.1 | APCALC-3.3,uncertain,not_applicable,incomplete,blocked,syntax_checked_not_source_verified,missing,uncertain,True,"Retained in the canonical/admin archive; excluded from student practice pending source, answer, KaTeX, and/or mapping verification."
APCALC-AB-FRQ-1977-02,frq,1977,AP Calculus AB,5,5.3 / 5.4 / 5.6,APCALC-5.3 | APCALC-5.4 | APCALC-5.6,uncertain,not_applicable,incomplete,blocked,syntax_checked_not_source_verified,missing,uncertain,True,"Retained in the canonical/admin archive; excluded from student practice pending source, answer, KaTeX, and/or mapping verification."
APCALC-AB-FRQ-1977-03,frq,1977,AP Calculus AB,8,8.4 / 8.8,APCALC-8.4 | APCALC-8.8 | APCALC-6.8,uncertain,not_applicable,incomplete,blocked,syntax_checked_not_source_verified,missing,uncertain,True,"Retained in the canonical/admin archive; excluded from student practice pending source, answer, KaTeX, and/or mapping verification."
APCALC-AB-FRQ-1977-04,frq,1977,AP Calculus AB,3,2.6 / 2.8 / 2.9 / 3.1 / 3.3,APCALC-2.8 | APCALC-2.9 | APCALC-3.1 | APCALC-3.3,uncertain,not_applicable,incomplete,blocked,syntax_checked_not_source_verified,missing,uncertain,True,"Retained in the canonical/admin archive; excluded from student practice pending source, answer, KaTeX, and/or mapping verification."
APCALC-AB-FRQ-1977-05,frq,1977,AP Calculus AB,4,4.2 / 5.4 / 6.8,APCALC-4.2 | APCALC-5.4 | APCALC-6.8,uncertain,not_applicable,incomplete,blocked,syntax_checked_not_source_verified,missing,uncertain,True,"Retained in the canonical/admin archive; excluded from student practice pending source, answer, KaTeX, and/or mapping verification."
APCALC-AB-FRQ-1977-06,frq,1977,AP Calculus AB,4,4.5,APCALC-4.5 | APCALC-3.2,uncertain,not_applicable,incomplete,blocked,syntax_checked_not_source_verified,missing,uncertain,True,"Retained in the canonical/admin archive; excluded from student practice pending source, answer, KaTeX, and/or mapping verification."
APCALC-AB-FRQ-1977-07,frq,1977,AP Calculus AB,2,2.2 / 2.4,APCALC-2.2 | APCALC-2.4 | APCALC-1.10,uncertain,not_applicable,incomplete,blocked,syntax_checked_not_source_verified,missing,uncertain,True,"Retained in the canonical/admin archive; excluded from student practice pending source, answer, KaTeX, and/or mapping verification."
APCALC-AB-FRQ-1978-01,frq,1978,AP Calculus AB,2,2.1 / 2.2 / 5.2,,uncertain,not_applicable,incomplete,blocked,syntax_checked_not_source_verified,missing,uncertain,True,"Retained in the canonical/admin archive; excluded from student practice pending source, answer, KaTeX, and/or mapping verification."
APCALC-AB-FRQ-1978-02,frq,1978,AP Calculus AB,3,3.1 / 3.3 / 5.6,,uncertain,not_applicable,incomplete,blocked,syntax_checked_not_source_verified,missing,uncertain,True,"Retained in the canonical/admin archive; excluded from student practice pending source, answer, KaTeX, and/or mapping verification."
APCALC-AB-FRQ-1978-03,frq,1978,AP Calculus AB,1,1.10 / 1.11 / 1.12,,uncertain,not_applicable,incomplete,blocked,syntax_checked_not_source_verified,missing,uncertain,True,"Retained in the canonical/admin archive; excluded from student practice pending source, answer, KaTeX, and/or mapping verification."
APCALC-AB-FRQ-1978-04,frq,1978,AP Calculus AB,4,4.2 / 6.4 / 6.8,,uncertain,not_applicable,incomplete,blocked,syntax_checked_not_source_verified,missing,uncertain,True,"Retained in the canonical/admin archive; excluded from student practice pending source, answer, KaTeX, and/or mapping verification."
APCALC-AB-FRQ-1978-05,frq,1978,AP Calculus AB,3,3.5 / 5.6,,uncertain,not_applicable,incomplete,blocked,syntax_checked_not_source_verified,missing,uncertain,True,"Retained in the canonical/admin archive; excluded from student practice pending source, answer, KaTeX, and/or mapping verification."
APCALC-AB-FRQ-1978-06,frq,1978,AP Calculus AB,5,5.10 / 8.9 with historical shell enrichment,,uncertain,not_applicable,incomplete,blocked,syntax_checked_not_source_verified,missing,uncertain,True,"Retained in the canonical/admin archive; excluded from student practice pending source, answer, KaTeX, and/or mapping verification."
APCALC-AB-FRQ-1978-07,frq,1978,AP Calculus AB,5,5.3 / 5.6,,uncertain,not_applicable,incomplete,blocked,syntax_checked_not_source_verified,missing,uncertain,True,"Retained in the canonical/admin archive; excluded from student practice pending source, answer, KaTeX, and/or mapping verification."
APCALC-AB-FRQ-1979-01,frq,1979,AP Calculus AB,2,2.1 / 2.2 / 5.2,,uncertain,not_applicable,incomplete,blocked,syntax_checked_not_source_verified,missing,uncertain,True,"Retained in the canonical/admin archive; excluded from student practice pending source, answer, KaTeX, and/or mapping verification."
APCALC-AB-FRQ-1979-02,frq,1979,AP Calculus AB,5,5.3 / 5.4,,uncertain,not_applicable,incomplete,blocked,syntax_checked_not_source_verified,missing,uncertain,True,"Retained in the canonical/admin archive; excluded from student practice pending source, answer, KaTeX, and/or mapping verification."
APCALC-AB-FRQ-1979-03,frq,1979,AP Calculus AB,5,5.10,APCALC-5.10,uncertain,not_applicable,incomplete,blocked,syntax_checked_not_source_verified,missing,uncertain,True,"Retained in the canonical/admin archive; excluded from student practice pending source, answer, KaTeX, and/or mapping verification."
APCALC-AB-FRQ-1979-04,frq,1979,AP Calculus AB,4,4.2 / 4.3,,uncertain,not_applicable,incomplete,blocked,syntax_checked_not_source_verified,missing,uncertain,True,"Retained in the canonical/admin archive; excluded from student practice pending source, answer, KaTeX, and/or mapping verification."
APCALC-AB-FRQ-1979-05,frq,1979,AP Calculus AB,8,6.10 / 8.4 with historical shell enrichment,,uncertain,not_applicable,incomplete,blocked,syntax_checked_not_source_verified,missing,uncertain,True,"Retained in the canonical/admin archive; excluded from student practice pending source, answer, KaTeX, and/or mapping verification."
APCALC-AB-FRQ-1979-06,frq,1979,AP Calculus AB,1,1.10 / 2.2,,uncertain,not_applicable,incomplete,blocked,syntax_checked_not_source_verified,missing,uncertain,True,"Retained in the canonical/admin archive; excluded from student practice pending source, answer, KaTeX, and/or mapping verification."
APCALC-AB-FRQ-1979-07,frq,1979,AP Calculus AB,5,5.6 / 5.1,,uncertain,not_applicable,incomplete,blocked,syntax_checked_not_source_verified,missing,uncertain,True,"Retained in the canonical/admin archive; excluded from student practice pending source, answer, KaTeX, and/or mapping verification."
APCALC-AB-FRQ-1980-01,frq,1980,AP Calculus AB,8,8.4 / 8.8,,uncertain,not_applicable,incomplete,blocked,syntax_checked_not_source_verified,missing,uncertain,True,"Retained in the canonical/admin archive; excluded from student practice pending source, answer, KaTeX, and/or mapping verification."
APCALC-AB-FRQ-1980-02,frq,1980,AP Calculus AB,5,5.10 / 4.5,,uncertain,not_applicable,incomplete,blocked,syntax_checked_not_source_verified,missing,uncertain,True,"Retained in the canonical/admin archive; excluded from student practice pending source, answer, KaTeX, and/or mapping verification."
APCALC-AB-FRQ-1980-03,frq,1980,AP Calculus AB,3,3.1 / prerequisite function analysis,,uncertain,not_applicable,incomplete,blocked,syntax_checked_not_source_verified,missing,uncertain,True,"Retained in the canonical/admin archive; excluded from student practice pending source, answer, KaTeX, and/or mapping verification."
APCALC-AB-FRQ-1980-04,frq,1980,AP Calculus AB,4,4.2 / 6.4,,uncertain,not_applicable,incomplete,blocked,syntax_checked_not_source_verified,missing,uncertain,True,"Retained in the canonical/admin archive; excluded from student practice pending source, answer, KaTeX, and/or mapping verification."
APCALC-AB-FRQ-1980-05,frq,1980,AP Calculus AB,5,5.3 / 5.4,,uncertain,not_applicable,incomplete,blocked,syntax_checked_not_source_verified,missing,uncertain,True,"Retained in the canonical/admin archive; excluded from student practice pending source, answer, KaTeX, and/or mapping verification."
APCALC-AB-FRQ-1980-06,frq,1980,AP Calculus AB,3,3.5 / 1.10,,uncertain,not_applicable,incomplete,blocked,syntax_checked_not_source_verified,missing,uncertain,True,"Retained in the canonical/admin archive; excluded from student practice pending source, answer, KaTeX, and/or mapping verification."
APCALC-AB-FRQ-1980-07,frq,1980,AP Calculus AB,1,1.10 / 2.2,,uncertain,not_applicable,incomplete,blocked,syntax_checked_not_source_verified,missing,uncertain,True,"Retained in the canonical/admin archive; excluded from student practice pending source, answer, KaTeX, and/or mapping verification."
APCALC-LEGACY-MCQ-1985-033,mcq,1985,AP Calculus AB,5,5.9,APCALC-5.9,verified,verified,verified,verified,verified,blocked,verified,True,Complete independent source and mathematical verification passed. Required source/choice visual is unavailable in a student-usable form; the record is preserved as teacher/archive-only until exact media is supplied.
APCALC-LEGACY-MCQ-1988-030,mcq,1988,AP Calculus AB,,BC Enrichment,,verified,verified,verified,verified,verified,not_required,unmapped,True,Cylindrical shells are not in the current AP Calculus AB/BC course framework used by the portal.
APCALC-LEGACY-MCQ-1993-020,mcq,1993,AP Calculus AB,,Historical Enrichment,,verified,verified,verified,verified,verified,not_required,unmapped,True,Cylindrical shells are not in the current AP Calculus AB/BC course framework used by the portal.
APCALC-LEGACY-MCQ-1993-040,mcq,1993,AP Calculus AB,,Prerequisite,APCALC-PREREQUISITE,verified,verified,verified,verified,verified,blocked,verified,True,Complete independent source and mathematical verification passed. Required source/choice visual is unavailable in a student-usable form; the record is preserved as teacher/archive-only until exact media is supplied.
APCALC-LEGACY-MCQ-1993-045,mcq,1993,AP Calculus AB,,Historical Enrichment,,verified,verified,verified,verified,verified,not_required,unmapped,True,Newton's method is historical enrichment without a verified current lesson mapping.
APCALC-LEGACY-MCQ-1997-011,mcq,1997,AP Calculus AB,5,5.9,APCALC-5.9,verified,verified,verified,verified,verified,blocked,verified,True,Complete independent source and mathematical verification passed. Required source/choice visual is unavailable in a student-usable form; the record is preserved as teacher/archive-only until exact media is supplied.
APCALC-LEGACY-MCQ-1997-088,mcq,1997,AP Calculus AB,6,6.5,APCALC-6.5,verified,verified,verified,verified,verified,blocked,verified,True,Complete independent source and mathematical verification passed. Required source/choice visual is unavailable in a student-usable form; the record is preserved as teacher/archive-only until exact media is supplied.
APCALC-LEGACY-MCQ-1998-009,mcq,1998,AP Calculus AB,6,6.2,APCALC-6.2,verified,verified,verified,verified,verified,blocked,verified,True,Complete independent source and mathematical verification passed. Required source/choice visual is unavailable in a student-usable form; the record is preserved as teacher/archive-only until exact media is supplied.
APCALC-LEGACY-MCQ-1998-023,mcq,1998,AP Calculus AB,5,5.9,APCALC-5.9,verified,verified,verified,verified,verified,blocked,verified,True,Complete independent source and mathematical verification passed. Required source/choice visual is unavailable in a student-usable form; the record is preserved as teacher/archive-only until exact media is supplied.
APCALC-LEGACY-BC-MCQ-1969-001,mcq,1969,AP Calculus BC,,,,incomplete,incomplete,uncertain,blocked,syntax_checked_not_source_verified,not_required,uncertain,True,"Retained in the canonical/admin archive; excluded from student practice pending source, answer, KaTeX, and/or mapping verification."
APCALC-LEGACY-BC-MCQ-1969-002,mcq,1969,AP Calculus BC,,,,incomplete,incomplete,uncertain,blocked,syntax_checked_not_source_verified,not_required,uncertain,True,"Retained in the canonical/admin archive; excluded from student practice pending source, answer, KaTeX, and/or mapping verification."
APCALC-LEGACY-BC-MCQ-1969-003,mcq,1969,AP Calculus BC,,,,incomplete,incomplete,uncertain,blocked,syntax_checked_not_source_verified,not_required,uncertain,True,"Retained in the canonical/admin archive; excluded from student practice pending source, answer, KaTeX, and/or mapping verification."
APCALC-LEGACY-BC-MCQ-1969-004,mcq,1969,AP Calculus BC,,,,incomplete,incomplete,uncertain,blocked,syntax_checked_not_source_verified,not_required,uncertain,True,"Retained in the canonical/admin archive; excluded from student practice pending source, answer, KaTeX, and/or mapping verification."
APCALC-LEGACY-BC-MCQ-1969-005,mcq,1969,AP Calculus BC,,,,incomplete,incomplete,uncertain,blocked,syntax_checked_not_source_verified,not_required,uncertain,True,"Retained in the canonical/admin archive; excluded from student practice pending source, answer, KaTeX, and/or mapping verification."
APCALC-LEGACY-BC-MCQ-1969-006,mcq,1969,AP Calculus BC,,,,incomplete,incomplete,uncertain,blocked,syntax_checked_not_source_verified,not_required,uncertain,True,"Retained in the canonical/admin archive; excluded from student practice pending source, answer, KaTeX, and/or mapping verification."
APCALC-LEGACY-BC-MCQ-1969-007,mcq,1969,AP Calculus BC,,,,incomplete,incomplete,uncertain,blocked,syntax_checked_not_source_verified,not_required,uncertain,True,"Retained in the canonical/admin archive; excluded from student practice pending source, answer, KaTeX, and/or mapping verification."
APCALC-LEGACY-BC-MCQ-1969-008,mcq,1969,AP Calculus BC,,,,incomplete,incomplete,uncertain,blocked,syntax_checked_not_source_verified,not_required,uncertain,True,"Retained in the canonical/admin archive; excluded from student practice pending source, answer, KaTeX, and/or mapping verification."
APCALC-LEGACY-BC-MCQ-1969-009,mcq,1969,AP Calculus BC,,,,incomplete,incomplete,uncertain,blocked,syntax_checked_not_source_verified,not_required,uncertain,True,"Retained in the canonical/admin archive; excluded from student practice pending source, answer, KaTeX, and/or mapping verification."
APCALC-LEGACY-BC-MCQ-1969-010,mcq,1969,AP Calculus BC,,,,incomplete,incomplete,uncertain,blocked,syntax_checked_not_source_verified,not_required,uncertain,True,"Retained in the canonical/admin archive; excluded from student practice pending source, answer, KaTeX, and/or mapping verification."
APCALC-LEGACY-BC-MCQ-1969-011,mcq,1969,AP Calculus BC,,,,incomplete,incomplete,uncertain,blocked,syntax_checked_not_source_verified,not_required,uncertain,True,"Retained in the canonical/admin archive; excluded from student practice pending source, answer, KaTeX, and/or mapping verification."
APCALC-LEGACY-BC-MCQ-1969-012,mcq,1969,AP Calculus BC,,,,incomplete,incomplete,uncertain,blocked,syntax_checked_not_source_verified,not_required,uncertain,True,"Retained in the canonical/admin archive; excluded from student practice pending source, answer, KaTeX, and/or mapping verification."
APCALC-LEGACY-BC-MCQ-1969-013,mcq,1969,AP Calculus BC,,,,incomplete,incomplete,uncertain,blocked,syntax_checked_not_source_verified,not_required,uncertain,True,"Retained in the canonical/admin archive; excluded from student practice pending source, answer, KaTeX, and/or mapping verification."
APCALC-LEGACY-BC-MCQ-1969-014,mcq,1969,AP Calculus BC,,,,incomplete,incomplete,uncertain,blocked,syntax_checked_not_source_verified,not_required,uncertain,True,"Retained in the canonical/admin archive; excluded from student practice pending source, answer, KaTeX, and/or mapping verification."
APCALC-LEGACY-BC-MCQ-1969-015,mcq,1969,AP Calculus BC,,,,incomplete,incomplete,uncertain,blocked,syntax_checked_not_source_verified,not_required,uncertain,True,"Retained in the canonical/admin archive; excluded from student practice pending source, answer, KaTeX, and/or mapping verification."
APCALC-LEGACY-BC-MCQ-1969-016,mcq,1969,AP Calculus BC,,,,incomplete,incomplete,uncertain,blocked,syntax_checked_not_source_verified,not_required,uncertain,True,"Retained in the canonical/admin archive; excluded from student practice pending source, answer, KaTeX, and/or mapping verification."
APCALC-LEGACY-BC-MCQ-1969-017,mcq,1969,AP Calculus BC,,,,incomplete,incomplete,uncertain,blocked,syntax_checked_not_source_verified,not_required,uncertain,True,"Retained in the canonical/admin archive; excluded from student practice pending source, answer, KaTeX, and/or mapping verification."
APCALC-LEGACY-BC-MCQ-1969-018,mcq,1969,AP Calculus BC,,,,incomplete,incomplete,uncertain,blocked,syntax_checked_not_source_verified,not_required,uncertain,True,"Retained in the canonical/admin archive; excluded from student practice pending source, answer, KaTeX, and/or mapping verification."
APCALC-LEGACY-BC-MCQ-1969-019,mcq,1969,AP Calculus BC,,,,incomplete,incomplete,uncertain,blocked,syntax_checked_not_source_verified,not_required,uncertain,True,"Retained in the canonical/admin archive; excluded from student practice pending source, answer, KaTeX, and/or mapping verification."
APCALC-LEGACY-BC-MCQ-1969-020,mcq,1969,AP Calculus BC,,,,incomplete,incomplete,uncertain,blocked,syntax_checked_not_source_verified,not_required,uncertain,True,"Retained in the canonical/admin archive; excluded from student practice pending source, answer, KaTeX, and/or mapping verification."
APCALC-LEGACY-BC-MCQ-1969-021,mcq,1969,AP Calculus BC,,,,incomplete,incomplete,uncertain,blocked,syntax_checked_not_source_verified,not_required,uncertain,True,"Retained in the canonical/admin archive; excluded from student practice pending source, answer, KaTeX, and/or mapping verification."
APCALC-LEGACY-BC-MCQ-1969-022,mcq,1969,AP Calculus BC,,,,incomplete,incomplete,uncertain,blocked,syntax_checked_not_source_verified,not_required,uncertain,True,"Retained in the canonical/admin archive; excluded from student practice pending source, answer, KaTeX, and/or mapping verification."
APCALC-LEGACY-BC-MCQ-1969-023,mcq,1969,AP Calculus BC,,,,incomplete,incomplete,uncertain,blocked,syntax_checked_not_source_verified,not_required,uncertain,True,"Retained in the canonical/admin archive; excluded from student practice pending source, answer, KaTeX, and/or mapping verification."
APCALC-LEGACY-BC-MCQ-1969-024,mcq,1969,AP Calculus BC,,,,incomplete,incomplete,uncertain,blocked,syntax_checked_not_source_verified,not_required,uncertain,True,"Retained in the canonical/admin archive; excluded from student practice pending source, answer, KaTeX, and/or mapping verification."
APCALC-LEGACY-BC-MCQ-1969-025,mcq,1969,AP Calculus BC,,,,incomplete,incomplete,uncertain,blocked,syntax_checked_not_source_verified,not_required,uncertain,True,"Retained in the canonical/admin archive; excluded from student practice pending source, answer, KaTeX, and/or mapping verification."
APCALC-LEGACY-BC-MCQ-1969-026,mcq,1969,AP Calculus BC,,,,incomplete,incomplete,uncertain,blocked,syntax_checked_not_source_verified,not_required,uncertain,True,"Retained in the canonical/admin archive; excluded from student practice pending source, answer, KaTeX, and/or mapping verification."
APCALC-LEGACY-BC-MCQ-1969-027,mcq,1969,AP Calculus BC,,,,incomplete,incomplete,uncertain,blocked,syntax_checked_not_source_verified,not_required,uncertain,True,"Retained in the canonical/admin archive; excluded from student practice pending source, answer, KaTeX, and/or mapping verification."
APCALC-LEGACY-BC-MCQ-1969-028,mcq,1969,AP Calculus BC,,,,incomplete,incomplete,uncertain,blocked,syntax_checked_not_source_verified,not_required,uncertain,True,"Retained in the canonical/admin archive; excluded from student practice pending source, answer, KaTeX, and/or mapping verification."
APCALC-LEGACY-BC-MCQ-1969-029,mcq,1969,AP Calculus BC,,,,incomplete,incomplete,uncertain,blocked,syntax_checked_not_source_verified,not_required,uncertain,True,"Retained in the canonical/admin archive; excluded from student practice pending source, answer, KaTeX, and/or mapping verification."
APCALC-LEGACY-BC-MCQ-1969-030,mcq,1969,AP Calculus BC,,,,incomplete,incomplete,uncertain,blocked,syntax_checked_not_source_verified,not_required,uncertain,True,"Retained in the canonical/admin archive; excluded from student practice pending source, answer, KaTeX, and/or mapping verification."
APCALC-LEGACY-BC-MCQ-1969-031,mcq,1969,AP Calculus BC,,,,incomplete,incomplete,uncertain,blocked,syntax_checked_not_source_verified,not_required,uncertain,True,"Retained in the canonical/admin archive; excluded from student practice pending source, answer, KaTeX, and/or mapping verification."
APCALC-LEGACY-BC-MCQ-1969-032,mcq,1969,AP Calculus BC,,,,incomplete,incomplete,uncertain,blocked,syntax_checked_not_source_verified,not_required,uncertain,True,"Retained in the canonical/admin archive; excluded from student practice pending source, answer, KaTeX, and/or mapping verification."
APCALC-LEGACY-BC-MCQ-1969-033,mcq,1969,AP Calculus BC,,,,incomplete,incomplete,uncertain,blocked,syntax_checked_not_source_verified,not_required,uncertain,True,"Retained in the canonical/admin archive; excluded from student practice pending source, answer, KaTeX, and/or mapping verification."
APCALC-LEGACY-BC-MCQ-1969-034,mcq,1969,AP Calculus BC,,,,incomplete,incomplete,uncertain,blocked,syntax_checked_not_source_verified,not_required,uncertain,True,"Retained in the canonical/admin archive; excluded from student practice pending source, answer, KaTeX, and/or mapping verification."
APCALC-LEGACY-BC-MCQ-1969-035,mcq,1969,AP Calculus BC,,,,incomplete,incomplete,uncertain,blocked,syntax_checked_not_source_verified,not_required,uncertain,True,"Retained in the canonical/admin archive; excluded from student practice pending source, answer, KaTeX, and/or mapping verification."
APCALC-LEGACY-BC-MCQ-1969-036,mcq,1969,AP Calculus BC,,,,incomplete,incomplete,uncertain,blocked,syntax_checked_not_source_verified,not_required,uncertain,True,"Retained in the canonical/admin archive; excluded from student practice pending source, answer, KaTeX, and/or mapping verification."
APCALC-LEGACY-BC-MCQ-1969-037,mcq,1969,AP Calculus BC,,,,incomplete,incomplete,uncertain,blocked,syntax_checked_not_source_verified,not_required,uncertain,True,"Retained in the canonical/admin archive; excluded from student practice pending source, answer, KaTeX, and/or mapping verification."
APCALC-LEGACY-BC-MCQ-1969-038,mcq,1969,AP Calculus BC,,,,incomplete,incomplete,uncertain,blocked,syntax_checked_not_source_verified,not_required,uncertain,True,"Retained in the canonical/admin archive; excluded from student practice pending source, answer, KaTeX, and/or mapping verification."
APCALC-LEGACY-BC-MCQ-1969-039,mcq,1969,AP Calculus BC,,,,incomplete,incomplete,uncertain,blocked,syntax_checked_not_source_verified,not_required,uncertain,True,"Retained in the canonical/admin archive; excluded from student practice pending source, answer, KaTeX, and/or mapping verification."
APCALC-LEGACY-BC-MCQ-1969-040,mcq,1969,AP Calculus BC,,,,incomplete,incomplete,uncertain,blocked,syntax_checked_not_source_verified,not_required,uncertain,True,"Retained in the canonical/admin archive; excluded from student practice pending source, answer, KaTeX, and/or mapping verification."
APCALC-LEGACY-BC-MCQ-1969-041,mcq,1969,AP Calculus BC,,,,incomplete,incomplete,uncertain,blocked,syntax_checked_not_source_verified,not_required,uncertain,True,"Retained in the canonical/admin archive; excluded from student practice pending source, answer, KaTeX, and/or mapping verification."
APCALC-LEGACY-BC-MCQ-1969-042,mcq,1969,AP Calculus BC,,,,incomplete,incomplete,uncertain,blocked,syntax_checked_not_source_verified,not_required,uncertain,True,"Retained in the canonical/admin archive; excluded from student practice pending source, answer, KaTeX, and/or mapping verification."
APCALC-LEGACY-BC-MCQ-1969-043,mcq,1969,AP Calculus BC,,,,incomplete,incomplete,uncertain,blocked,syntax_checked_not_source_verified,not_required,uncertain,True,"Retained in the canonical/admin archive; excluded from student practice pending source, answer, KaTeX, and/or mapping verification."
APCALC-LEGACY-BC-MCQ-1969-044,mcq,1969,AP Calculus BC,,,,incomplete,incomplete,uncertain,blocked,syntax_checked_not_source_verified,not_required,uncertain,True,"Retained in the canonical/admin archive; excluded from student practice pending source, answer, KaTeX, and/or mapping verification."
APCALC-LEGACY-BC-MCQ-1969-045,mcq,1969,AP Calculus BC,,,,incomplete,incomplete,uncertain,blocked,syntax_checked_not_source_verified,not_required,uncertain,True,"Retained in the canonical/admin archive; excluded from student practice pending source, answer, KaTeX, and/or mapping verification."
APCALC-LEGACY-BC-MCQ-1973-001,mcq,1973,AP Calculus BC,,,,incomplete,incomplete,uncertain,blocked,syntax_checked_not_source_verified,not_required,uncertain,True,"Retained in the canonical/admin archive; excluded from student practice pending source, answer, KaTeX, and/or mapping verification."
APCALC-LEGACY-BC-MCQ-1973-002,mcq,1973,AP Calculus BC,,,,incomplete,incomplete,uncertain,blocked,syntax_checked_not_source_verified,not_required,uncertain,True,"Retained in the canonical/admin archive; excluded from student practice pending source, answer, KaTeX, and/or mapping verification."
APCALC-LEGACY-BC-MCQ-1973-003,mcq,1973,AP Calculus BC,,,,incomplete,incomplete,uncertain,blocked,syntax_checked_not_source_verified,not_required,uncertain,True,"Retained in the canonical/admin archive; excluded from student practice pending source, answer, KaTeX, and/or mapping verification."
APCALC-LEGACY-BC-MCQ-1973-004,mcq,1973,AP Calculus BC,,,,incomplete,incomplete,uncertain,blocked,syntax_checked_not_source_verified,not_required,uncertain,True,"Retained in the canonical/admin archive; excluded from student practice pending source, answer, KaTeX, and/or mapping verification."
APCALC-LEGACY-BC-MCQ-1973-005,mcq,1973,AP Calculus BC,,,,incomplete,incomplete,uncertain,blocked,syntax_checked_not_source_verified,not_required,uncertain,True,"Retained in the canonical/admin archive; excluded from student practice pending source, answer, KaTeX, and/or mapping verification."
APCALC-LEGACY-BC-MCQ-1973-006,mcq,1973,AP Calculus BC,,,,incomplete,incomplete,uncertain,blocked,syntax_checked_not_source_verified,not_required,uncertain,True,"Retained in the canonical/admin archive; excluded from student practice pending source, answer, KaTeX, and/or mapping verification."
APCALC-LEGACY-BC-MCQ-1973-007,mcq,1973,AP Calculus BC,,,,incomplete,incomplete,uncertain,blocked,syntax_checked_not_source_verified,not_required,uncertain,True,"Retained in the canonical/admin archive; excluded from student practice pending source, answer, KaTeX, and/or mapping verification."
APCALC-LEGACY-BC-MCQ-1973-008,mcq,1973,AP Calculus BC,,,,incomplete,incomplete,uncertain,blocked,syntax_checked_not_source_verified,not_required,uncertain,True,"Retained in the canonical/admin archive; excluded from student practice pending source, answer, KaTeX, and/or mapping verification."
APCALC-LEGACY-BC-MCQ-1973-009,mcq,1973,AP Calculus BC,,,,incomplete,incomplete,uncertain,blocked,syntax_checked_not_source_verified,not_required,uncertain,True,"Retained in the canonical/admin archive; excluded from student practice pending source, answer, KaTeX, and/or mapping verification."
APCALC-LEGACY-BC-MCQ-1973-010,mcq,1973,AP Calculus BC,,,,incomplete,incomplete,uncertain,blocked,syntax_checked_not_source_verified,not_required,uncertain,True,"Retained in the canonical/admin archive; excluded from student practice pending source, answer, KaTeX, and/or mapping verification."
APCALC-LEGACY-BC-MCQ-1973-011,mcq,1973,AP Calculus BC,,,,incomplete,incomplete,uncertain,blocked,syntax_checked_not_source_verified,not_required,uncertain,True,"Retained in the canonical/admin archive; excluded from student practice pending source, answer, KaTeX, and/or mapping verification."
APCALC-LEGACY-BC-MCQ-1973-012,mcq,1973,AP Calculus BC,,,,incomplete,incomplete,uncertain,blocked,syntax_checked_not_source_verified,not_required,uncertain,True,"Retained in the canonical/admin archive; excluded from student practice pending source, answer, KaTeX, and/or mapping verification."
APCALC-LEGACY-BC-MCQ-1973-013,mcq,1973,AP Calculus BC,,,,incomplete,incomplete,uncertain,blocked,syntax_checked_not_source_verified,not_required,uncertain,True,"Retained in the canonical/admin archive; excluded from student practice pending source, answer, KaTeX, and/or mapping verification."
APCALC-LEGACY-BC-MCQ-1973-014,mcq,1973,AP Calculus BC,,,,incomplete,incomplete,uncertain,blocked,syntax_checked_not_source_verified,not_required,uncertain,True,"Retained in the canonical/admin archive; excluded from student practice pending source, answer, KaTeX, and/or mapping verification."
APCALC-LEGACY-BC-MCQ-1973-015,mcq,1973,AP Calculus BC,,,,incomplete,incomplete,uncertain,blocked,syntax_checked_not_source_verified,not_required,uncertain,True,"Retained in the canonical/admin archive; excluded from student practice pending source, answer, KaTeX, and/or mapping verification."
APCALC-LEGACY-BC-MCQ-1973-016,mcq,1973,AP Calculus BC,,,,incomplete,incomplete,uncertain,blocked,syntax_checked_not_source_verified,not_required,uncertain,True,"Retained in the canonical/admin archive; excluded from student practice pending source, answer, KaTeX, and/or mapping verification."
APCALC-LEGACY-BC-MCQ-1973-017,mcq,1973,AP Calculus BC,,,,incomplete,incomplete,uncertain,blocked,syntax_checked_not_source_verified,not_required,uncertain,True,"Retained in the canonical/admin archive; excluded from student practice pending source, answer, KaTeX, and/or mapping verification."
APCALC-LEGACY-BC-MCQ-1973-018,mcq,1973,AP Calculus BC,,,,incomplete,incomplete,uncertain,blocked,syntax_checked_not_source_verified,not_required,uncertain,True,"Retained in the canonical/admin archive; excluded from student practice pending source, answer, KaTeX, and/or mapping verification."
APCALC-LEGACY-BC-MCQ-1973-019,mcq,1973,AP Calculus BC,,,,incomplete,incomplete,uncertain,blocked,syntax_checked_not_source_verified,not_required,uncertain,True,"Retained in the canonical/admin archive; excluded from student practice pending source, answer, KaTeX, and/or mapping verification."
APCALC-LEGACY-BC-MCQ-1973-020,mcq,1973,AP Calculus BC,,,,incomplete,incomplete,uncertain,blocked,syntax_checked_not_source_verified,not_required,uncertain,True,"Retained in the canonical/admin archive; excluded from student practice pending source, answer, KaTeX, and/or mapping verification."
APCALC-LEGACY-BC-MCQ-1973-021,mcq,1973,AP Calculus BC,,,,incomplete,incomplete,uncertain,blocked,syntax_checked_not_source_verified,not_required,uncertain,True,"Retained in the canonical/admin archive; excluded from student practice pending source, answer, KaTeX, and/or mapping verification."
APCALC-LEGACY-BC-MCQ-1973-022,mcq,1973,AP Calculus BC,,,,incomplete,incomplete,uncertain,blocked,syntax_checked_not_source_verified,not_required,uncertain,True,"Retained in the canonical/admin archive; excluded from student practice pending source, answer, KaTeX, and/or mapping verification."
APCALC-LEGACY-BC-MCQ-1973-023,mcq,1973,AP Calculus BC,,,,incomplete,incomplete,uncertain,blocked,syntax_checked_not_source_verified,not_required,uncertain,True,"Retained in the canonical/admin archive; excluded from student practice pending source, answer, KaTeX, and/or mapping verification."
APCALC-LEGACY-BC-MCQ-1973-024,mcq,1973,AP Calculus BC,,,,incomplete,incomplete,uncertain,blocked,syntax_checked_not_source_verified,not_required,uncertain,True,"Retained in the canonical/admin archive; excluded from student practice pending source, answer, KaTeX, and/or mapping verification."
APCALC-LEGACY-BC-MCQ-1973-025,mcq,1973,AP Calculus BC,,,,incomplete,incomplete,uncertain,blocked,syntax_checked_not_source_verified,not_required,uncertain,True,"Retained in the canonical/admin archive; excluded from student practice pending source, answer, KaTeX, and/or mapping verification."
APCALC-LEGACY-BC-MCQ-1973-026,mcq,1973,AP Calculus BC,,,,incomplete,incomplete,uncertain,blocked,syntax_checked_not_source_verified,not_required,uncertain,True,"Retained in the canonical/admin archive; excluded from student practice pending source, answer, KaTeX, and/or mapping verification."
APCALC-LEGACY-BC-MCQ-1973-027,mcq,1973,AP Calculus BC,,,,incomplete,incomplete,uncertain,blocked,syntax_checked_not_source_verified,not_required,uncertain,True,"Retained in the canonical/admin archive; excluded from student practice pending source, answer, KaTeX, and/or mapping verification."
APCALC-LEGACY-BC-MCQ-1973-028,mcq,1973,AP Calculus BC,,,,incomplete,incomplete,uncertain,blocked,syntax_checked_not_source_verified,not_required,uncertain,True,"Retained in the canonical/admin archive; excluded from student practice pending source, answer, KaTeX, and/or mapping verification."
APCALC-LEGACY-BC-MCQ-1973-029,mcq,1973,AP Calculus BC,,,,incomplete,incomplete,uncertain,blocked,syntax_checked_not_source_verified,not_required,uncertain,True,"Retained in the canonical/admin archive; excluded from student practice pending source, answer, KaTeX, and/or mapping verification."
APCALC-LEGACY-BC-MCQ-1973-030,mcq,1973,AP Calculus BC,,,,incomplete,incomplete,uncertain,blocked,syntax_checked_not_source_verified,not_required,uncertain,True,"Retained in the canonical/admin archive; excluded from student practice pending source, answer, KaTeX, and/or mapping verification."
APCALC-LEGACY-BC-MCQ-1973-031,mcq,1973,AP Calculus BC,,,,incomplete,incomplete,uncertain,blocked,syntax_checked_not_source_verified,not_required,uncertain,True,"Retained in the canonical/admin archive; excluded from student practice pending source, answer, KaTeX, and/or mapping verification."
APCALC-LEGACY-BC-MCQ-1973-032,mcq,1973,AP Calculus BC,,,,incomplete,incomplete,uncertain,blocked,syntax_checked_not_source_verified,not_required,uncertain,True,"Retained in the canonical/admin archive; excluded from student practice pending source, answer, KaTeX, and/or mapping verification."
APCALC-LEGACY-BC-MCQ-1973-033,mcq,1973,AP Calculus BC,,,,incomplete,incomplete,uncertain,blocked,syntax_checked_not_source_verified,not_required,uncertain,True,"Retained in the canonical/admin archive; excluded from student practice pending source, answer, KaTeX, and/or mapping verification."
APCALC-LEGACY-BC-MCQ-1973-034,mcq,1973,AP Calculus BC,,,,incomplete,incomplete,uncertain,blocked,syntax_checked_not_source_verified,not_required,uncertain,True,"Retained in the canonical/admin archive; excluded from student practice pending source, answer, KaTeX, and/or mapping verification."
APCALC-LEGACY-BC-MCQ-1973-035,mcq,1973,AP Calculus BC,,,,incomplete,incomplete,uncertain,blocked,syntax_checked_not_source_verified,not_required,uncertain,True,"Retained in the canonical/admin archive; excluded from student practice pending source, answer, KaTeX, and/or mapping verification."
APCALC-LEGACY-BC-MCQ-1973-036,mcq,1973,AP Calculus BC,,,,incomplete,incomplete,uncertain,blocked,syntax_checked_not_source_verified,not_required,uncertain,True,"Retained in the canonical/admin archive; excluded from student practice pending source, answer, KaTeX, and/or mapping verification."
APCALC-LEGACY-BC-MCQ-1973-037,mcq,1973,AP Calculus BC,,,,incomplete,incomplete,uncertain,blocked,syntax_checked_not_source_verified,not_required,uncertain,True,"Retained in the canonical/admin archive; excluded from student practice pending source, answer, KaTeX, and/or mapping verification."
APCALC-LEGACY-BC-MCQ-1973-038,mcq,1973,AP Calculus BC,,,,incomplete,incomplete,uncertain,blocked,syntax_checked_not_source_verified,not_required,uncertain,True,"Retained in the canonical/admin archive; excluded from student practice pending source, answer, KaTeX, and/or mapping verification."
APCALC-LEGACY-BC-MCQ-1973-039,mcq,1973,AP Calculus BC,,,,incomplete,incomplete,uncertain,blocked,syntax_checked_not_source_verified,not_required,uncertain,True,"Retained in the canonical/admin archive; excluded from student practice pending source, answer, KaTeX, and/or mapping verification."
APCALC-LEGACY-BC-MCQ-1973-040,mcq,1973,AP Calculus BC,,,,incomplete,incomplete,uncertain,blocked,syntax_checked_not_source_verified,not_required,uncertain,True,"Retained in the canonical/admin archive; excluded from student practice pending source, answer, KaTeX, and/or mapping verification."
APCALC-LEGACY-BC-MCQ-1973-041,mcq,1973,AP Calculus BC,,,,incomplete,incomplete,uncertain,blocked,syntax_checked_not_source_verified,not_required,uncertain,True,"Retained in the canonical/admin archive; excluded from student practice pending source, answer, KaTeX, and/or mapping verification."
APCALC-LEGACY-BC-MCQ-1973-042,mcq,1973,AP Calculus BC,,,,incomplete,incomplete,uncertain,blocked,syntax_checked_not_source_verified,not_required,uncertain,True,"Retained in the canonical/admin archive; excluded from student practice pending source, answer, KaTeX, and/or mapping verification."
APCALC-LEGACY-BC-MCQ-1973-043,mcq,1973,AP Calculus BC,,,,incomplete,incomplete,uncertain,blocked,syntax_checked_not_source_verified,not_required,uncertain,True,"Retained in the canonical/admin archive; excluded from student practice pending source, answer, KaTeX, and/or mapping verification."
APCALC-LEGACY-BC-MCQ-1973-044,mcq,1973,AP Calculus BC,,,,incomplete,incomplete,uncertain,blocked,syntax_checked_not_source_verified,not_required,uncertain,True,"Retained in the canonical/admin archive; excluded from student practice pending source, answer, KaTeX, and/or mapping verification."
APCALC-LEGACY-BC-MCQ-1973-045,mcq,1973,AP Calculus BC,,,,incomplete,incomplete,uncertain,blocked,syntax_checked_not_source_verified,not_required,uncertain,True,"Retained in the canonical/admin archive; excluded from student practice pending source, answer, KaTeX, and/or mapping verification."
APCALC-LEGACY-BC-MCQ-1985-001,mcq,1985,AP Calculus BC,,,,incomplete,incomplete,uncertain,blocked,syntax_checked_not_source_verified,not_required,uncertain,True,"Retained in the canonical/admin archive; excluded from student practice pending source, answer, KaTeX, and/or mapping verification."
APCALC-LEGACY-BC-MCQ-1985-002,mcq,1985,AP Calculus BC,,,,incomplete,incomplete,uncertain,blocked,syntax_checked_not_source_verified,not_required,uncertain,True,"Retained in the canonical/admin archive; excluded from student practice pending source, answer, KaTeX, and/or mapping verification."
APCALC-LEGACY-BC-MCQ-1985-003,mcq,1985,AP Calculus BC,,,,incomplete,incomplete,uncertain,blocked,syntax_checked_not_source_verified,not_required,uncertain,True,"Retained in the canonical/admin archive; excluded from student practice pending source, answer, KaTeX, and/or mapping verification."
APCALC-LEGACY-BC-MCQ-1985-004,mcq,1985,AP Calculus BC,,,,incomplete,incomplete,uncertain,blocked,syntax_checked_not_source_verified,not_required,uncertain,True,"Retained in the canonical/admin archive; excluded from student practice pending source, answer, KaTeX, and/or mapping verification."
APCALC-LEGACY-BC-MCQ-1985-005,mcq,1985,AP Calculus BC,,,,incomplete,incomplete,uncertain,blocked,syntax_checked_not_source_verified,not_required,uncertain,True,"Retained in the canonical/admin archive; excluded from student practice pending source, answer, KaTeX, and/or mapping verification."
APCALC-LEGACY-BC-MCQ-1985-006,mcq,1985,AP Calculus BC,,,,incomplete,incomplete,uncertain,blocked,syntax_checked_not_source_verified,not_required,uncertain,True,"Retained in the canonical/admin archive; excluded from student practice pending source, answer, KaTeX, and/or mapping verification."
APCALC-LEGACY-BC-MCQ-1985-007,mcq,1985,AP Calculus BC,,,,incomplete,incomplete,uncertain,blocked,syntax_checked_not_source_verified,not_required,uncertain,True,"Retained in the canonical/admin archive; excluded from student practice pending source, answer, KaTeX, and/or mapping verification."
APCALC-LEGACY-BC-MCQ-1985-008,mcq,1985,AP Calculus BC,,,,incomplete,incomplete,uncertain,blocked,syntax_checked_not_source_verified,not_required,uncertain,True,"Retained in the canonical/admin archive; excluded from student practice pending source, answer, KaTeX, and/or mapping verification."
APCALC-LEGACY-BC-MCQ-1985-009,mcq,1985,AP Calculus BC,,,,incomplete,incomplete,uncertain,blocked,syntax_checked_not_source_verified,not_required,uncertain,True,"Retained in the canonical/admin archive; excluded from student practice pending source, answer, KaTeX, and/or mapping verification."
APCALC-LEGACY-BC-MCQ-1985-010,mcq,1985,AP Calculus BC,,,,incomplete,incomplete,uncertain,blocked,syntax_checked_not_source_verified,not_required,uncertain,True,"Retained in the canonical/admin archive; excluded from student practice pending source, answer, KaTeX, and/or mapping verification."
APCALC-LEGACY-BC-MCQ-1985-011,mcq,1985,AP Calculus BC,,,,incomplete,incomplete,uncertain,blocked,syntax_checked_not_source_verified,not_required,uncertain,True,"Retained in the canonical/admin archive; excluded from student practice pending source, answer, KaTeX, and/or mapping verification."
APCALC-LEGACY-BC-MCQ-1985-012,mcq,1985,AP Calculus BC,,,,incomplete,incomplete,uncertain,blocked,syntax_checked_not_source_verified,not_required,uncertain,True,"Retained in the canonical/admin archive; excluded from student practice pending source, answer, KaTeX, and/or mapping verification."
APCALC-LEGACY-BC-MCQ-1985-013,mcq,1985,AP Calculus BC,,,,incomplete,incomplete,uncertain,blocked,syntax_checked_not_source_verified,not_required,uncertain,True,"Retained in the canonical/admin archive; excluded from student practice pending source, answer, KaTeX, and/or mapping verification."
APCALC-LEGACY-BC-MCQ-1985-014,mcq,1985,AP Calculus BC,,,,incomplete,incomplete,uncertain,blocked,syntax_checked_not_source_verified,not_required,uncertain,True,"Retained in the canonical/admin archive; excluded from student practice pending source, answer, KaTeX, and/or mapping verification."
APCALC-LEGACY-BC-MCQ-1985-015,mcq,1985,AP Calculus BC,,,,incomplete,incomplete,uncertain,blocked,syntax_checked_not_source_verified,not_required,uncertain,True,"Retained in the canonical/admin archive; excluded from student practice pending source, answer, KaTeX, and/or mapping verification."
APCALC-LEGACY-BC-MCQ-1985-016,mcq,1985,AP Calculus BC,,,,incomplete,incomplete,uncertain,blocked,syntax_checked_not_source_verified,not_required,uncertain,True,"Retained in the canonical/admin archive; excluded from student practice pending source, answer, KaTeX, and/or mapping verification."
APCALC-LEGACY-BC-MCQ-1985-017,mcq,1985,AP Calculus BC,,,,incomplete,incomplete,uncertain,blocked,syntax_checked_not_source_verified,not_required,uncertain,True,"Retained in the canonical/admin archive; excluded from student practice pending source, answer, KaTeX, and/or mapping verification."
APCALC-LEGACY-BC-MCQ-1985-018,mcq,1985,AP Calculus BC,,,,incomplete,incomplete,uncertain,blocked,syntax_checked_not_source_verified,not_required,uncertain,True,"Retained in the canonical/admin archive; excluded from student practice pending source, answer, KaTeX, and/or mapping verification."
APCALC-LEGACY-BC-MCQ-1985-019,mcq,1985,AP Calculus BC,,,,incomplete,incomplete,uncertain,blocked,syntax_checked_not_source_verified,not_required,uncertain,True,"Retained in the canonical/admin archive; excluded from student practice pending source, answer, KaTeX, and/or mapping verification."
APCALC-LEGACY-BC-MCQ-1985-020,mcq,1985,AP Calculus BC,,,,incomplete,incomplete,uncertain,blocked,syntax_checked_not_source_verified,not_required,uncertain,True,"Retained in the canonical/admin archive; excluded from student practice pending source, answer, KaTeX, and/or mapping verification."
APCALC-LEGACY-BC-MCQ-1985-021,mcq,1985,AP Calculus BC,,,,incomplete,incomplete,uncertain,blocked,syntax_checked_not_source_verified,not_required,uncertain,True,"Retained in the canonical/admin archive; excluded from student practice pending source, answer, KaTeX, and/or mapping verification."
APCALC-LEGACY-BC-MCQ-1985-022,mcq,1985,AP Calculus BC,,,,incomplete,incomplete,uncertain,blocked,syntax_checked_not_source_verified,not_required,uncertain,True,"Retained in the canonical/admin archive; excluded from student practice pending source, answer, KaTeX, and/or mapping verification."
APCALC-LEGACY-BC-MCQ-1985-023,mcq,1985,AP Calculus BC,,,,incomplete,incomplete,uncertain,blocked,syntax_checked_not_source_verified,not_required,uncertain,True,"Retained in the canonical/admin archive; excluded from student practice pending source, answer, KaTeX, and/or mapping verification."
APCALC-LEGACY-BC-MCQ-1985-024,mcq,1985,AP Calculus BC,,,,incomplete,incomplete,uncertain,blocked,syntax_checked_not_source_verified,not_required,uncertain,True,"Retained in the canonical/admin archive; excluded from student practice pending source, answer, KaTeX, and/or mapping verification."
APCALC-LEGACY-BC-MCQ-1985-025,mcq,1985,AP Calculus BC,,,,incomplete,incomplete,uncertain,blocked,syntax_checked_not_source_verified,not_required,uncertain,True,"Retained in the canonical/admin archive; excluded from student practice pending source, answer, KaTeX, and/or mapping verification."
APCALC-LEGACY-BC-MCQ-1985-026,mcq,1985,AP Calculus BC,,,,incomplete,incomplete,uncertain,blocked,syntax_checked_not_source_verified,not_required,uncertain,True,"Retained in the canonical/admin archive; excluded from student practice pending source, answer, KaTeX, and/or mapping verification."
APCALC-LEGACY-BC-MCQ-1985-027,mcq,1985,AP Calculus BC,,,,incomplete,incomplete,uncertain,blocked,syntax_checked_not_source_verified,not_required,uncertain,True,"Retained in the canonical/admin archive; excluded from student practice pending source, answer, KaTeX, and/or mapping verification."
APCALC-LEGACY-BC-MCQ-1985-028,mcq,1985,AP Calculus BC,,,,incomplete,incomplete,uncertain,blocked,syntax_checked_not_source_verified,not_required,uncertain,True,"Retained in the canonical/admin archive; excluded from student practice pending source, answer, KaTeX, and/or mapping verification."
APCALC-LEGACY-BC-MCQ-1985-029,mcq,1985,AP Calculus BC,,,,incomplete,incomplete,uncertain,blocked,syntax_checked_not_source_verified,not_required,uncertain,True,"Retained in the canonical/admin archive; excluded from student practice pending source, answer, KaTeX, and/or mapping verification."
APCALC-LEGACY-BC-MCQ-1985-030,mcq,1985,AP Calculus BC,,,,incomplete,incomplete,uncertain,blocked,syntax_checked_not_source_verified,not_required,uncertain,True,"Retained in the canonical/admin archive; excluded from student practice pending source, answer, KaTeX, and/or mapping verification."
APCALC-LEGACY-BC-MCQ-1985-031,mcq,1985,AP Calculus BC,,,,incomplete,incomplete,uncertain,blocked,syntax_checked_not_source_verified,not_required,uncertain,True,"Retained in the canonical/admin archive; excluded from student practice pending source, answer, KaTeX, and/or mapping verification."
APCALC-LEGACY-BC-MCQ-1985-032,mcq,1985,AP Calculus BC,,,,incomplete,incomplete,uncertain,blocked,syntax_checked_not_source_verified,not_required,uncertain,True,"Retained in the canonical/admin archive; excluded from student practice pending source, answer, KaTeX, and/or mapping verification."
APCALC-LEGACY-BC-MCQ-1985-033,mcq,1985,AP Calculus BC,,,,incomplete,incomplete,uncertain,blocked,syntax_checked_not_source_verified,not_required,uncertain,True,"Retained in the canonical/admin archive; excluded from student practice pending source, answer, KaTeX, and/or mapping verification."
APCALC-LEGACY-BC-MCQ-1985-034,mcq,1985,AP Calculus BC,,,,incomplete,incomplete,uncertain,blocked,syntax_checked_not_source_verified,not_required,uncertain,True,"Retained in the canonical/admin archive; excluded from student practice pending source, answer, KaTeX, and/or mapping verification."
APCALC-LEGACY-BC-MCQ-1985-035,mcq,1985,AP Calculus BC,,,,incomplete,incomplete,uncertain,blocked,syntax_checked_not_source_verified,not_required,uncertain,True,"Retained in the canonical/admin archive; excluded from student practice pending source, answer, KaTeX, and/or mapping verification."
APCALC-LEGACY-BC-MCQ-1985-036,mcq,1985,AP Calculus BC,,,,incomplete,incomplete,uncertain,blocked,syntax_checked_not_source_verified,not_required,uncertain,True,"Retained in the canonical/admin archive; excluded from student practice pending source, answer, KaTeX, and/or mapping verification."
APCALC-LEGACY-BC-MCQ-1985-037,mcq,1985,AP Calculus BC,,,,incomplete,incomplete,uncertain,blocked,syntax_checked_not_source_verified,not_required,uncertain,True,"Retained in the canonical/admin archive; excluded from student practice pending source, answer, KaTeX, and/or mapping verification."
APCALC-LEGACY-BC-MCQ-1985-038,mcq,1985,AP Calculus BC,,,,incomplete,incomplete,uncertain,blocked,syntax_checked_not_source_verified,not_required,uncertain,True,"Retained in the canonical/admin archive; excluded from student practice pending source, answer, KaTeX, and/or mapping verification."
APCALC-LEGACY-BC-MCQ-1985-039,mcq,1985,AP Calculus BC,,,,incomplete,incomplete,uncertain,blocked,syntax_checked_not_source_verified,not_required,uncertain,True,"Retained in the canonical/admin archive; excluded from student practice pending source, answer, KaTeX, and/or mapping verification."
APCALC-LEGACY-BC-MCQ-1985-040,mcq,1985,AP Calculus BC,,,,incomplete,incomplete,uncertain,blocked,syntax_checked_not_source_verified,not_required,uncertain,True,"Retained in the canonical/admin archive; excluded from student practice pending source, answer, KaTeX, and/or mapping verification."
APCALC-LEGACY-BC-MCQ-1985-041,mcq,1985,AP Calculus BC,,,,incomplete,incomplete,uncertain,blocked,syntax_checked_not_source_verified,not_required,uncertain,True,"Retained in the canonical/admin archive; excluded from student practice pending source, answer, KaTeX, and/or mapping verification."
APCALC-LEGACY-BC-MCQ-1985-042,mcq,1985,AP Calculus BC,,,,incomplete,incomplete,uncertain,blocked,syntax_checked_not_source_verified,not_required,uncertain,True,"Retained in the canonical/admin archive; excluded from student practice pending source, answer, KaTeX, and/or mapping verification."
APCALC-LEGACY-BC-MCQ-1985-043,mcq,1985,AP Calculus BC,,,,incomplete,incomplete,uncertain,blocked,syntax_checked_not_source_verified,not_required,uncertain,True,"Retained in the canonical/admin archive; excluded from student practice pending source, answer, KaTeX, and/or mapping verification."
APCALC-LEGACY-BC-MCQ-1985-044,mcq,1985,AP Calculus BC,,,,incomplete,incomplete,uncertain,blocked,syntax_checked_not_source_verified,not_required,uncertain,True,"Retained in the canonical/admin archive; excluded from student practice pending source, answer, KaTeX, and/or mapping verification."
APCALC-LEGACY-BC-MCQ-1985-045,mcq,1985,AP Calculus BC,,,,incomplete,incomplete,uncertain,blocked,syntax_checked_not_source_verified,not_required,uncertain,True,"Retained in the canonical/admin archive; excluded from student practice pending source, answer, KaTeX, and/or mapping verification."
APCALC-LEGACY-BC-MCQ-1988-001,mcq,1988,AP Calculus BC,,,,incomplete,incomplete,uncertain,blocked,syntax_checked_not_source_verified,not_required,uncertain,True,"Retained in the canonical/admin archive; excluded from student practice pending source, answer, KaTeX, and/or mapping verification."
APCALC-LEGACY-BC-MCQ-1988-002,mcq,1988,AP Calculus BC,,,,incomplete,incomplete,uncertain,blocked,syntax_checked_not_source_verified,not_required,uncertain,True,"Retained in the canonical/admin archive; excluded from student practice pending source, answer, KaTeX, and/or mapping verification."
APCALC-LEGACY-BC-MCQ-1988-003,mcq,1988,AP Calculus BC,,,,incomplete,incomplete,uncertain,blocked,syntax_checked_not_source_verified,not_required,uncertain,True,"Retained in the canonical/admin archive; excluded from student practice pending source, answer, KaTeX, and/or mapping verification."
APCALC-LEGACY-BC-MCQ-1988-004,mcq,1988,AP Calculus BC,,,,incomplete,incomplete,uncertain,blocked,syntax_checked_not_source_verified,not_required,uncertain,True,"Retained in the canonical/admin archive; excluded from student practice pending source, answer, KaTeX, and/or mapping verification."
APCALC-LEGACY-BC-MCQ-1988-005,mcq,1988,AP Calculus BC,,,,incomplete,incomplete,uncertain,blocked,syntax_checked_not_source_verified,not_required,uncertain,True,"Retained in the canonical/admin archive; excluded from student practice pending source, answer, KaTeX, and/or mapping verification."
APCALC-LEGACY-BC-MCQ-1988-006,mcq,1988,AP Calculus BC,,,,incomplete,incomplete,uncertain,blocked,syntax_checked_not_source_verified,not_required,uncertain,True,"Retained in the canonical/admin archive; excluded from student practice pending source, answer, KaTeX, and/or mapping verification."
APCALC-LEGACY-BC-MCQ-1988-007,mcq,1988,AP Calculus BC,,,,incomplete,incomplete,uncertain,blocked,syntax_checked_not_source_verified,not_required,uncertain,True,"Retained in the canonical/admin archive; excluded from student practice pending source, answer, KaTeX, and/or mapping verification."
APCALC-LEGACY-BC-MCQ-1988-008,mcq,1988,AP Calculus BC,,,,incomplete,incomplete,uncertain,blocked,syntax_checked_not_source_verified,not_required,uncertain,True,"Retained in the canonical/admin archive; excluded from student practice pending source, answer, KaTeX, and/or mapping verification."
APCALC-LEGACY-BC-MCQ-1988-009,mcq,1988,AP Calculus BC,,,,incomplete,incomplete,uncertain,blocked,syntax_checked_not_source_verified,not_required,uncertain,True,"Retained in the canonical/admin archive; excluded from student practice pending source, answer, KaTeX, and/or mapping verification."
APCALC-LEGACY-BC-MCQ-1988-010,mcq,1988,AP Calculus BC,,,,incomplete,incomplete,uncertain,blocked,syntax_checked_not_source_verified,not_required,uncertain,True,"Retained in the canonical/admin archive; excluded from student practice pending source, answer, KaTeX, and/or mapping verification."
APCALC-LEGACY-BC-MCQ-1988-011,mcq,1988,AP Calculus BC,,,,incomplete,incomplete,uncertain,blocked,syntax_checked_not_source_verified,not_required,uncertain,True,"Retained in the canonical/admin archive; excluded from student practice pending source, answer, KaTeX, and/or mapping verification."
APCALC-LEGACY-BC-MCQ-1988-012,mcq,1988,AP Calculus BC,,,,incomplete,incomplete,uncertain,blocked,syntax_checked_not_source_verified,not_required,uncertain,True,"Retained in the canonical/admin archive; excluded from student practice pending source, answer, KaTeX, and/or mapping verification."
APCALC-LEGACY-BC-MCQ-1988-013,mcq,1988,AP Calculus BC,,,,incomplete,incomplete,uncertain,blocked,syntax_checked_not_source_verified,not_required,uncertain,True,"Retained in the canonical/admin archive; excluded from student practice pending source, answer, KaTeX, and/or mapping verification."
APCALC-LEGACY-BC-MCQ-1988-014,mcq,1988,AP Calculus BC,,,,incomplete,incomplete,uncertain,blocked,syntax_checked_not_source_verified,not_required,uncertain,True,"Retained in the canonical/admin archive; excluded from student practice pending source, answer, KaTeX, and/or mapping verification."
APCALC-LEGACY-BC-MCQ-1988-015,mcq,1988,AP Calculus BC,,,,incomplete,incomplete,uncertain,blocked,syntax_checked_not_source_verified,not_required,uncertain,True,"Retained in the canonical/admin archive; excluded from student practice pending source, answer, KaTeX, and/or mapping verification."
APCALC-LEGACY-BC-MCQ-1988-016,mcq,1988,AP Calculus BC,,,,incomplete,incomplete,uncertain,blocked,syntax_checked_not_source_verified,not_required,uncertain,True,"Retained in the canonical/admin archive; excluded from student practice pending source, answer, KaTeX, and/or mapping verification."
APCALC-LEGACY-BC-MCQ-1988-017,mcq,1988,AP Calculus BC,,,,incomplete,incomplete,uncertain,blocked,syntax_checked_not_source_verified,not_required,uncertain,True,"Retained in the canonical/admin archive; excluded from student practice pending source, answer, KaTeX, and/or mapping verification."
APCALC-LEGACY-BC-MCQ-1988-018,mcq,1988,AP Calculus BC,,,,incomplete,incomplete,uncertain,blocked,syntax_checked_not_source_verified,not_required,uncertain,True,"Retained in the canonical/admin archive; excluded from student practice pending source, answer, KaTeX, and/or mapping verification."
APCALC-LEGACY-BC-MCQ-1988-019,mcq,1988,AP Calculus BC,,,,incomplete,incomplete,uncertain,blocked,syntax_checked_not_source_verified,not_required,uncertain,True,"Retained in the canonical/admin archive; excluded from student practice pending source, answer, KaTeX, and/or mapping verification."
APCALC-LEGACY-BC-MCQ-1988-020,mcq,1988,AP Calculus BC,,,,incomplete,incomplete,uncertain,blocked,syntax_checked_not_source_verified,not_required,uncertain,True,"Retained in the canonical/admin archive; excluded from student practice pending source, answer, KaTeX, and/or mapping verification."
APCALC-LEGACY-BC-MCQ-1988-021,mcq,1988,AP Calculus BC,,,,incomplete,incomplete,uncertain,blocked,syntax_checked_not_source_verified,not_required,uncertain,True,"Retained in the canonical/admin archive; excluded from student practice pending source, answer, KaTeX, and/or mapping verification."
APCALC-LEGACY-BC-MCQ-1988-022,mcq,1988,AP Calculus BC,,,,incomplete,incomplete,uncertain,blocked,syntax_checked_not_source_verified,not_required,uncertain,True,"Retained in the canonical/admin archive; excluded from student practice pending source, answer, KaTeX, and/or mapping verification."
APCALC-LEGACY-BC-MCQ-1988-023,mcq,1988,AP Calculus BC,,,,incomplete,incomplete,uncertain,blocked,syntax_checked_not_source_verified,not_required,uncertain,True,"Retained in the canonical/admin archive; excluded from student practice pending source, answer, KaTeX, and/or mapping verification."
APCALC-LEGACY-BC-MCQ-1988-024,mcq,1988,AP Calculus BC,,,,incomplete,incomplete,uncertain,blocked,syntax_checked_not_source_verified,not_required,uncertain,True,"Retained in the canonical/admin archive; excluded from student practice pending source, answer, KaTeX, and/or mapping verification."
APCALC-LEGACY-BC-MCQ-1988-025,mcq,1988,AP Calculus BC,,,,incomplete,incomplete,uncertain,blocked,syntax_checked_not_source_verified,not_required,uncertain,True,"Retained in the canonical/admin archive; excluded from student practice pending source, answer, KaTeX, and/or mapping verification."
APCALC-LEGACY-BC-MCQ-1988-026,mcq,1988,AP Calculus BC,,,,incomplete,incomplete,uncertain,blocked,syntax_checked_not_source_verified,not_required,uncertain,True,"Retained in the canonical/admin archive; excluded from student practice pending source, answer, KaTeX, and/or mapping verification."
APCALC-LEGACY-BC-MCQ-1988-027,mcq,1988,AP Calculus BC,,,,incomplete,incomplete,uncertain,blocked,syntax_checked_not_source_verified,not_required,uncertain,True,"Retained in the canonical/admin archive; excluded from student practice pending source, answer, KaTeX, and/or mapping verification."
APCALC-LEGACY-BC-MCQ-1988-028,mcq,1988,AP Calculus BC,,,,incomplete,incomplete,uncertain,blocked,syntax_checked_not_source_verified,not_required,uncertain,True,"Retained in the canonical/admin archive; excluded from student practice pending source, answer, KaTeX, and/or mapping verification."
APCALC-LEGACY-BC-MCQ-1988-029,mcq,1988,AP Calculus BC,,,,incomplete,incomplete,uncertain,blocked,syntax_checked_not_source_verified,not_required,uncertain,True,"Retained in the canonical/admin archive; excluded from student practice pending source, answer, KaTeX, and/or mapping verification."
APCALC-LEGACY-BC-MCQ-1988-030,mcq,1988,AP Calculus BC,,,,incomplete,incomplete,uncertain,blocked,syntax_checked_not_source_verified,not_required,uncertain,True,"Retained in the canonical/admin archive; excluded from student practice pending source, answer, KaTeX, and/or mapping verification."
APCALC-LEGACY-BC-MCQ-1988-031,mcq,1988,AP Calculus BC,,,,incomplete,incomplete,uncertain,blocked,syntax_checked_not_source_verified,not_required,uncertain,True,"Retained in the canonical/admin archive; excluded from student practice pending source, answer, KaTeX, and/or mapping verification."
APCALC-LEGACY-BC-MCQ-1988-032,mcq,1988,AP Calculus BC,,,,incomplete,incomplete,uncertain,blocked,syntax_checked_not_source_verified,not_required,uncertain,True,"Retained in the canonical/admin archive; excluded from student practice pending source, answer, KaTeX, and/or mapping verification."
APCALC-LEGACY-BC-MCQ-1988-033,mcq,1988,AP Calculus BC,,,,incomplete,incomplete,uncertain,blocked,syntax_checked_not_source_verified,not_required,uncertain,True,"Retained in the canonical/admin archive; excluded from student practice pending source, answer, KaTeX, and/or mapping verification."
APCALC-LEGACY-BC-MCQ-1988-034,mcq,1988,AP Calculus BC,,,,incomplete,incomplete,uncertain,blocked,syntax_checked_not_source_verified,not_required,uncertain,True,"Retained in the canonical/admin archive; excluded from student practice pending source, answer, KaTeX, and/or mapping verification."
APCALC-LEGACY-BC-MCQ-1988-035,mcq,1988,AP Calculus BC,,,,incomplete,incomplete,uncertain,blocked,syntax_checked_not_source_verified,not_required,uncertain,True,"Retained in the canonical/admin archive; excluded from student practice pending source, answer, KaTeX, and/or mapping verification."
APCALC-LEGACY-BC-MCQ-1988-036,mcq,1988,AP Calculus BC,,,,incomplete,incomplete,uncertain,blocked,syntax_checked_not_source_verified,not_required,uncertain,True,"Retained in the canonical/admin archive; excluded from student practice pending source, answer, KaTeX, and/or mapping verification."
APCALC-LEGACY-BC-MCQ-1988-037,mcq,1988,AP Calculus BC,,,,incomplete,incomplete,uncertain,blocked,syntax_checked_not_source_verified,not_required,uncertain,True,"Retained in the canonical/admin archive; excluded from student practice pending source, answer, KaTeX, and/or mapping verification."
APCALC-LEGACY-BC-MCQ-1988-038,mcq,1988,AP Calculus BC,,,,incomplete,incomplete,uncertain,blocked,syntax_checked_not_source_verified,not_required,uncertain,True,"Retained in the canonical/admin archive; excluded from student practice pending source, answer, KaTeX, and/or mapping verification."
APCALC-LEGACY-BC-MCQ-1988-039,mcq,1988,AP Calculus BC,,,,incomplete,incomplete,uncertain,blocked,syntax_checked_not_source_verified,not_required,uncertain,True,"Retained in the canonical/admin archive; excluded from student practice pending source, answer, KaTeX, and/or mapping verification."
APCALC-LEGACY-BC-MCQ-1988-040,mcq,1988,AP Calculus BC,,,,incomplete,incomplete,uncertain,blocked,syntax_checked_not_source_verified,not_required,uncertain,True,"Retained in the canonical/admin archive; excluded from student practice pending source, answer, KaTeX, and/or mapping verification."
APCALC-LEGACY-BC-MCQ-1988-041,mcq,1988,AP Calculus BC,,,,incomplete,incomplete,uncertain,blocked,syntax_checked_not_source_verified,not_required,uncertain,True,"Retained in the canonical/admin archive; excluded from student practice pending source, answer, KaTeX, and/or mapping verification."
APCALC-LEGACY-BC-MCQ-1988-042,mcq,1988,AP Calculus BC,,,,incomplete,incomplete,uncertain,blocked,syntax_checked_not_source_verified,not_required,uncertain,True,"Retained in the canonical/admin archive; excluded from student practice pending source, answer, KaTeX, and/or mapping verification."
APCALC-LEGACY-BC-MCQ-1988-043,mcq,1988,AP Calculus BC,,,,incomplete,incomplete,uncertain,blocked,syntax_checked_not_source_verified,not_required,uncertain,True,"Retained in the canonical/admin archive; excluded from student practice pending source, answer, KaTeX, and/or mapping verification."
APCALC-LEGACY-BC-MCQ-1988-044,mcq,1988,AP Calculus BC,,,,incomplete,incomplete,uncertain,blocked,syntax_checked_not_source_verified,not_required,uncertain,True,"Retained in the canonical/admin archive; excluded from student practice pending source, answer, KaTeX, and/or mapping verification."
APCALC-LEGACY-BC-MCQ-1988-045,mcq,1988,AP Calculus BC,,,,incomplete,incomplete,uncertain,blocked,syntax_checked_not_source_verified,not_required,uncertain,True,"Retained in the canonical/admin archive; excluded from student practice pending source, answer, KaTeX, and/or mapping verification."
APCALC-LEGACY-BC-MCQ-1993-001,mcq,1993,AP Calculus BC,,,,incomplete,incomplete,uncertain,blocked,syntax_checked_not_source_verified,not_required,uncertain,True,"Retained in the canonical/admin archive; excluded from student practice pending source, answer, KaTeX, and/or mapping verification."
APCALC-LEGACY-BC-MCQ-1993-002,mcq,1993,AP Calculus BC,,,,incomplete,incomplete,uncertain,blocked,syntax_checked_not_source_verified,not_required,uncertain,True,"Retained in the canonical/admin archive; excluded from student practice pending source, answer, KaTeX, and/or mapping verification."
APCALC-LEGACY-BC-MCQ-1993-003,mcq,1993,AP Calculus BC,,,,incomplete,incomplete,uncertain,blocked,syntax_checked_not_source_verified,not_required,uncertain,True,"Retained in the canonical/admin archive; excluded from student practice pending source, answer, KaTeX, and/or mapping verification."
APCALC-LEGACY-BC-MCQ-1993-004,mcq,1993,AP Calculus BC,,,,incomplete,incomplete,uncertain,blocked,syntax_checked_not_source_verified,not_required,uncertain,True,"Retained in the canonical/admin archive; excluded from student practice pending source, answer, KaTeX, and/or mapping verification."
APCALC-LEGACY-BC-MCQ-1993-005,mcq,1993,AP Calculus BC,,,,incomplete,incomplete,uncertain,blocked,syntax_checked_not_source_verified,not_required,uncertain,True,"Retained in the canonical/admin archive; excluded from student practice pending source, answer, KaTeX, and/or mapping verification."
APCALC-LEGACY-BC-MCQ-1993-006,mcq,1993,AP Calculus BC,,,,incomplete,incomplete,uncertain,blocked,syntax_checked_not_source_verified,not_required,uncertain,True,"Retained in the canonical/admin archive; excluded from student practice pending source, answer, KaTeX, and/or mapping verification."
APCALC-LEGACY-BC-MCQ-1993-007,mcq,1993,AP Calculus BC,,,,incomplete,incomplete,uncertain,blocked,syntax_checked_not_source_verified,not_required,uncertain,True,"Retained in the canonical/admin archive; excluded from student practice pending source, answer, KaTeX, and/or mapping verification."
APCALC-LEGACY-BC-MCQ-1993-008,mcq,1993,AP Calculus BC,,,,incomplete,incomplete,uncertain,blocked,syntax_checked_not_source_verified,not_required,uncertain,True,"Retained in the canonical/admin archive; excluded from student practice pending source, answer, KaTeX, and/or mapping verification."
APCALC-LEGACY-BC-MCQ-1993-009,mcq,1993,AP Calculus BC,,,,incomplete,incomplete,uncertain,blocked,syntax_checked_not_source_verified,not_required,uncertain,True,"Retained in the canonical/admin archive; excluded from student practice pending source, answer, KaTeX, and/or mapping verification."
APCALC-LEGACY-BC-MCQ-1993-010,mcq,1993,AP Calculus BC,,,,incomplete,incomplete,uncertain,blocked,syntax_checked_not_source_verified,not_required,uncertain,True,"Retained in the canonical/admin archive; excluded from student practice pending source, answer, KaTeX, and/or mapping verification."
APCALC-LEGACY-BC-MCQ-1993-011,mcq,1993,AP Calculus BC,,,,incomplete,incomplete,uncertain,blocked,syntax_checked_not_source_verified,not_required,uncertain,True,"Retained in the canonical/admin archive; excluded from student practice pending source, answer, KaTeX, and/or mapping verification."
APCALC-LEGACY-BC-MCQ-1993-012,mcq,1993,AP Calculus BC,,,,incomplete,incomplete,uncertain,blocked,syntax_checked_not_source_verified,not_required,uncertain,True,"Retained in the canonical/admin archive; excluded from student practice pending source, answer, KaTeX, and/or mapping verification."
APCALC-LEGACY-BC-MCQ-1993-013,mcq,1993,AP Calculus BC,,,,incomplete,incomplete,uncertain,blocked,syntax_checked_not_source_verified,not_required,uncertain,True,"Retained in the canonical/admin archive; excluded from student practice pending source, answer, KaTeX, and/or mapping verification."
APCALC-LEGACY-BC-MCQ-1993-014,mcq,1993,AP Calculus BC,,,,incomplete,incomplete,uncertain,blocked,syntax_checked_not_source_verified,not_required,uncertain,True,"Retained in the canonical/admin archive; excluded from student practice pending source, answer, KaTeX, and/or mapping verification."
APCALC-LEGACY-BC-MCQ-1993-015,mcq,1993,AP Calculus BC,,,,incomplete,incomplete,uncertain,blocked,syntax_checked_not_source_verified,not_required,uncertain,True,"Retained in the canonical/admin archive; excluded from student practice pending source, answer, KaTeX, and/or mapping verification."
APCALC-LEGACY-BC-MCQ-1993-016,mcq,1993,AP Calculus BC,,,,incomplete,incomplete,uncertain,blocked,syntax_checked_not_source_verified,not_required,uncertain,True,"Retained in the canonical/admin archive; excluded from student practice pending source, answer, KaTeX, and/or mapping verification."
APCALC-LEGACY-BC-MCQ-1993-017,mcq,1993,AP Calculus BC,,,,incomplete,incomplete,uncertain,blocked,syntax_checked_not_source_verified,not_required,uncertain,True,"Retained in the canonical/admin archive; excluded from student practice pending source, answer, KaTeX, and/or mapping verification."
APCALC-LEGACY-BC-MCQ-1993-018,mcq,1993,AP Calculus BC,,,,incomplete,incomplete,uncertain,blocked,syntax_checked_not_source_verified,not_required,uncertain,True,"Retained in the canonical/admin archive; excluded from student practice pending source, answer, KaTeX, and/or mapping verification."
APCALC-LEGACY-BC-MCQ-1993-019,mcq,1993,AP Calculus BC,,,,incomplete,incomplete,uncertain,blocked,syntax_checked_not_source_verified,not_required,uncertain,True,"Retained in the canonical/admin archive; excluded from student practice pending source, answer, KaTeX, and/or mapping verification."
APCALC-LEGACY-BC-MCQ-1993-020,mcq,1993,AP Calculus BC,,,,incomplete,incomplete,uncertain,blocked,syntax_checked_not_source_verified,not_required,uncertain,True,"Retained in the canonical/admin archive; excluded from student practice pending source, answer, KaTeX, and/or mapping verification."
APCALC-LEGACY-BC-MCQ-1993-021,mcq,1993,AP Calculus BC,,,,incomplete,incomplete,uncertain,blocked,syntax_checked_not_source_verified,not_required,uncertain,True,"Retained in the canonical/admin archive; excluded from student practice pending source, answer, KaTeX, and/or mapping verification."
APCALC-LEGACY-BC-MCQ-1993-022,mcq,1993,AP Calculus BC,,,,incomplete,incomplete,uncertain,blocked,syntax_checked_not_source_verified,not_required,uncertain,True,"Retained in the canonical/admin archive; excluded from student practice pending source, answer, KaTeX, and/or mapping verification."
APCALC-LEGACY-BC-MCQ-1993-023,mcq,1993,AP Calculus BC,,,,incomplete,incomplete,uncertain,blocked,syntax_checked_not_source_verified,not_required,uncertain,True,"Retained in the canonical/admin archive; excluded from student practice pending source, answer, KaTeX, and/or mapping verification."
APCALC-LEGACY-BC-MCQ-1993-024,mcq,1993,AP Calculus BC,,,,incomplete,incomplete,uncertain,blocked,syntax_checked_not_source_verified,not_required,uncertain,True,"Retained in the canonical/admin archive; excluded from student practice pending source, answer, KaTeX, and/or mapping verification."
APCALC-LEGACY-BC-MCQ-1993-025,mcq,1993,AP Calculus BC,,,,incomplete,incomplete,uncertain,blocked,syntax_checked_not_source_verified,not_required,uncertain,True,"Retained in the canonical/admin archive; excluded from student practice pending source, answer, KaTeX, and/or mapping verification."
APCALC-LEGACY-BC-MCQ-1993-026,mcq,1993,AP Calculus BC,,,,incomplete,incomplete,uncertain,blocked,syntax_checked_not_source_verified,not_required,uncertain,True,"Retained in the canonical/admin archive; excluded from student practice pending source, answer, KaTeX, and/or mapping verification."
APCALC-LEGACY-BC-MCQ-1993-027,mcq,1993,AP Calculus BC,,,,incomplete,incomplete,uncertain,blocked,syntax_checked_not_source_verified,not_required,uncertain,True,"Retained in the canonical/admin archive; excluded from student practice pending source, answer, KaTeX, and/or mapping verification."
APCALC-LEGACY-BC-MCQ-1993-028,mcq,1993,AP Calculus BC,,,,incomplete,incomplete,uncertain,blocked,syntax_checked_not_source_verified,not_required,uncertain,True,"Retained in the canonical/admin archive; excluded from student practice pending source, answer, KaTeX, and/or mapping verification."
APCALC-LEGACY-BC-MCQ-1993-029,mcq,1993,AP Calculus BC,,,,incomplete,incomplete,uncertain,blocked,syntax_checked_not_source_verified,not_required,uncertain,True,"Retained in the canonical/admin archive; excluded from student practice pending source, answer, KaTeX, and/or mapping verification."
APCALC-LEGACY-BC-MCQ-1993-030,mcq,1993,AP Calculus BC,,,,incomplete,incomplete,uncertain,blocked,syntax_checked_not_source_verified,not_required,uncertain,True,"Retained in the canonical/admin archive; excluded from student practice pending source, answer, KaTeX, and/or mapping verification."
APCALC-LEGACY-BC-MCQ-1993-031,mcq,1993,AP Calculus BC,,,,incomplete,incomplete,uncertain,blocked,syntax_checked_not_source_verified,not_required,uncertain,True,"Retained in the canonical/admin archive; excluded from student practice pending source, answer, KaTeX, and/or mapping verification."
APCALC-LEGACY-BC-MCQ-1993-032,mcq,1993,AP Calculus BC,,,,incomplete,incomplete,uncertain,blocked,syntax_checked_not_source_verified,not_required,uncertain,True,"Retained in the canonical/admin archive; excluded from student practice pending source, answer, KaTeX, and/or mapping verification."
APCALC-LEGACY-BC-MCQ-1993-033,mcq,1993,AP Calculus BC,,,,incomplete,incomplete,uncertain,blocked,syntax_checked_not_source_verified,not_required,uncertain,True,"Retained in the canonical/admin archive; excluded from student practice pending source, answer, KaTeX, and/or mapping verification."
APCALC-LEGACY-BC-MCQ-1993-034,mcq,1993,AP Calculus BC,,,,incomplete,incomplete,uncertain,blocked,syntax_checked_not_source_verified,not_required,uncertain,True,"Retained in the canonical/admin archive; excluded from student practice pending source, answer, KaTeX, and/or mapping verification."
APCALC-LEGACY-BC-MCQ-1993-035,mcq,1993,AP Calculus BC,,,,incomplete,incomplete,uncertain,blocked,syntax_checked_not_source_verified,not_required,uncertain,True,"Retained in the canonical/admin archive; excluded from student practice pending source, answer, KaTeX, and/or mapping verification."
APCALC-LEGACY-BC-MCQ-1993-036,mcq,1993,AP Calculus BC,,,,incomplete,incomplete,uncertain,blocked,syntax_checked_not_source_verified,not_required,uncertain,True,"Retained in the canonical/admin archive; excluded from student practice pending source, answer, KaTeX, and/or mapping verification."
APCALC-LEGACY-BC-MCQ-1993-037,mcq,1993,AP Calculus BC,,,,incomplete,incomplete,uncertain,blocked,syntax_checked_not_source_verified,not_required,uncertain,True,"Retained in the canonical/admin archive; excluded from student practice pending source, answer, KaTeX, and/or mapping verification."
APCALC-LEGACY-BC-MCQ-1993-038,mcq,1993,AP Calculus BC,,,,incomplete,incomplete,uncertain,blocked,syntax_checked_not_source_verified,not_required,uncertain,True,"Retained in the canonical/admin archive; excluded from student practice pending source, answer, KaTeX, and/or mapping verification."
APCALC-LEGACY-BC-MCQ-1993-039,mcq,1993,AP Calculus BC,,,,incomplete,incomplete,uncertain,blocked,syntax_checked_not_source_verified,not_required,uncertain,True,"Retained in the canonical/admin archive; excluded from student practice pending source, answer, KaTeX, and/or mapping verification."
APCALC-LEGACY-BC-MCQ-1993-040,mcq,1993,AP Calculus BC,,,,incomplete,incomplete,uncertain,blocked,syntax_checked_not_source_verified,not_required,uncertain,True,"Retained in the canonical/admin archive; excluded from student practice pending source, answer, KaTeX, and/or mapping verification."
APCALC-LEGACY-BC-MCQ-1993-041,mcq,1993,AP Calculus BC,,,,incomplete,incomplete,uncertain,blocked,syntax_checked_not_source_verified,not_required,uncertain,True,"Retained in the canonical/admin archive; excluded from student practice pending source, answer, KaTeX, and/or mapping verification."
APCALC-LEGACY-BC-MCQ-1993-042,mcq,1993,AP Calculus BC,,,,incomplete,incomplete,uncertain,blocked,syntax_checked_not_source_verified,not_required,uncertain,True,"Retained in the canonical/admin archive; excluded from student practice pending source, answer, KaTeX, and/or mapping verification."
APCALC-LEGACY-BC-MCQ-1993-043,mcq,1993,AP Calculus BC,,,,incomplete,incomplete,uncertain,blocked,syntax_checked_not_source_verified,not_required,uncertain,True,"Retained in the canonical/admin archive; excluded from student practice pending source, answer, KaTeX, and/or mapping verification."
APCALC-LEGACY-BC-MCQ-1993-044,mcq,1993,AP Calculus BC,,,,incomplete,incomplete,uncertain,blocked,syntax_checked_not_source_verified,not_required,uncertain,True,"Retained in the canonical/admin archive; excluded from student practice pending source, answer, KaTeX, and/or mapping verification."
APCALC-LEGACY-BC-MCQ-1993-045,mcq,1993,AP Calculus BC,,,,incomplete,incomplete,uncertain,blocked,syntax_checked_not_source_verified,not_required,uncertain,True,"Retained in the canonical/admin archive; excluded from student practice pending source, answer, KaTeX, and/or mapping verification."
APCALC-LEGACY-BC-MCQ-1997-001,mcq,1997,AP Calculus BC,,,,incomplete,incomplete,uncertain,blocked,syntax_checked_not_source_verified,not_required,uncertain,True,"Retained in the canonical/admin archive; excluded from student practice pending source, answer, KaTeX, and/or mapping verification."
APCALC-LEGACY-BC-MCQ-1997-002,mcq,1997,AP Calculus BC,,,,incomplete,incomplete,uncertain,blocked,syntax_checked_not_source_verified,not_required,uncertain,True,"Retained in the canonical/admin archive; excluded from student practice pending source, answer, KaTeX, and/or mapping verification."
APCALC-LEGACY-BC-MCQ-1997-003,mcq,1997,AP Calculus BC,,,,incomplete,incomplete,uncertain,blocked,syntax_checked_not_source_verified,not_required,uncertain,True,"Retained in the canonical/admin archive; excluded from student practice pending source, answer, KaTeX, and/or mapping verification."
APCALC-LEGACY-BC-MCQ-1997-004,mcq,1997,AP Calculus BC,,,,incomplete,incomplete,uncertain,blocked,syntax_checked_not_source_verified,not_required,uncertain,True,"Retained in the canonical/admin archive; excluded from student practice pending source, answer, KaTeX, and/or mapping verification."
APCALC-LEGACY-BC-MCQ-1997-005,mcq,1997,AP Calculus BC,,,,incomplete,incomplete,uncertain,blocked,syntax_checked_not_source_verified,not_required,uncertain,True,"Retained in the canonical/admin archive; excluded from student practice pending source, answer, KaTeX, and/or mapping verification."
APCALC-LEGACY-BC-MCQ-1997-006,mcq,1997,AP Calculus BC,,,,incomplete,incomplete,uncertain,blocked,syntax_checked_not_source_verified,not_required,uncertain,True,"Retained in the canonical/admin archive; excluded from student practice pending source, answer, KaTeX, and/or mapping verification."
APCALC-LEGACY-BC-MCQ-1997-007,mcq,1997,AP Calculus BC,,,,incomplete,incomplete,uncertain,blocked,syntax_checked_not_source_verified,not_required,uncertain,True,"Retained in the canonical/admin archive; excluded from student practice pending source, answer, KaTeX, and/or mapping verification."
APCALC-LEGACY-BC-MCQ-1997-008,mcq,1997,AP Calculus BC,,,,incomplete,incomplete,uncertain,blocked,syntax_checked_not_source_verified,not_required,uncertain,True,"Retained in the canonical/admin archive; excluded from student practice pending source, answer, KaTeX, and/or mapping verification."
APCALC-LEGACY-BC-MCQ-1997-009,mcq,1997,AP Calculus BC,,,,incomplete,incomplete,uncertain,blocked,syntax_checked_not_source_verified,not_required,uncertain,True,"Retained in the canonical/admin archive; excluded from student practice pending source, answer, KaTeX, and/or mapping verification."
APCALC-LEGACY-BC-MCQ-1997-010,mcq,1997,AP Calculus BC,,,,incomplete,incomplete,uncertain,blocked,syntax_checked_not_source_verified,not_required,uncertain,True,"Retained in the canonical/admin archive; excluded from student practice pending source, answer, KaTeX, and/or mapping verification."
APCALC-LEGACY-BC-MCQ-1997-011,mcq,1997,AP Calculus BC,,,,incomplete,incomplete,uncertain,blocked,syntax_checked_not_source_verified,not_required,uncertain,True,"Retained in the canonical/admin archive; excluded from student practice pending source, answer, KaTeX, and/or mapping verification."
APCALC-LEGACY-BC-MCQ-1997-012,mcq,1997,AP Calculus BC,,,,incomplete,incomplete,uncertain,blocked,syntax_checked_not_source_verified,not_required,uncertain,True,"Retained in the canonical/admin archive; excluded from student practice pending source, answer, KaTeX, and/or mapping verification."
APCALC-LEGACY-BC-MCQ-1997-013,mcq,1997,AP Calculus BC,,,,incomplete,incomplete,uncertain,blocked,syntax_checked_not_source_verified,not_required,uncertain,True,"Retained in the canonical/admin archive; excluded from student practice pending source, answer, KaTeX, and/or mapping verification."
APCALC-LEGACY-BC-MCQ-1997-014,mcq,1997,AP Calculus BC,,,,incomplete,incomplete,uncertain,blocked,syntax_checked_not_source_verified,not_required,uncertain,True,"Retained in the canonical/admin archive; excluded from student practice pending source, answer, KaTeX, and/or mapping verification."
APCALC-LEGACY-BC-MCQ-1997-015,mcq,1997,AP Calculus BC,,,,incomplete,incomplete,uncertain,blocked,syntax_checked_not_source_verified,not_required,uncertain,True,"Retained in the canonical/admin archive; excluded from student practice pending source, answer, KaTeX, and/or mapping verification."
APCALC-LEGACY-BC-MCQ-1997-016,mcq,1997,AP Calculus BC,,,,incomplete,incomplete,uncertain,blocked,syntax_checked_not_source_verified,not_required,uncertain,True,"Retained in the canonical/admin archive; excluded from student practice pending source, answer, KaTeX, and/or mapping verification."
APCALC-LEGACY-BC-MCQ-1997-017,mcq,1997,AP Calculus BC,,,,incomplete,incomplete,uncertain,blocked,syntax_checked_not_source_verified,not_required,uncertain,True,"Retained in the canonical/admin archive; excluded from student practice pending source, answer, KaTeX, and/or mapping verification."
APCALC-LEGACY-BC-MCQ-1997-018,mcq,1997,AP Calculus BC,,,,incomplete,incomplete,uncertain,blocked,syntax_checked_not_source_verified,not_required,uncertain,True,"Retained in the canonical/admin archive; excluded from student practice pending source, answer, KaTeX, and/or mapping verification."
APCALC-LEGACY-BC-MCQ-1997-019,mcq,1997,AP Calculus BC,,,,incomplete,incomplete,uncertain,blocked,syntax_checked_not_source_verified,not_required,uncertain,True,"Retained in the canonical/admin archive; excluded from student practice pending source, answer, KaTeX, and/or mapping verification."
APCALC-LEGACY-BC-MCQ-1997-020,mcq,1997,AP Calculus BC,,,,incomplete,incomplete,uncertain,blocked,syntax_checked_not_source_verified,not_required,uncertain,True,"Retained in the canonical/admin archive; excluded from student practice pending source, answer, KaTeX, and/or mapping verification."
APCALC-LEGACY-BC-MCQ-1997-021,mcq,1997,AP Calculus BC,,,,incomplete,incomplete,uncertain,blocked,syntax_checked_not_source_verified,not_required,uncertain,True,"Retained in the canonical/admin archive; excluded from student practice pending source, answer, KaTeX, and/or mapping verification."
APCALC-LEGACY-BC-MCQ-1997-022,mcq,1997,AP Calculus BC,,,,incomplete,incomplete,uncertain,blocked,syntax_checked_not_source_verified,not_required,uncertain,True,"Retained in the canonical/admin archive; excluded from student practice pending source, answer, KaTeX, and/or mapping verification."
APCALC-LEGACY-BC-MCQ-1997-023,mcq,1997,AP Calculus BC,,,,incomplete,incomplete,uncertain,blocked,syntax_checked_not_source_verified,not_required,uncertain,True,"Retained in the canonical/admin archive; excluded from student practice pending source, answer, KaTeX, and/or mapping verification."
APCALC-LEGACY-BC-MCQ-1997-024,mcq,1997,AP Calculus BC,,,,incomplete,incomplete,uncertain,blocked,syntax_checked_not_source_verified,not_required,uncertain,True,"Retained in the canonical/admin archive; excluded from student practice pending source, answer, KaTeX, and/or mapping verification."
APCALC-LEGACY-BC-MCQ-1997-025,mcq,1997,AP Calculus BC,,,,incomplete,incomplete,uncertain,blocked,syntax_checked_not_source_verified,not_required,uncertain,True,"Retained in the canonical/admin archive; excluded from student practice pending source, answer, KaTeX, and/or mapping verification."
APCALC-LEGACY-BC-MCQ-1997-076,mcq,1997,AP Calculus BC,,,,incomplete,incomplete,uncertain,blocked,syntax_checked_not_source_verified,not_required,uncertain,True,"Retained in the canonical/admin archive; excluded from student practice pending source, answer, KaTeX, and/or mapping verification."
APCALC-LEGACY-BC-MCQ-1997-077,mcq,1997,AP Calculus BC,,,,incomplete,incomplete,uncertain,blocked,syntax_checked_not_source_verified,not_required,uncertain,True,"Retained in the canonical/admin archive; excluded from student practice pending source, answer, KaTeX, and/or mapping verification."
APCALC-LEGACY-BC-MCQ-1997-078,mcq,1997,AP Calculus BC,,,,incomplete,incomplete,uncertain,blocked,syntax_checked_not_source_verified,not_required,uncertain,True,"Retained in the canonical/admin archive; excluded from student practice pending source, answer, KaTeX, and/or mapping verification."
APCALC-LEGACY-BC-MCQ-1997-079,mcq,1997,AP Calculus BC,,,,incomplete,incomplete,uncertain,blocked,syntax_checked_not_source_verified,not_required,uncertain,True,"Retained in the canonical/admin archive; excluded from student practice pending source, answer, KaTeX, and/or mapping verification."
APCALC-LEGACY-BC-MCQ-1997-080,mcq,1997,AP Calculus BC,,,,incomplete,incomplete,uncertain,blocked,syntax_checked_not_source_verified,not_required,uncertain,True,"Retained in the canonical/admin archive; excluded from student practice pending source, answer, KaTeX, and/or mapping verification."
APCALC-LEGACY-BC-MCQ-1997-081,mcq,1997,AP Calculus BC,,,,incomplete,incomplete,uncertain,blocked,syntax_checked_not_source_verified,not_required,uncertain,True,"Retained in the canonical/admin archive; excluded from student practice pending source, answer, KaTeX, and/or mapping verification."
APCALC-LEGACY-BC-MCQ-1997-082,mcq,1997,AP Calculus BC,,,,incomplete,incomplete,uncertain,blocked,syntax_checked_not_source_verified,not_required,uncertain,True,"Retained in the canonical/admin archive; excluded from student practice pending source, answer, KaTeX, and/or mapping verification."
APCALC-LEGACY-BC-MCQ-1997-083,mcq,1997,AP Calculus BC,,,,incomplete,incomplete,uncertain,blocked,syntax_checked_not_source_verified,not_required,uncertain,True,"Retained in the canonical/admin archive; excluded from student practice pending source, answer, KaTeX, and/or mapping verification."
APCALC-LEGACY-BC-MCQ-1997-084,mcq,1997,AP Calculus BC,,,,incomplete,incomplete,uncertain,blocked,syntax_checked_not_source_verified,not_required,uncertain,True,"Retained in the canonical/admin archive; excluded from student practice pending source, answer, KaTeX, and/or mapping verification."
APCALC-LEGACY-BC-MCQ-1997-085,mcq,1997,AP Calculus BC,,,,incomplete,incomplete,uncertain,blocked,syntax_checked_not_source_verified,not_required,uncertain,True,"Retained in the canonical/admin archive; excluded from student practice pending source, answer, KaTeX, and/or mapping verification."
APCALC-LEGACY-BC-MCQ-1997-086,mcq,1997,AP Calculus BC,,,,incomplete,incomplete,uncertain,blocked,syntax_checked_not_source_verified,not_required,uncertain,True,"Retained in the canonical/admin archive; excluded from student practice pending source, answer, KaTeX, and/or mapping verification."
APCALC-LEGACY-BC-MCQ-1997-087,mcq,1997,AP Calculus BC,,,,incomplete,incomplete,uncertain,blocked,syntax_checked_not_source_verified,not_required,uncertain,True,"Retained in the canonical/admin archive; excluded from student practice pending source, answer, KaTeX, and/or mapping verification."
APCALC-LEGACY-BC-MCQ-1997-088,mcq,1997,AP Calculus BC,,,,incomplete,incomplete,uncertain,blocked,syntax_checked_not_source_verified,not_required,uncertain,True,"Retained in the canonical/admin archive; excluded from student practice pending source, answer, KaTeX, and/or mapping verification."
APCALC-LEGACY-BC-MCQ-1997-089,mcq,1997,AP Calculus BC,,,,incomplete,incomplete,uncertain,blocked,syntax_checked_not_source_verified,not_required,uncertain,True,"Retained in the canonical/admin archive; excluded from student practice pending source, answer, KaTeX, and/or mapping verification."
APCALC-LEGACY-BC-MCQ-1997-090,mcq,1997,AP Calculus BC,,,,incomplete,incomplete,uncertain,blocked,syntax_checked_not_source_verified,not_required,uncertain,True,"Retained in the canonical/admin archive; excluded from student practice pending source, answer, KaTeX, and/or mapping verification."
APCALC-LEGACY-BC-MCQ-1998-001,mcq,1998,AP Calculus BC,,,,incomplete,incomplete,uncertain,blocked,syntax_checked_not_source_verified,not_required,uncertain,True,"Retained in the canonical/admin archive; excluded from student practice pending source, answer, KaTeX, and/or mapping verification."
APCALC-LEGACY-BC-MCQ-1998-002,mcq,1998,AP Calculus BC,,,,incomplete,incomplete,uncertain,blocked,syntax_checked_not_source_verified,not_required,uncertain,True,"Retained in the canonical/admin archive; excluded from student practice pending source, answer, KaTeX, and/or mapping verification."
APCALC-LEGACY-BC-MCQ-1998-003,mcq,1998,AP Calculus BC,,,,incomplete,incomplete,uncertain,blocked,syntax_checked_not_source_verified,not_required,uncertain,True,"Retained in the canonical/admin archive; excluded from student practice pending source, answer, KaTeX, and/or mapping verification."
APCALC-LEGACY-BC-MCQ-1998-004,mcq,1998,AP Calculus BC,,,,incomplete,incomplete,uncertain,blocked,syntax_checked_not_source_verified,not_required,uncertain,True,"Retained in the canonical/admin archive; excluded from student practice pending source, answer, KaTeX, and/or mapping verification."
APCALC-LEGACY-BC-MCQ-1998-005,mcq,1998,AP Calculus BC,,,,incomplete,incomplete,uncertain,blocked,syntax_checked_not_source_verified,not_required,uncertain,True,"Retained in the canonical/admin archive; excluded from student practice pending source, answer, KaTeX, and/or mapping verification."
APCALC-LEGACY-BC-MCQ-1998-006,mcq,1998,AP Calculus BC,,,,incomplete,incomplete,uncertain,blocked,syntax_checked_not_source_verified,not_required,uncertain,True,"Retained in the canonical/admin archive; excluded from student practice pending source, answer, KaTeX, and/or mapping verification."
APCALC-LEGACY-BC-MCQ-1998-007,mcq,1998,AP Calculus BC,,,,incomplete,incomplete,uncertain,blocked,syntax_checked_not_source_verified,not_required,uncertain,True,"Retained in the canonical/admin archive; excluded from student practice pending source, answer, KaTeX, and/or mapping verification."
APCALC-LEGACY-BC-MCQ-1998-008,mcq,1998,AP Calculus BC,,,,incomplete,incomplete,uncertain,blocked,syntax_checked_not_source_verified,not_required,uncertain,True,"Retained in the canonical/admin archive; excluded from student practice pending source, answer, KaTeX, and/or mapping verification."
APCALC-LEGACY-BC-MCQ-1998-009,mcq,1998,AP Calculus BC,,,,incomplete,incomplete,uncertain,blocked,syntax_checked_not_source_verified,not_required,uncertain,True,"Retained in the canonical/admin archive; excluded from student practice pending source, answer, KaTeX, and/or mapping verification."
APCALC-LEGACY-BC-MCQ-1998-010,mcq,1998,AP Calculus BC,,,,incomplete,incomplete,uncertain,blocked,syntax_checked_not_source_verified,not_required,uncertain,True,"Retained in the canonical/admin archive; excluded from student practice pending source, answer, KaTeX, and/or mapping verification."
APCALC-LEGACY-BC-MCQ-1998-011,mcq,1998,AP Calculus BC,,,,incomplete,incomplete,uncertain,blocked,syntax_checked_not_source_verified,not_required,uncertain,True,"Retained in the canonical/admin archive; excluded from student practice pending source, answer, KaTeX, and/or mapping verification."
APCALC-LEGACY-BC-MCQ-1998-012,mcq,1998,AP Calculus BC,,,,incomplete,incomplete,uncertain,blocked,syntax_checked_not_source_verified,not_required,uncertain,True,"Retained in the canonical/admin archive; excluded from student practice pending source, answer, KaTeX, and/or mapping verification."
APCALC-LEGACY-BC-MCQ-1998-013,mcq,1998,AP Calculus BC,,,,incomplete,incomplete,uncertain,blocked,syntax_checked_not_source_verified,not_required,uncertain,True,"Retained in the canonical/admin archive; excluded from student practice pending source, answer, KaTeX, and/or mapping verification."
APCALC-LEGACY-BC-MCQ-1998-014,mcq,1998,AP Calculus BC,,,,incomplete,incomplete,uncertain,blocked,syntax_checked_not_source_verified,not_required,uncertain,True,"Retained in the canonical/admin archive; excluded from student practice pending source, answer, KaTeX, and/or mapping verification."
APCALC-LEGACY-BC-MCQ-1998-015,mcq,1998,AP Calculus BC,,,,incomplete,incomplete,uncertain,blocked,syntax_checked_not_source_verified,not_required,uncertain,True,"Retained in the canonical/admin archive; excluded from student practice pending source, answer, KaTeX, and/or mapping verification."
APCALC-LEGACY-BC-MCQ-1998-016,mcq,1998,AP Calculus BC,,,,incomplete,incomplete,uncertain,blocked,syntax_checked_not_source_verified,not_required,uncertain,True,"Retained in the canonical/admin archive; excluded from student practice pending source, answer, KaTeX, and/or mapping verification."
APCALC-LEGACY-BC-MCQ-1998-017,mcq,1998,AP Calculus BC,,,,incomplete,incomplete,uncertain,blocked,syntax_checked_not_source_verified,not_required,uncertain,True,"Retained in the canonical/admin archive; excluded from student practice pending source, answer, KaTeX, and/or mapping verification."
APCALC-LEGACY-BC-MCQ-1998-018,mcq,1998,AP Calculus BC,,,,incomplete,incomplete,uncertain,blocked,syntax_checked_not_source_verified,not_required,uncertain,True,"Retained in the canonical/admin archive; excluded from student practice pending source, answer, KaTeX, and/or mapping verification."
APCALC-LEGACY-BC-MCQ-1998-019,mcq,1998,AP Calculus BC,,,,incomplete,incomplete,uncertain,blocked,syntax_checked_not_source_verified,not_required,uncertain,True,"Retained in the canonical/admin archive; excluded from student practice pending source, answer, KaTeX, and/or mapping verification."
APCALC-LEGACY-BC-MCQ-1998-020,mcq,1998,AP Calculus BC,,,,incomplete,incomplete,uncertain,blocked,syntax_checked_not_source_verified,not_required,uncertain,True,"Retained in the canonical/admin archive; excluded from student practice pending source, answer, KaTeX, and/or mapping verification."
APCALC-LEGACY-BC-MCQ-1998-021,mcq,1998,AP Calculus BC,,,,incomplete,incomplete,uncertain,blocked,syntax_checked_not_source_verified,not_required,uncertain,True,"Retained in the canonical/admin archive; excluded from student practice pending source, answer, KaTeX, and/or mapping verification."
APCALC-LEGACY-BC-MCQ-1998-022,mcq,1998,AP Calculus BC,,,,incomplete,incomplete,uncertain,blocked,syntax_checked_not_source_verified,not_required,uncertain,True,"Retained in the canonical/admin archive; excluded from student practice pending source, answer, KaTeX, and/or mapping verification."
APCALC-LEGACY-BC-MCQ-1998-023,mcq,1998,AP Calculus BC,,,,incomplete,incomplete,uncertain,blocked,syntax_checked_not_source_verified,not_required,uncertain,True,"Retained in the canonical/admin archive; excluded from student practice pending source, answer, KaTeX, and/or mapping verification."
APCALC-LEGACY-BC-MCQ-1998-024,mcq,1998,AP Calculus BC,,,,incomplete,incomplete,uncertain,blocked,syntax_checked_not_source_verified,not_required,uncertain,True,"Retained in the canonical/admin archive; excluded from student practice pending source, answer, KaTeX, and/or mapping verification."
APCALC-LEGACY-BC-MCQ-1998-025,mcq,1998,AP Calculus BC,,,,incomplete,incomplete,uncertain,blocked,syntax_checked_not_source_verified,not_required,uncertain,True,"Retained in the canonical/admin archive; excluded from student practice pending source, answer, KaTeX, and/or mapping verification."
APCALC-LEGACY-BC-MCQ-1998-026,mcq,1998,AP Calculus BC,,,,incomplete,incomplete,uncertain,blocked,syntax_checked_not_source_verified,not_required,uncertain,True,"Retained in the canonical/admin archive; excluded from student practice pending source, answer, KaTeX, and/or mapping verification."
APCALC-LEGACY-BC-MCQ-1998-027,mcq,1998,AP Calculus BC,,,,incomplete,incomplete,uncertain,blocked,syntax_checked_not_source_verified,not_required,uncertain,True,"Retained in the canonical/admin archive; excluded from student practice pending source, answer, KaTeX, and/or mapping verification."
APCALC-LEGACY-BC-MCQ-1998-028,mcq,1998,AP Calculus BC,,,,incomplete,incomplete,uncertain,blocked,syntax_checked_not_source_verified,not_required,uncertain,True,"Retained in the canonical/admin archive; excluded from student practice pending source, answer, KaTeX, and/or mapping verification."
APCALC-LEGACY-BC-MCQ-1998-076,mcq,1998,AP Calculus BC,,,,incomplete,incomplete,uncertain,blocked,syntax_checked_not_source_verified,not_required,uncertain,True,"Retained in the canonical/admin archive; excluded from student practice pending source, answer, KaTeX, and/or mapping verification."
APCALC-LEGACY-BC-MCQ-1998-077,mcq,1998,AP Calculus BC,,,,incomplete,incomplete,uncertain,blocked,syntax_checked_not_source_verified,not_required,uncertain,True,"Retained in the canonical/admin archive; excluded from student practice pending source, answer, KaTeX, and/or mapping verification."
APCALC-LEGACY-BC-MCQ-1998-078,mcq,1998,AP Calculus BC,,,,incomplete,incomplete,uncertain,blocked,syntax_checked_not_source_verified,not_required,uncertain,True,"Retained in the canonical/admin archive; excluded from student practice pending source, answer, KaTeX, and/or mapping verification."
APCALC-LEGACY-BC-MCQ-1998-079,mcq,1998,AP Calculus BC,,,,incomplete,incomplete,uncertain,blocked,syntax_checked_not_source_verified,not_required,uncertain,True,"Retained in the canonical/admin archive; excluded from student practice pending source, answer, KaTeX, and/or mapping verification."
APCALC-LEGACY-BC-MCQ-1998-080,mcq,1998,AP Calculus BC,,,,incomplete,incomplete,uncertain,blocked,syntax_checked_not_source_verified,not_required,uncertain,True,"Retained in the canonical/admin archive; excluded from student practice pending source, answer, KaTeX, and/or mapping verification."
APCALC-LEGACY-BC-MCQ-1998-081,mcq,1998,AP Calculus BC,,,,incomplete,incomplete,uncertain,blocked,syntax_checked_not_source_verified,not_required,uncertain,True,"Retained in the canonical/admin archive; excluded from student practice pending source, answer, KaTeX, and/or mapping verification."
APCALC-LEGACY-BC-MCQ-1998-082,mcq,1998,AP Calculus BC,,,,incomplete,incomplete,uncertain,blocked,syntax_checked_not_source_verified,not_required,uncertain,True,"Retained in the canonical/admin archive; excluded from student practice pending source, answer, KaTeX, and/or mapping verification."
APCALC-LEGACY-BC-MCQ-1998-083,mcq,1998,AP Calculus BC,,,,incomplete,incomplete,uncertain,blocked,syntax_checked_not_source_verified,not_required,uncertain,True,"Retained in the canonical/admin archive; excluded from student practice pending source, answer, KaTeX, and/or mapping verification."
APCALC-LEGACY-BC-MCQ-1998-084,mcq,1998,AP Calculus BC,,,,incomplete,incomplete,uncertain,blocked,syntax_checked_not_source_verified,not_required,uncertain,True,"Retained in the canonical/admin archive; excluded from student practice pending source, answer, KaTeX, and/or mapping verification."
APCALC-LEGACY-BC-MCQ-1998-085,mcq,1998,AP Calculus BC,,,,incomplete,incomplete,uncertain,blocked,syntax_checked_not_source_verified,not_required,uncertain,True,"Retained in the canonical/admin archive; excluded from student practice pending source, answer, KaTeX, and/or mapping verification."
APCALC-LEGACY-BC-MCQ-1998-086,mcq,1998,AP Calculus BC,,,,incomplete,incomplete,uncertain,blocked,syntax_checked_not_source_verified,not_required,uncertain,True,"Retained in the canonical/admin archive; excluded from student practice pending source, answer, KaTeX, and/or mapping verification."
APCALC-LEGACY-BC-MCQ-1998-087,mcq,1998,AP Calculus BC,,,,incomplete,incomplete,uncertain,blocked,syntax_checked_not_source_verified,not_required,uncertain,True,"Retained in the canonical/admin archive; excluded from student practice pending source, answer, KaTeX, and/or mapping verification."
APCALC-LEGACY-BC-MCQ-1998-088,mcq,1998,AP Calculus BC,,,,incomplete,incomplete,uncertain,blocked,syntax_checked_not_source_verified,not_required,uncertain,True,"Retained in the canonical/admin archive; excluded from student practice pending source, answer, KaTeX, and/or mapping verification."
APCALC-LEGACY-BC-MCQ-1998-089,mcq,1998,AP Calculus BC,,,,incomplete,incomplete,uncertain,blocked,syntax_checked_not_source_verified,not_required,uncertain,True,"Retained in the canonical/admin archive; excluded from student practice pending source, answer, KaTeX, and/or mapping verification."
APCALC-LEGACY-BC-MCQ-1998-090,mcq,1998,AP Calculus BC,,,,incomplete,incomplete,uncertain,blocked,syntax_checked_not_source_verified,not_required,uncertain,True,"Retained in the canonical/admin archive; excluded from student practice pending source, answer, KaTeX, and/or mapping verification."
APCALC-LEGACY-BC-MCQ-1998-091,mcq,1998,AP Calculus BC,,,,incomplete,incomplete,uncertain,blocked,syntax_checked_not_source_verified,not_required,uncertain,True,"Retained in the canonical/admin archive; excluded from student practice pending source, answer, KaTeX, and/or mapping verification."
APCALC-LEGACY-BC-MCQ-1998-092,mcq,1998,AP Calculus BC,,,,incomplete,incomplete,uncertain,blocked,syntax_checked_not_source_verified,not_required,uncertain,True,"Retained in the canonical/admin archive; excluded from student practice pending source, answer, KaTeX, and/or mapping verification."
ECHS-G9PRECALC-ORIGINAL-G9-U5-001,mcq,,Grade 9 Pre-Precalculus,2,Distance Formula (unmapped enrichment),,verified,verified,verified,verified,verified,not_required,corrected,True,The current G9 portal has no exact distance-formula lesson. The record is mathematically verified but remains archive-only rather than being attached to a merely related coordinate-plane lesson.
APCALC-BC-FRQ-1974-03,frq,1974,AP Calculus BC,8,U8,APCALC-U8,uncertain,not_applicable,incomplete,blocked,syntax_checked_not_source_verified,verified,uncertain,True,"Retained in the canonical/admin archive; excluded from student practice pending source, answer, KaTeX, and/or mapping verification."
APCALC-AB-FRQ-1981-01,frq,1981,AP Calculus AB,2,U2,APCALC-U2,uncertain,not_applicable,incomplete,blocked,syntax_checked_not_source_verified,verified,uncertain,True,"Retained in the canonical/admin archive; excluded from student practice pending source, answer, KaTeX, and/or mapping verification."
APCALC-AB-FRQ-1981-02,frq,1981,AP Calculus AB,8,U8,APCALC-U8,uncertain,not_applicable,incomplete,blocked,syntax_checked_not_source_verified,verified,uncertain,True,"Retained in the canonical/admin archive; excluded from student practice pending source, answer, KaTeX, and/or mapping verification."
APCALC-AB-FRQ-1981-03,frq,1981,AP Calculus AB,5,U5,APCALC-U5,uncertain,not_applicable,incomplete,blocked,syntax_checked_not_source_verified,verified,uncertain,True,"Retained in the canonical/admin archive; excluded from student practice pending source, answer, KaTeX, and/or mapping verification."
APCALC-AB-FRQ-1981-04,frq,1981,AP Calculus AB,2,U2,APCALC-U2,uncertain,not_applicable,incomplete,blocked,syntax_checked_not_source_verified,verified,uncertain,True,"Retained in the canonical/admin archive; excluded from student practice pending source, answer, KaTeX, and/or mapping verification."
APCALC-AB-FRQ-1981-05,frq,1981,AP Calculus AB,2,U2,APCALC-U2,uncertain,not_applicable,incomplete,blocked,syntax_checked_not_source_verified,verified,uncertain,True,"Retained in the canonical/admin archive; excluded from student practice pending source, answer, KaTeX, and/or mapping verification."
APCALC-AB-FRQ-1981-06,frq,1981,AP Calculus AB,4,U4,APCALC-U4,uncertain,not_applicable,incomplete,blocked,syntax_checked_not_source_verified,verified,uncertain,True,"Retained in the canonical/admin archive; excluded from student practice pending source, answer, KaTeX, and/or mapping verification."
APCALC-AB-FRQ-1981-07,frq,1981,AP Calculus AB,1,U1,APCALC-U1,uncertain,not_applicable,incomplete,blocked,syntax_checked_not_source_verified,verified,uncertain,True,"Retained in the canonical/admin archive; excluded from student practice pending source, answer, KaTeX, and/or mapping verification."
APCALC-AB-FRQ-1982-01,frq,1982,AP Calculus AB,4,U4,APCALC-U4,uncertain,not_applicable,incomplete,blocked,syntax_checked_not_source_verified,verified,uncertain,True,"Retained in the canonical/admin archive; excluded from student practice pending source, answer, KaTeX, and/or mapping verification."
APCALC-AB-FRQ-1982-02,frq,1982,AP Calculus AB,1,U1,APCALC-U1,uncertain,not_applicable,incomplete,blocked,syntax_checked_not_source_verified,verified,uncertain,True,"Retained in the canonical/admin archive; excluded from student practice pending source, answer, KaTeX, and/or mapping verification."
APCALC-AB-FRQ-1982-03,frq,1982,AP Calculus AB,8,U8,APCALC-U8,uncertain,not_applicable,incomplete,blocked,syntax_checked_not_source_verified,verified,uncertain,True,"Retained in the canonical/admin archive; excluded from student practice pending source, answer, KaTeX, and/or mapping verification."
APCALC-AB-FRQ-1982-04,frq,1982,AP Calculus AB,4,U4,APCALC-U4,uncertain,not_applicable,incomplete,blocked,syntax_checked_not_source_verified,verified,uncertain,True,"Retained in the canonical/admin archive; excluded from student practice pending source, answer, KaTeX, and/or mapping verification."
APCALC-AB-FRQ-1982-05,frq,1982,AP Calculus AB,5,U5,APCALC-U5,uncertain,not_applicable,incomplete,blocked,syntax_checked_not_source_verified,verified,uncertain,True,"Retained in the canonical/admin archive; excluded from student practice pending source, answer, KaTeX, and/or mapping verification."
APCALC-AB-FRQ-1982-06,frq,1982,AP Calculus AB,8,U8,APCALC-U8,uncertain,not_applicable,incomplete,blocked,syntax_checked_not_source_verified,verified,uncertain,True,"Retained in the canonical/admin archive; excluded from student practice pending source, answer, KaTeX, and/or mapping verification."
APCALC-AB-FRQ-1982-07,frq,1982,AP Calculus AB,2,U2,APCALC-U2,uncertain,not_applicable,incomplete,blocked,syntax_checked_not_source_verified,verified,uncertain,True,"Retained in the canonical/admin archive; excluded from student practice pending source, answer, KaTeX, and/or mapping verification."
APCALC-AB-FRQ-1983-01,frq,1983,AP Calculus AB,2,U2,APCALC-U2,uncertain,not_applicable,incomplete,blocked,syntax_checked_not_source_verified,verified,uncertain,True,"Retained in the canonical/admin archive; excluded from student practice pending source, answer, KaTeX, and/or mapping verification."
APCALC-AB-FRQ-1983-02,frq,1983,AP Calculus AB,8,U8,APCALC-U8,uncertain,not_applicable,incomplete,blocked,syntax_checked_not_source_verified,verified,uncertain,True,"Retained in the canonical/admin archive; excluded from student practice pending source, answer, KaTeX, and/or mapping verification."
APCALC-AB-FRQ-1983-03,frq,1983,AP Calculus AB,5,U5,APCALC-U5,uncertain,not_applicable,incomplete,blocked,syntax_checked_not_source_verified,verified,uncertain,True,"Retained in the canonical/admin archive; excluded from student practice pending source, answer, KaTeX, and/or mapping verification."
APCALC-AB-FRQ-1983-04,frq,1983,AP Calculus AB,8,U8,APCALC-U8,uncertain,not_applicable,incomplete,blocked,syntax_checked_not_source_verified,verified,uncertain,True,"Retained in the canonical/admin archive; excluded from student practice pending source, answer, KaTeX, and/or mapping verification."
APCALC-AB-FRQ-1983-05,frq,1983,AP Calculus AB,8,U8,APCALC-U8,uncertain,not_applicable,incomplete,blocked,syntax_checked_not_source_verified,verified,uncertain,True,"Retained in the canonical/admin archive; excluded from student practice pending source, answer, KaTeX, and/or mapping verification."
APCALC-AB-FRQ-1983-06,frq,1983,AP Calculus AB,8,U8,APCALC-U8,uncertain,not_applicable,incomplete,blocked,syntax_checked_not_source_verified,verified,uncertain,True,"Retained in the canonical/admin archive; excluded from student practice pending source, answer, KaTeX, and/or mapping verification."
APCALC-AB-FRQ-1984-01,frq,1984,AP Calculus AB,4,U4,APCALC-U4,uncertain,not_applicable,incomplete,blocked,syntax_checked_not_source_verified,verified,uncertain,True,"Retained in the canonical/admin archive; excluded from student practice pending source, answer, KaTeX, and/or mapping verification."
APCALC-AB-FRQ-1984-02,frq,1984,AP Calculus AB,2,U2,APCALC-U2,uncertain,not_applicable,incomplete,blocked,syntax_checked_not_source_verified,verified,uncertain,True,"Retained in the canonical/admin archive; excluded from student practice pending source, answer, KaTeX, and/or mapping verification."
APCALC-AB-FRQ-1984-03,frq,1984,AP Calculus AB,8,U8,APCALC-U8,uncertain,not_applicable,incomplete,blocked,syntax_checked_not_source_verified,verified,uncertain,True,"Retained in the canonical/admin archive; excluded from student practice pending source, answer, KaTeX, and/or mapping verification."
APCALC-AB-FRQ-1984-04,frq,1984,AP Calculus AB,5,U5,APCALC-U5,uncertain,not_applicable,incomplete,blocked,syntax_checked_not_source_verified,verified,uncertain,True,"Retained in the canonical/admin archive; excluded from student practice pending source, answer, KaTeX, and/or mapping verification."
APCALC-AB-FRQ-1984-05,frq,1984,AP Calculus AB,8,U8,APCALC-U8,uncertain,not_applicable,incomplete,blocked,syntax_checked_not_source_verified,verified,uncertain,True,"Retained in the canonical/admin archive; excluded from student practice pending source, answer, KaTeX, and/or mapping verification."
APCALC-AB-FRQ-1985-01,frq,1985,AP Calculus AB,1,U1,APCALC-U1,uncertain,not_applicable,incomplete,blocked,syntax_checked_not_source_verified,verified,uncertain,True,"Retained in the canonical/admin archive; excluded from student practice pending source, answer, KaTeX, and/or mapping verification."
APCALC-AB-FRQ-1985-02,frq,1985,AP Calculus AB,8,U8,APCALC-U8,uncertain,not_applicable,incomplete,blocked,syntax_checked_not_source_verified,verified,uncertain,True,"Retained in the canonical/admin archive; excluded from student practice pending source, answer, KaTeX, and/or mapping verification."
APCALC-AB-FRQ-1985-03,frq,1985,AP Calculus AB,8,U8,APCALC-U8,uncertain,not_applicable,incomplete,blocked,syntax_checked_not_source_verified,verified,uncertain,True,"Retained in the canonical/admin archive; excluded from student practice pending source, answer, KaTeX, and/or mapping verification."
APCALC-AB-FRQ-1985-04,frq,1985,AP Calculus AB,8,U8,APCALC-U8,uncertain,not_applicable,incomplete,blocked,syntax_checked_not_source_verified,verified,uncertain,True,"Retained in the canonical/admin archive; excluded from student practice pending source, answer, KaTeX, and/or mapping verification."
APCALC-AB-FRQ-1985-05,frq,1985,AP Calculus AB,8,U8,APCALC-U8,uncertain,not_applicable,incomplete,blocked,syntax_checked_not_source_verified,verified,uncertain,True,"Retained in the canonical/admin archive; excluded from student practice pending source, answer, KaTeX, and/or mapping verification."
APCALC-AB-FRQ-1985-06,frq,1985,AP Calculus AB,5,U5,APCALC-U5,uncertain,not_applicable,incomplete,blocked,syntax_checked_not_source_verified,verified,uncertain,True,"Retained in the canonical/admin archive; excluded from student practice pending source, answer, KaTeX, and/or mapping verification."
APCALC-AB-FRQ-1986-01,frq,1986,AP Calculus AB,5,U5,APCALC-U5,uncertain,not_applicable,incomplete,blocked,syntax_checked_not_source_verified,verified,uncertain,True,"Retained in the canonical/admin archive; excluded from student practice pending source, answer, KaTeX, and/or mapping verification."
APCALC-AB-FRQ-1986-02,frq,1986,AP Calculus AB,5,U5,APCALC-U5,uncertain,not_applicable,incomplete,blocked,syntax_checked_not_source_verified,verified,uncertain,True,"Retained in the canonical/admin archive; excluded from student practice pending source, answer, KaTeX, and/or mapping verification."
APCALC-AB-FRQ-1986-03,frq,1986,AP Calculus AB,4,U4,APCALC-U4,uncertain,not_applicable,incomplete,blocked,syntax_checked_not_source_verified,verified,uncertain,True,"Retained in the canonical/admin archive; excluded from student practice pending source, answer, KaTeX, and/or mapping verification."
APCALC-AB-FRQ-1986-04,frq,1986,AP Calculus AB,2,U2,APCALC-U2,uncertain,not_applicable,incomplete,blocked,syntax_checked_not_source_verified,verified,uncertain,True,"Retained in the canonical/admin archive; excluded from student practice pending source, answer, KaTeX, and/or mapping verification."
APCALC-AB-FRQ-1986-05,frq,1986,AP Calculus AB,8,U8,APCALC-U8,uncertain,not_applicable,incomplete,blocked,syntax_checked_not_source_verified,verified,uncertain,True,"Retained in the canonical/admin archive; excluded from student practice pending source, answer, KaTeX, and/or mapping verification."
APCALC-AB-FRQ-1986-06,frq,1986,AP Calculus AB,8,U8,APCALC-U8,uncertain,not_applicable,incomplete,blocked,syntax_checked_not_source_verified,verified,uncertain,True,"Retained in the canonical/admin archive; excluded from student practice pending source, answer, KaTeX, and/or mapping verification."
APCALC-AB-FRQ-1987-01,frq,1987,AP Calculus AB,8,U8,APCALC-U8,uncertain,not_applicable,incomplete,blocked,syntax_checked_not_source_verified,verified,uncertain,True,"Retained in the canonical/admin archive; excluded from student practice pending source, answer, KaTeX, and/or mapping verification."
APCALC-AB-FRQ-1987-02,frq,1987,AP Calculus AB,2,U2,APCALC-U2,uncertain,not_applicable,incomplete,blocked,syntax_checked_not_source_verified,verified,uncertain,True,"Retained in the canonical/admin archive; excluded from student practice pending source, answer, KaTeX, and/or mapping verification."
APCALC-AB-FRQ-1987-03,frq,1987,AP Calculus AB,8,U8,APCALC-U8,uncertain,not_applicable,incomplete,blocked,syntax_checked_not_source_verified,verified,uncertain,True,"Retained in the canonical/admin archive; excluded from student practice pending source, answer, KaTeX, and/or mapping verification."
APCALC-AB-FRQ-1987-04,frq,1987,AP Calculus AB,5,U5,APCALC-U5,uncertain,not_applicable,incomplete,blocked,syntax_checked_not_source_verified,verified,uncertain,True,"Retained in the canonical/admin archive; excluded from student practice pending source, answer, KaTeX, and/or mapping verification."
APCALC-AB-FRQ-1987-05,frq,1987,AP Calculus AB,8,U8,APCALC-U8,uncertain,not_applicable,incomplete,blocked,syntax_checked_not_source_verified,verified,uncertain,True,"Retained in the canonical/admin archive; excluded from student practice pending source, answer, KaTeX, and/or mapping verification."
APCALC-AB-FRQ-1987-06,frq,1987,AP Calculus AB,8,U8,APCALC-U8,uncertain,not_applicable,incomplete,blocked,syntax_checked_not_source_verified,verified,uncertain,True,"Retained in the canonical/admin archive; excluded from student practice pending source, answer, KaTeX, and/or mapping verification."
APCALC-AB-FRQ-1988-01,frq,1988,AP Calculus AB,2,U2,APCALC-U2,uncertain,not_applicable,incomplete,blocked,syntax_checked_not_source_verified,verified,uncertain,True,"Retained in the canonical/admin archive; excluded from student practice pending source, answer, KaTeX, and/or mapping verification."
APCALC-AB-FRQ-1988-02,frq,1988,AP Calculus AB,4,U4,APCALC-U4,uncertain,not_applicable,incomplete,blocked,syntax_checked_not_source_verified,verified,uncertain,True,"Retained in the canonical/admin archive; excluded from student practice pending source, answer, KaTeX, and/or mapping verification."
APCALC-AB-FRQ-1988-03,frq,1988,AP Calculus AB,8,U8,APCALC-U8,uncertain,not_applicable,incomplete,blocked,syntax_checked_not_source_verified,verified,uncertain,True,"Retained in the canonical/admin archive; excluded from student practice pending source, answer, KaTeX, and/or mapping verification."
APCALC-AB-FRQ-1988-04,frq,1988,AP Calculus AB,9,U9,APCALC-U9,uncertain,not_applicable,incomplete,blocked,syntax_checked_not_source_verified,verified,uncertain,True,"Retained in the canonical/admin archive; excluded from student practice pending source, answer, KaTeX, and/or mapping verification."
APCALC-AB-FRQ-1988-05,frq,1988,AP Calculus AB,8,U8,APCALC-U8,uncertain,not_applicable,incomplete,blocked,syntax_checked_not_source_verified,verified,uncertain,True,"Retained in the canonical/admin archive; excluded from student practice pending source, answer, KaTeX, and/or mapping verification."
APCALC-AB-FRQ-1988-06,frq,1988,AP Calculus AB,2,U2,APCALC-U2,uncertain,not_applicable,incomplete,blocked,syntax_checked_not_source_verified,verified,uncertain,True,"Retained in the canonical/admin archive; excluded from student practice pending source, answer, KaTeX, and/or mapping verification."
APCALC-AB-FRQ-1989-01,frq,1989,AP Calculus AB,2,U2,APCALC-U2,uncertain,not_applicable,incomplete,blocked,syntax_checked_not_source_verified,verified,uncertain,True,"Retained in the canonical/admin archive; excluded from student practice pending source, answer, KaTeX, and/or mapping verification."
APCALC-AB-FRQ-1989-02,frq,1989,AP Calculus AB,8,U8,APCALC-U8,uncertain,not_applicable,incomplete,blocked,syntax_checked_not_source_verified,verified,uncertain,True,"Retained in the canonical/admin archive; excluded from student practice pending source, answer, KaTeX, and/or mapping verification."
APCALC-AB-FRQ-1989-03,frq,1989,AP Calculus AB,4,U4,APCALC-U4,uncertain,not_applicable,incomplete,blocked,syntax_checked_not_source_verified,verified,uncertain,True,"Retained in the canonical/admin archive; excluded from student practice pending source, answer, KaTeX, and/or mapping verification."
APCALC-AB-FRQ-1989-04,frq,1989,AP Calculus AB,1,U1,APCALC-U1,uncertain,not_applicable,incomplete,blocked,syntax_checked_not_source_verified,verified,uncertain,True,"Retained in the canonical/admin archive; excluded from student practice pending source, answer, KaTeX, and/or mapping verification."
APCALC-AB-FRQ-1989-05,frq,1989,AP Calculus AB,5,U5,APCALC-U5,uncertain,not_applicable,incomplete,blocked,syntax_checked_not_source_verified,verified,uncertain,True,"Retained in the canonical/admin archive; excluded from student practice pending source, answer, KaTeX, and/or mapping verification."
APCALC-AB-FRQ-1989-06,frq,1989,AP Calculus AB,7,U7,APCALC-U7,uncertain,not_applicable,incomplete,blocked,syntax_checked_not_source_verified,verified,uncertain,True,"Retained in the canonical/admin archive; excluded from student practice pending source, answer, KaTeX, and/or mapping verification."
APCALC-AB-FRQ-1990-01,frq,1990,AP Calculus AB,8,U8,APCALC-U8,uncertain,not_applicable,incomplete,blocked,syntax_checked_not_source_verified,verified,uncertain,True,"Retained in the canonical/admin archive; excluded from student practice pending source, answer, KaTeX, and/or mapping verification."
APCALC-AB-FRQ-1990-02,frq,1990,AP Calculus AB,2,U2,APCALC-U2,uncertain,not_applicable,incomplete,blocked,syntax_checked_not_source_verified,verified,uncertain,True,"Retained in the canonical/admin archive; excluded from student practice pending source, answer, KaTeX, and/or mapping verification."
APCALC-AB-FRQ-1990-03,frq,1990,AP Calculus AB,8,U8,APCALC-U8,uncertain,not_applicable,incomplete,blocked,syntax_checked_not_source_verified,verified,uncertain,True,"Retained in the canonical/admin archive; excluded from student practice pending source, answer, KaTeX, and/or mapping verification."
APCALC-AB-FRQ-1990-04,frq,1990,AP Calculus AB,8,U8,APCALC-U8,uncertain,not_applicable,incomplete,blocked,syntax_checked_not_source_verified,verified,uncertain,True,"Retained in the canonical/admin archive; excluded from student practice pending source, answer, KaTeX, and/or mapping verification."
APCALC-AB-FRQ-1990-05,frq,1990,AP Calculus AB,5,U5,APCALC-U5,uncertain,not_applicable,incomplete,blocked,syntax_checked_not_source_verified,verified,uncertain,True,"Retained in the canonical/admin archive; excluded from student practice pending source, answer, KaTeX, and/or mapping verification."
APCALC-AB-FRQ-1990-06,frq,1990,AP Calculus AB,9,U9,APCALC-U9,uncertain,not_applicable,incomplete,blocked,syntax_checked_not_source_verified,verified,uncertain,True,"Retained in the canonical/admin archive; excluded from student practice pending source, answer, KaTeX, and/or mapping verification."
APCALC-AB-FRQ-1991-01,frq,1991,AP Calculus AB,8,U8,APCALC-U8,uncertain,not_applicable,incomplete,blocked,syntax_checked_not_source_verified,verified,uncertain,True,"Retained in the canonical/admin archive; excluded from student practice pending source, answer, KaTeX, and/or mapping verification."
APCALC-AB-FRQ-1991-02,frq,1991,AP Calculus AB,8,U8,APCALC-U8,uncertain,not_applicable,incomplete,blocked,syntax_checked_not_source_verified,verified,uncertain,True,"Retained in the canonical/admin archive; excluded from student practice pending source, answer, KaTeX, and/or mapping verification."
APCALC-AB-FRQ-1991-03,frq,1991,AP Calculus AB,2,U2,APCALC-U2,uncertain,not_applicable,incomplete,blocked,syntax_checked_not_source_verified,verified,uncertain,True,"Retained in the canonical/admin archive; excluded from student practice pending source, answer, KaTeX, and/or mapping verification."
APCALC-AB-FRQ-1991-04,frq,1991,AP Calculus AB,2,U2,APCALC-U2,uncertain,not_applicable,incomplete,blocked,syntax_checked_not_source_verified,verified,uncertain,True,"Retained in the canonical/admin archive; excluded from student practice pending source, answer, KaTeX, and/or mapping verification."
APCALC-AB-FRQ-1991-05,frq,1991,AP Calculus AB,9,U9,APCALC-U9,uncertain,not_applicable,incomplete,blocked,syntax_checked_not_source_verified,verified,uncertain,True,"Retained in the canonical/admin archive; excluded from student practice pending source, answer, KaTeX, and/or mapping verification."
APCALC-AB-FRQ-1991-06,frq,1991,AP Calculus AB,2,U2,APCALC-U2,uncertain,not_applicable,incomplete,blocked,syntax_checked_not_source_verified,verified,uncertain,True,"Retained in the canonical/admin archive; excluded from student practice pending source, answer, KaTeX, and/or mapping verification."
APCALC-AB-FRQ-1992-01,frq,1992,AP Calculus AB,5,U5,APCALC-U5,uncertain,not_applicable,incomplete,blocked,syntax_checked_not_source_verified,verified,uncertain,True,"Retained in the canonical/admin archive; excluded from student practice pending source, answer, KaTeX, and/or mapping verification."
APCALC-AB-FRQ-1992-02,frq,1992,AP Calculus AB,8,U8,APCALC-U8,uncertain,not_applicable,incomplete,blocked,syntax_checked_not_source_verified,verified,uncertain,True,"Retained in the canonical/admin archive; excluded from student practice pending source, answer, KaTeX, and/or mapping verification."
APCALC-AB-FRQ-1992-03,frq,1992,AP Calculus AB,5,U5,APCALC-U5,uncertain,not_applicable,incomplete,blocked,syntax_checked_not_source_verified,verified,uncertain,True,"Retained in the canonical/admin archive; excluded from student practice pending source, answer, KaTeX, and/or mapping verification."
APCALC-AB-FRQ-1992-04,frq,1992,AP Calculus AB,2,U2,APCALC-U2,uncertain,not_applicable,incomplete,blocked,syntax_checked_not_source_verified,verified,uncertain,True,"Retained in the canonical/admin archive; excluded from student practice pending source, answer, KaTeX, and/or mapping verification."
APCALC-AB-FRQ-1992-05,frq,1992,AP Calculus AB,8,U8,APCALC-U8,uncertain,not_applicable,incomplete,blocked,syntax_checked_not_source_verified,verified,uncertain,True,"Retained in the canonical/admin archive; excluded from student practice pending source, answer, KaTeX, and/or mapping verification."
APCALC-AB-FRQ-1992-06,frq,1992,AP Calculus AB,8,U8,APCALC-U8,uncertain,not_applicable,incomplete,blocked,syntax_checked_not_source_verified,verified,uncertain,True,"Retained in the canonical/admin archive; excluded from student practice pending source, answer, KaTeX, and/or mapping verification."
APCALC-AB-FRQ-1993-01,frq,1993,AP Calculus AB,5,U5,APCALC-U5,uncertain,not_applicable,incomplete,blocked,syntax_checked_not_source_verified,verified,uncertain,True,"Retained in the canonical/admin archive; excluded from student practice pending source, answer, KaTeX, and/or mapping verification."
APCALC-AB-FRQ-1993-02,frq,1993,AP Calculus AB,8,U8,APCALC-U8,uncertain,not_applicable,incomplete,blocked,syntax_checked_not_source_verified,verified,uncertain,True,"Retained in the canonical/admin archive; excluded from student practice pending source, answer, KaTeX, and/or mapping verification."
APCALC-AB-FRQ-1993-03,frq,1993,AP Calculus AB,8,U8,APCALC-U8,uncertain,not_applicable,incomplete,blocked,syntax_checked_not_source_verified,verified,uncertain,True,"Retained in the canonical/admin archive; excluded from student practice pending source, answer, KaTeX, and/or mapping verification."
APCALC-AB-FRQ-1993-04,frq,1993,AP Calculus AB,5,U5,APCALC-U5,uncertain,not_applicable,incomplete,blocked,syntax_checked_not_source_verified,verified,uncertain,True,"Retained in the canonical/admin archive; excluded from student practice pending source, answer, KaTeX, and/or mapping verification."
APCALC-AB-FRQ-1993-05,frq,1993,AP Calculus AB,2,U2,APCALC-U2,uncertain,not_applicable,incomplete,blocked,syntax_checked_not_source_verified,verified,uncertain,True,"Retained in the canonical/admin archive; excluded from student practice pending source, answer, KaTeX, and/or mapping verification."
APCALC-AB-FRQ-1993-06,frq,1993,AP Calculus AB,7,U7,APCALC-U7,uncertain,not_applicable,incomplete,blocked,syntax_checked_not_source_verified,verified,uncertain,True,"Retained in the canonical/admin archive; excluded from student practice pending source, answer, KaTeX, and/or mapping verification."
APCALC-AB-FRQ-1994-01,frq,1994,AP Calculus AB,5,U5,APCALC-U5,uncertain,not_applicable,incomplete,blocked,syntax_checked_not_source_verified,verified,uncertain,True,"Retained in the canonical/admin archive; excluded from student practice pending source, answer, KaTeX, and/or mapping verification."
APCALC-AB-FRQ-1994-02,frq,1994,AP Calculus AB,8,U8,APCALC-U8,uncertain,not_applicable,incomplete,blocked,syntax_checked_not_source_verified,verified,uncertain,True,"Retained in the canonical/admin archive; excluded from student practice pending source, answer, KaTeX, and/or mapping verification."
APCALC-AB-FRQ-1994-03,frq,1994,AP Calculus AB,2,U2,APCALC-U2,uncertain,not_applicable,incomplete,blocked,syntax_checked_not_source_verified,verified,uncertain,True,"Retained in the canonical/admin archive; excluded from student practice pending source, answer, KaTeX, and/or mapping verification."
APCALC-AB-FRQ-1994-04,frq,1994,AP Calculus AB,5,U5,APCALC-U5,uncertain,not_applicable,incomplete,blocked,syntax_checked_not_source_verified,verified,uncertain,True,"Retained in the canonical/admin archive; excluded from student practice pending source, answer, KaTeX, and/or mapping verification."
APCALC-AB-FRQ-1994-05,frq,1994,AP Calculus AB,5,U5,APCALC-U5,uncertain,not_applicable,incomplete,blocked,syntax_checked_not_source_verified,verified,uncertain,True,"Retained in the canonical/admin archive; excluded from student practice pending source, answer, KaTeX, and/or mapping verification."
APCALC-AB-FRQ-1994-06,frq,1994,AP Calculus AB,6,U6,APCALC-U6,uncertain,not_applicable,incomplete,blocked,syntax_checked_not_source_verified,verified,uncertain,True,"Retained in the canonical/admin archive; excluded from student practice pending source, answer, KaTeX, and/or mapping verification."
APCALC-AB-FRQ-1995-01,frq,1995,AP Calculus AB,1,U1,APCALC-U1,uncertain,not_applicable,incomplete,blocked,syntax_checked_not_source_verified,verified,uncertain,True,"Retained in the canonical/admin archive; excluded from student practice pending source, answer, KaTeX, and/or mapping verification."
APCALC-AB-FRQ-1995-02,frq,1995,AP Calculus AB,4,U4,APCALC-U4,uncertain,not_applicable,incomplete,blocked,syntax_checked_not_source_verified,verified,uncertain,True,"Retained in the canonical/admin archive; excluded from student practice pending source, answer, KaTeX, and/or mapping verification."
APCALC-AB-FRQ-1995-03,frq,1995,AP Calculus AB,2,U2,APCALC-U2,uncertain,not_applicable,incomplete,blocked,syntax_checked_not_source_verified,verified,uncertain,True,"Retained in the canonical/admin archive; excluded from student practice pending source, answer, KaTeX, and/or mapping verification."
APCALC-AB-FRQ-1995-04,frq,1995,AP Calculus AB,8,U8,APCALC-U8,uncertain,not_applicable,incomplete,blocked,syntax_checked_not_source_verified,verified,uncertain,True,"Retained in the canonical/admin archive; excluded from student practice pending source, answer, KaTeX, and/or mapping verification."
APCALC-AB-FRQ-1995-05,frq,1995,AP Calculus AB,8,U8,APCALC-U8,uncertain,not_applicable,incomplete,blocked,syntax_checked_not_source_verified,verified,uncertain,True,"Retained in the canonical/admin archive; excluded from student practice pending source, answer, KaTeX, and/or mapping verification."
APCALC-AB-FRQ-1995-06,frq,1995,AP Calculus AB,5,U5,APCALC-U5,uncertain,not_applicable,incomplete,blocked,syntax_checked_not_source_verified,verified,uncertain,True,"Retained in the canonical/admin archive; excluded from student practice pending source, answer, KaTeX, and/or mapping verification."
APCALC-AB-FRQ-1996-01,frq,1996,AP Calculus AB,9,U9,APCALC-U9,uncertain,not_applicable,incomplete,blocked,syntax_checked_not_source_verified,verified,uncertain,True,"Retained in the canonical/admin archive; excluded from student practice pending source, answer, KaTeX, and/or mapping verification."
APCALC-AB-FRQ-1996-02,frq,1996,AP Calculus AB,8,U8,APCALC-U8,uncertain,not_applicable,incomplete,blocked,syntax_checked_not_source_verified,verified,uncertain,True,"Retained in the canonical/admin archive; excluded from student practice pending source, answer, KaTeX, and/or mapping verification."
APCALC-AB-FRQ-1996-03,frq,1996,AP Calculus AB,6,U6,APCALC-U6,uncertain,not_applicable,incomplete,blocked,syntax_checked_not_source_verified,verified,uncertain,True,"Retained in the canonical/admin archive; excluded from student practice pending source, answer, KaTeX, and/or mapping verification."
APCALC-AB-FRQ-1996-04,frq,1996,AP Calculus AB,5,U5,APCALC-U5,uncertain,not_applicable,incomplete,blocked,syntax_checked_not_source_verified,verified,uncertain,True,"Retained in the canonical/admin archive; excluded from student practice pending source, answer, KaTeX, and/or mapping verification."
APCALC-AB-FRQ-1996-05,frq,1996,AP Calculus AB,8,U8,APCALC-U8,uncertain,not_applicable,incomplete,blocked,syntax_checked_not_source_verified,verified,uncertain,True,"Retained in the canonical/admin archive; excluded from student practice pending source, answer, KaTeX, and/or mapping verification."
APCALC-AB-FRQ-1996-06,frq,1996,AP Calculus AB,2,U2,APCALC-U2,uncertain,not_applicable,incomplete,blocked,syntax_checked_not_source_verified,verified,uncertain,True,"Retained in the canonical/admin archive; excluded from student practice pending source, answer, KaTeX, and/or mapping verification."
APCALC-AB-FRQ-1997-01,frq,1997,AP Calculus AB,8,U8,APCALC-U8,uncertain,not_applicable,incomplete,blocked,syntax_checked_not_source_verified,verified,uncertain,True,"Retained in the canonical/admin archive; excluded from student practice pending source, answer, KaTeX, and/or mapping verification."
APCALC-AB-FRQ-1997-02,frq,1997,AP Calculus AB,8,U8,APCALC-U8,uncertain,not_applicable,incomplete,blocked,syntax_checked_not_source_verified,verified,uncertain,True,"Retained in the canonical/admin archive; excluded from student practice pending source, answer, KaTeX, and/or mapping verification."
APCALC-AB-FRQ-1997-03,frq,1997,AP Calculus AB,8,U8,APCALC-U8,uncertain,not_applicable,incomplete,blocked,syntax_checked_not_source_verified,verified,uncertain,True,"Retained in the canonical/admin archive; excluded from student practice pending source, answer, KaTeX, and/or mapping verification."
APCALC-AB-FRQ-1997-04,frq,1997,AP Calculus AB,8,U8,APCALC-U8,uncertain,not_applicable,incomplete,blocked,syntax_checked_not_source_verified,verified,uncertain,True,"Retained in the canonical/admin archive; excluded from student practice pending source, answer, KaTeX, and/or mapping verification."
APCALC-AB-FRQ-1997-05,frq,1997,AP Calculus AB,5,U5,APCALC-U5,uncertain,not_applicable,incomplete,blocked,syntax_checked_not_source_verified,verified,uncertain,True,"Retained in the canonical/admin archive; excluded from student practice pending source, answer, KaTeX, and/or mapping verification."
APCALC-AB-FRQ-1997-06,frq,1997,AP Calculus AB,7,U7,APCALC-U7,uncertain,not_applicable,incomplete,blocked,syntax_checked_not_source_verified,verified,uncertain,True,"Retained in the canonical/admin archive; excluded from student practice pending source, answer, KaTeX, and/or mapping verification."
APCALC-AB-FRQ-1998-01,frq,1998,AP Calculus AB,8,U8,APCALC-U8,uncertain,not_applicable,incomplete,blocked,syntax_checked_not_source_verified,verified,uncertain,True,"Retained in the canonical/admin archive; excluded from student practice pending source, answer, KaTeX, and/or mapping verification."
APCALC-AB-FRQ-1998-02,frq,1998,AP Calculus AB,5,U5,APCALC-U5,uncertain,not_applicable,incomplete,blocked,syntax_checked_not_source_verified,verified,uncertain,True,"Retained in the canonical/admin archive; excluded from student practice pending source, answer, KaTeX, and/or mapping verification."
APCALC-AB-FRQ-1998-03,frq,1998,AP Calculus AB,6,U6,APCALC-U6,uncertain,not_applicable,incomplete,blocked,syntax_checked_not_source_verified,verified,uncertain,True,"Retained in the canonical/admin archive; excluded from student practice pending source, answer, KaTeX, and/or mapping verification."
APCALC-AB-FRQ-1998-04,frq,1998,AP Calculus AB,7,U7,APCALC-U7,uncertain,not_applicable,incomplete,blocked,syntax_checked_not_source_verified,verified,uncertain,True,"Retained in the canonical/admin archive; excluded from student practice pending source, answer, KaTeX, and/or mapping verification."
APCALC-AB-FRQ-1998-05,frq,1998,AP Calculus AB,2,U2,APCALC-U2,uncertain,not_applicable,incomplete,blocked,syntax_checked_not_source_verified,verified,uncertain,True,"Retained in the canonical/admin archive; excluded from student practice pending source, answer, KaTeX, and/or mapping verification."
APCALC-AB-FRQ-1998-06,frq,1998,AP Calculus AB,2,U2,APCALC-U2,uncertain,not_applicable,incomplete,blocked,syntax_checked_not_source_verified,verified,uncertain,True,"Retained in the canonical/admin archive; excluded from student practice pending source, answer, KaTeX, and/or mapping verification."
APCALC-AB-FRQ-1999-01,frq,1999,AP Calculus AB,8,U8,APCALC-U8,uncertain,not_applicable,incomplete,blocked,syntax_checked_not_source_verified,verified,uncertain,True,"Retained in the canonical/admin archive; excluded from student practice pending source, answer, KaTeX, and/or mapping verification."
APCALC-AB-FRQ-1999-02,frq,1999,AP Calculus AB,8,U8,APCALC-U8,uncertain,not_applicable,incomplete,blocked,syntax_checked_not_source_verified,verified,uncertain,True,"Retained in the canonical/admin archive; excluded from student practice pending source, answer, KaTeX, and/or mapping verification."
APCALC-AB-FRQ-1999-03,frq,1999,AP Calculus AB,6,U6,APCALC-U6,uncertain,not_applicable,incomplete,blocked,syntax_checked_not_source_verified,verified,uncertain,True,"Retained in the canonical/admin archive; excluded from student practice pending source, answer, KaTeX, and/or mapping verification."
APCALC-AB-FRQ-1999-04,frq,1999,AP Calculus AB,5,U5,APCALC-U5,uncertain,not_applicable,incomplete,blocked,syntax_checked_not_source_verified,verified,uncertain,True,"Retained in the canonical/admin archive; excluded from student practice pending source, answer, KaTeX, and/or mapping verification."
APCALC-AB-FRQ-1999-05,frq,1999,AP Calculus AB,5,U5,APCALC-U5,uncertain,not_applicable,incomplete,blocked,syntax_checked_not_source_verified,verified,uncertain,True,"Retained in the canonical/admin archive; excluded from student practice pending source, answer, KaTeX, and/or mapping verification."
APCALC-AB-FRQ-1999-06,frq,1999,AP Calculus AB,5,U5,APCALC-U5,uncertain,not_applicable,incomplete,blocked,syntax_checked_not_source_verified,verified,uncertain,True,"Retained in the canonical/admin archive; excluded from student practice pending source, answer, KaTeX, and/or mapping verification."
APCALC-AB-FRQ-2000-01,frq,2000,AP Calculus AB,8,U8,APCALC-U8,uncertain,not_applicable,incomplete,blocked,syntax_checked_not_source_verified,verified,uncertain,True,"Retained in the canonical/admin archive; excluded from student practice pending source, answer, KaTeX, and/or mapping verification."
APCALC-AB-FRQ-2000-02,frq,2000,AP Calculus AB,8,U8,APCALC-U8,uncertain,not_applicable,incomplete,blocked,syntax_checked_not_source_verified,verified,uncertain,True,"Retained in the canonical/admin archive; excluded from student practice pending source, answer, KaTeX, and/or mapping verification."
APCALC-AB-FRQ-2000-03,frq,2000,AP Calculus AB,5,U5,APCALC-U5,uncertain,not_applicable,incomplete,blocked,syntax_checked_not_source_verified,verified,uncertain,True,"Retained in the canonical/admin archive; excluded from student practice pending source, answer, KaTeX, and/or mapping verification."
APCALC-AB-FRQ-2000-04,frq,2000,AP Calculus AB,5,U5,APCALC-U5,uncertain,not_applicable,incomplete,blocked,syntax_checked_not_source_verified,verified,uncertain,True,"Retained in the canonical/admin archive; excluded from student practice pending source, answer, KaTeX, and/or mapping verification."
APCALC-AB-FRQ-2000-05,frq,2000,AP Calculus AB,2,U2,APCALC-U2,uncertain,not_applicable,incomplete,blocked,syntax_checked_not_source_verified,verified,uncertain,True,"Retained in the canonical/admin archive; excluded from student practice pending source, answer, KaTeX, and/or mapping verification."
APCALC-AB-FRQ-2000-06,frq,2000,AP Calculus AB,7,U7,APCALC-U7,uncertain,not_applicable,incomplete,blocked,syntax_checked_not_source_verified,verified,uncertain,True,"Retained in the canonical/admin archive; excluded from student practice pending source, answer, KaTeX, and/or mapping verification."
APCALC-AB-FRQ-2001-01,frq,2001,AP Calculus AB,8,U8,APCALC-U8,uncertain,not_applicable,incomplete,blocked,syntax_checked_not_source_verified,verified,uncertain,True,"Retained in the canonical/admin archive; excluded from student practice pending source, answer, KaTeX, and/or mapping verification."
APCALC-AB-FRQ-2001-02,frq,2001,AP Calculus AB,8,U8,APCALC-U8,uncertain,not_applicable,incomplete,blocked,syntax_checked_not_source_verified,verified,uncertain,True,"Retained in the canonical/admin archive; excluded from student practice pending source, answer, KaTeX, and/or mapping verification."
APCALC-AB-FRQ-2001-03,frq,2001,AP Calculus AB,5,U5,APCALC-U5,uncertain,not_applicable,incomplete,blocked,syntax_checked_not_source_verified,verified,uncertain,True,"Retained in the canonical/admin archive; excluded from student practice pending source, answer, KaTeX, and/or mapping verification."
APCALC-AB-FRQ-2001-04,frq,2001,AP Calculus AB,5,U5,APCALC-U5,uncertain,not_applicable,incomplete,blocked,syntax_checked_not_source_verified,verified,uncertain,True,"Retained in the canonical/admin archive; excluded from student practice pending source, answer, KaTeX, and/or mapping verification."
APCALC-AB-FRQ-2001-05,frq,2001,AP Calculus AB,5,U5,APCALC-U5,uncertain,not_applicable,incomplete,blocked,syntax_checked_not_source_verified,verified,uncertain,True,"Retained in the canonical/admin archive; excluded from student practice pending source, answer, KaTeX, and/or mapping verification."
APCALC-AB-FRQ-2001-06,frq,2001,AP Calculus AB,7,U7,APCALC-U7,uncertain,not_applicable,incomplete,blocked,syntax_checked_not_source_verified,verified,uncertain,True,"Retained in the canonical/admin archive; excluded from student practice pending source, answer, KaTeX, and/or mapping verification."
APCALC-AB-FRQ-2002-01,frq,2002,AP Calculus AB,8,U8,APCALC-U8,uncertain,not_applicable,incomplete,blocked,syntax_checked_not_source_verified,verified,uncertain,True,"Retained in the canonical/admin archive; excluded from student practice pending source, answer, KaTeX, and/or mapping verification."
APCALC-AB-FRQ-2002-02,frq,2002,AP Calculus AB,5,U5,APCALC-U5,uncertain,not_applicable,incomplete,blocked,blocked,verified,uncertain,True,"Retained in the canonical/admin archive; excluded from student practice pending source, answer, KaTeX, and/or mapping verification."
APCALC-AB-FRQ-2002-03,frq,2002,AP Calculus AB,8,U8,APCALC-U8,uncertain,not_applicable,incomplete,blocked,syntax_checked_not_source_verified,verified,uncertain,True,"Retained in the canonical/admin archive; excluded from student practice pending source, answer, KaTeX, and/or mapping verification."
APCALC-AB-FRQ-2002-04,frq,2002,AP Calculus AB,5,U5,APCALC-U5,uncertain,not_applicable,incomplete,blocked,syntax_checked_not_source_verified,verified,uncertain,True,"Retained in the canonical/admin archive; excluded from student practice pending source, answer, KaTeX, and/or mapping verification."
APCALC-AB-FRQ-2002-05,frq,2002,AP Calculus AB,8,U8,APCALC-U8,uncertain,not_applicable,incomplete,blocked,syntax_checked_not_source_verified,verified,uncertain,True,"Retained in the canonical/admin archive; excluded from student practice pending source, answer, KaTeX, and/or mapping verification."
APCALC-AB-FRQ-2002-06,frq,2002,AP Calculus AB,3,U3,APCALC-U3,uncertain,not_applicable,incomplete,blocked,syntax_checked_not_source_verified,verified,uncertain,True,"Retained in the canonical/admin archive; excluded from student practice pending source, answer, KaTeX, and/or mapping verification."
APCALC-AB-FRQ-2002-01-FORM-B,frq,2002,AP Calculus AB,8,U8,APCALC-U8,uncertain,not_applicable,incomplete,blocked,syntax_checked_not_source_verified,verified,uncertain,True,"Retained in the canonical/admin archive; excluded from student practice pending source, answer, KaTeX, and/or mapping verification."
APCALC-AB-FRQ-2002-02-FORM-B,frq,2002,AP Calculus AB,5,U5,APCALC-U5,uncertain,not_applicable,incomplete,blocked,syntax_checked_not_source_verified,verified,uncertain,True,"Retained in the canonical/admin archive; excluded from student practice pending source, answer, KaTeX, and/or mapping verification."
APCALC-AB-FRQ-2002-03-FORM-B,frq,2002,AP Calculus AB,8,U8,APCALC-U8,uncertain,not_applicable,incomplete,blocked,syntax_checked_not_source_verified,verified,uncertain,True,"Retained in the canonical/admin archive; excluded from student practice pending source, answer, KaTeX, and/or mapping verification."
APCALC-AB-FRQ-2002-04-FORM-B,frq,2002,AP Calculus AB,6,U6,APCALC-U6,uncertain,not_applicable,incomplete,blocked,syntax_checked_not_source_verified,verified,uncertain,True,"Retained in the canonical/admin archive; excluded from student practice pending source, answer, KaTeX, and/or mapping verification."
APCALC-AB-FRQ-2002-05-FORM-B,frq,2002,AP Calculus AB,7,U7,APCALC-U7,uncertain,not_applicable,incomplete,blocked,syntax_checked_not_source_verified,verified,uncertain,True,"Retained in the canonical/admin archive; excluded from student practice pending source, answer, KaTeX, and/or mapping verification."
APCALC-AB-FRQ-2002-06-FORM-B,frq,2002,AP Calculus AB,4,U4,APCALC-U4,uncertain,not_applicable,incomplete,blocked,blocked,verified,uncertain,True,"Retained in the canonical/admin archive; excluded from student practice pending source, answer, KaTeX, and/or mapping verification."
APCALC-AB-FRQ-2003-01,frq,2003,AP Calculus AB,8,U8,APCALC-U8,uncertain,not_applicable,incomplete,blocked,syntax_checked_not_source_verified,verified,uncertain,True,"Retained in the canonical/admin archive; excluded from student practice pending source, answer, KaTeX, and/or mapping verification."
APCALC-AB-FRQ-2003-02,frq,2003,AP Calculus AB,8,U8,APCALC-U8,uncertain,not_applicable,incomplete,blocked,syntax_checked_not_source_verified,verified,uncertain,True,"Retained in the canonical/admin archive; excluded from student practice pending source, answer, KaTeX, and/or mapping verification."
APCALC-AB-FRQ-2003-03,frq,2003,AP Calculus AB,6,U6,APCALC-U6,uncertain,not_applicable,incomplete,blocked,syntax_checked_not_source_verified,verified,uncertain,True,"Retained in the canonical/admin archive; excluded from student practice pending source, answer, KaTeX, and/or mapping verification."
APCALC-AB-FRQ-2003-04,frq,2003,AP Calculus AB,5,U5,APCALC-U5,uncertain,not_applicable,incomplete,blocked,syntax_checked_not_source_verified,verified,uncertain,True,"Retained in the canonical/admin archive; excluded from student practice pending source, answer, KaTeX, and/or mapping verification."
APCALC-AB-FRQ-2003-05,frq,2003,AP Calculus AB,8,U8,APCALC-U8,uncertain,not_applicable,incomplete,blocked,syntax_checked_not_source_verified,verified,uncertain,True,"Retained in the canonical/admin archive; excluded from student practice pending source, answer, KaTeX, and/or mapping verification."
APCALC-AB-FRQ-2003-06,frq,2003,AP Calculus AB,8,U8,APCALC-U8,uncertain,not_applicable,incomplete,blocked,syntax_checked_not_source_verified,verified,uncertain,True,"Retained in the canonical/admin archive; excluded from student practice pending source, answer, KaTeX, and/or mapping verification."
APCALC-AB-FRQ-2003-01-FORM-B,frq,2003,AP Calculus AB,8,U8,APCALC-U8,uncertain,not_applicable,incomplete,blocked,syntax_checked_not_source_verified,verified,uncertain,True,"Retained in the canonical/admin archive; excluded from student practice pending source, answer, KaTeX, and/or mapping verification."
APCALC-AB-FRQ-2003-02-FORM-B,frq,2003,AP Calculus AB,8,U8,APCALC-U8,uncertain,not_applicable,incomplete,blocked,syntax_checked_not_source_verified,verified,uncertain,True,"Retained in the canonical/admin archive; excluded from student practice pending source, answer, KaTeX, and/or mapping verification."
APCALC-AB-FRQ-2003-03-FORM-B,frq,2003,AP Calculus AB,8,U8,APCALC-U8,uncertain,not_applicable,incomplete,blocked,syntax_checked_not_source_verified,verified,uncertain,True,"Retained in the canonical/admin archive; excluded from student practice pending source, answer, KaTeX, and/or mapping verification."
APCALC-AB-FRQ-2003-04-FORM-B,frq,2003,AP Calculus AB,8,U8,APCALC-U8,uncertain,not_applicable,incomplete,blocked,syntax_checked_not_source_verified,verified,uncertain,True,"Retained in the canonical/admin archive; excluded from student practice pending source, answer, KaTeX, and/or mapping verification."
APCALC-AB-FRQ-2003-05-FORM-B,frq,2003,AP Calculus AB,5,U5,APCALC-U5,uncertain,not_applicable,incomplete,blocked,syntax_checked_not_source_verified,verified,uncertain,True,"Retained in the canonical/admin archive; excluded from student practice pending source, answer, KaTeX, and/or mapping verification."
APCALC-AB-FRQ-2003-06-FORM-B,frq,2003,AP Calculus AB,7,U7,APCALC-U7,uncertain,not_applicable,incomplete,blocked,syntax_checked_not_source_verified,verified,uncertain,True,"Retained in the canonical/admin archive; excluded from student practice pending source, answer, KaTeX, and/or mapping verification."
APCALC-AB-FRQ-2004-01,frq,2004,AP Calculus AB,8,U8,APCALC-U8,uncertain,not_applicable,incomplete,blocked,syntax_checked_not_source_verified,verified,uncertain,True,"Retained in the canonical/admin archive; excluded from student practice pending source, answer, KaTeX, and/or mapping verification."
APCALC-AB-FRQ-2004-02,frq,2004,AP Calculus AB,8,U8,APCALC-U8,uncertain,not_applicable,incomplete,blocked,syntax_checked_not_source_verified,verified,uncertain,True,"Retained in the canonical/admin archive; excluded from student practice pending source, answer, KaTeX, and/or mapping verification."
APCALC-AB-FRQ-2004-03,frq,2004,AP Calculus AB,5,U5,APCALC-U5,uncertain,not_applicable,incomplete,blocked,syntax_checked_not_source_verified,verified,uncertain,True,"Retained in the canonical/admin archive; excluded from student practice pending source, answer, KaTeX, and/or mapping verification."
APCALC-AB-FRQ-2004-04,frq,2004,AP Calculus AB,5,U5,APCALC-U5,uncertain,not_applicable,incomplete,blocked,syntax_checked_not_source_verified,verified,uncertain,True,"Retained in the canonical/admin archive; excluded from student practice pending source, answer, KaTeX, and/or mapping verification."
APCALC-AB-FRQ-2004-05,frq,2004,AP Calculus AB,5,U5,APCALC-U5,uncertain,not_applicable,incomplete,blocked,syntax_checked_not_source_verified,verified,uncertain,True,"Retained in the canonical/admin archive; excluded from student practice pending source, answer, KaTeX, and/or mapping verification."
APCALC-AB-FRQ-2004-06,frq,2004,AP Calculus AB,9,U9,APCALC-U9,uncertain,not_applicable,incomplete,blocked,syntax_checked_not_source_verified,verified,uncertain,True,"Retained in the canonical/admin archive; excluded from student practice pending source, answer, KaTeX, and/or mapping verification."
APCALC-AB-FRQ-2004-01-FORM-B,frq,2004,AP Calculus AB,8,U8,APCALC-U8,uncertain,not_applicable,incomplete,blocked,syntax_checked_not_source_verified,verified,uncertain,True,"Retained in the canonical/admin archive; excluded from student practice pending source, answer, KaTeX, and/or mapping verification."
APCALC-AB-FRQ-2004-02-FORM-B,frq,2004,AP Calculus AB,5,U5,APCALC-U5,uncertain,not_applicable,incomplete,blocked,syntax_checked_not_source_verified,verified,uncertain,True,"Retained in the canonical/admin archive; excluded from student practice pending source, answer, KaTeX, and/or mapping verification."
APCALC-AB-FRQ-2004-03-FORM-B,frq,2004,AP Calculus AB,6,U6,APCALC-U6,uncertain,not_applicable,incomplete,blocked,syntax_checked_not_source_verified,verified,uncertain,True,"Retained in the canonical/admin archive; excluded from student practice pending source, answer, KaTeX, and/or mapping verification."
APCALC-AB-FRQ-2004-04-FORM-B,frq,2004,AP Calculus AB,5,U5,APCALC-U5,uncertain,not_applicable,incomplete,blocked,syntax_checked_not_source_verified,verified,uncertain,True,"Retained in the canonical/admin archive; excluded from student practice pending source, answer, KaTeX, and/or mapping verification."
APCALC-AB-FRQ-2004-05-FORM-B,frq,2004,AP Calculus AB,9,U9,APCALC-U9,uncertain,not_applicable,incomplete,blocked,syntax_checked_not_source_verified,verified,uncertain,True,"Retained in the canonical/admin archive; excluded from student practice pending source, answer, KaTeX, and/or mapping verification."
APCALC-AB-FRQ-2004-06-FORM-B,frq,2004,AP Calculus AB,2,U2,APCALC-U2,uncertain,not_applicable,incomplete,blocked,syntax_checked_not_source_verified,verified,uncertain,True,"Retained in the canonical/admin archive; excluded from student practice pending source, answer, KaTeX, and/or mapping verification."
APCALC-AB-FRQ-2005-01,frq,2005,AP Calculus AB,8,U8,APCALC-U8,uncertain,not_applicable,incomplete,blocked,syntax_checked_not_source_verified,verified,uncertain,True,"Retained in the canonical/admin archive; excluded from student practice pending source, answer, KaTeX, and/or mapping verification."
APCALC-AB-FRQ-2005-02,frq,2005,AP Calculus AB,5,U5,APCALC-U5,uncertain,not_applicable,incomplete,blocked,syntax_checked_not_source_verified,verified,uncertain,True,"Retained in the canonical/admin archive; excluded from student practice pending source, answer, KaTeX, and/or mapping verification."
APCALC-AB-FRQ-2005-03,frq,2005,AP Calculus AB,6,U6,APCALC-U6,uncertain,not_applicable,incomplete,blocked,syntax_checked_not_source_verified,verified,uncertain,True,"Retained in the canonical/admin archive; excluded from student practice pending source, answer, KaTeX, and/or mapping verification."
APCALC-AB-FRQ-2005-04,frq,2005,AP Calculus AB,5,U5,APCALC-U5,uncertain,not_applicable,incomplete,blocked,syntax_checked_not_source_verified,verified,uncertain,True,"Retained in the canonical/admin archive; excluded from student practice pending source, answer, KaTeX, and/or mapping verification."
APCALC-AB-FRQ-2005-05,frq,2005,AP Calculus AB,5,U5,APCALC-U5,uncertain,not_applicable,incomplete,blocked,syntax_checked_not_source_verified,verified,uncertain,True,"Retained in the canonical/admin archive; excluded from student practice pending source, answer, KaTeX, and/or mapping verification."
APCALC-AB-FRQ-2005-06,frq,2005,AP Calculus AB,7,U7,APCALC-U7,uncertain,not_applicable,incomplete,blocked,syntax_checked_not_source_verified,verified,uncertain,True,"Retained in the canonical/admin archive; excluded from student practice pending source, answer, KaTeX, and/or mapping verification."
APCALC-AB-FRQ-2006-01,frq,2006,AP Calculus AB,8,U8,APCALC-U8,uncertain,not_applicable,incomplete,blocked,syntax_checked_not_source_verified,verified,uncertain,True,"Retained in the canonical/admin archive; excluded from student practice pending source, answer, KaTeX, and/or mapping verification."
APCALC-AB-FRQ-2006-02,frq,2006,AP Calculus AB,8,U8,APCALC-U8,uncertain,not_applicable,incomplete,blocked,syntax_checked_not_source_verified,verified,uncertain,True,"Retained in the canonical/admin archive; excluded from student practice pending source, answer, KaTeX, and/or mapping verification."
APCALC-AB-FRQ-2006-03,frq,2006,AP Calculus AB,5,U5,APCALC-U5,uncertain,not_applicable,incomplete,blocked,syntax_checked_not_source_verified,verified,uncertain,True,"Retained in the canonical/admin archive; excluded from student practice pending source, answer, KaTeX, and/or mapping verification."
APCALC-AB-FRQ-2006-04,frq,2006,AP Calculus AB,6,U6,APCALC-U6,uncertain,not_applicable,incomplete,blocked,syntax_checked_not_source_verified,verified,uncertain,True,"Retained in the canonical/admin archive; excluded from student practice pending source, answer, KaTeX, and/or mapping verification."
APCALC-AB-FRQ-2006-05,frq,2006,AP Calculus AB,7,U7,APCALC-U7,uncertain,not_applicable,incomplete,blocked,syntax_checked_not_source_verified,verified,uncertain,True,"Retained in the canonical/admin archive; excluded from student practice pending source, answer, KaTeX, and/or mapping verification."
APCALC-AB-FRQ-2006-06,frq,2006,AP Calculus AB,2,U2,APCALC-U2,uncertain,not_applicable,incomplete,blocked,syntax_checked_not_source_verified,verified,uncertain,True,"Retained in the canonical/admin archive; excluded from student practice pending source, answer, KaTeX, and/or mapping verification."
APCALC-AB-FRQ-2007-01,frq,2007,AP Calculus AB,8,U8,APCALC-U8,uncertain,not_applicable,incomplete,blocked,syntax_checked_not_source_verified,verified,uncertain,True,"Retained in the canonical/admin archive; excluded from student practice pending source, answer, KaTeX, and/or mapping verification."
APCALC-AB-FRQ-2007-02,frq,2007,AP Calculus AB,5,U5,APCALC-U5,uncertain,not_applicable,incomplete,blocked,syntax_checked_not_source_verified,verified,uncertain,True,"Retained in the canonical/admin archive; excluded from student practice pending source, answer, KaTeX, and/or mapping verification."
APCALC-AB-FRQ-2007-03,frq,2007,AP Calculus AB,5,U5,APCALC-U5,uncertain,not_applicable,incomplete,blocked,syntax_checked_not_source_verified,verified,uncertain,True,"Retained in the canonical/admin archive; excluded from student practice pending source, answer, KaTeX, and/or mapping verification."
APCALC-AB-FRQ-2007-04,frq,2007,AP Calculus AB,2,U2,APCALC-U2,uncertain,not_applicable,incomplete,blocked,syntax_checked_not_source_verified,verified,uncertain,True,"Retained in the canonical/admin archive; excluded from student practice pending source, answer, KaTeX, and/or mapping verification."
APCALC-AB-FRQ-2007-05,frq,2007,AP Calculus AB,8,U8,APCALC-U8,uncertain,not_applicable,incomplete,blocked,syntax_checked_not_source_verified,verified,uncertain,True,"Retained in the canonical/admin archive; excluded from student practice pending source, answer, KaTeX, and/or mapping verification."
APCALC-AB-FRQ-2007-06,frq,2007,AP Calculus AB,5,U5,APCALC-U5,uncertain,not_applicable,incomplete,blocked,syntax_checked_not_source_verified,verified,uncertain,True,"Retained in the canonical/admin archive; excluded from student practice pending source, answer, KaTeX, and/or mapping verification."
APCALC-AB-FRQ-2007-01-FORM-B,frq,2007,AP Calculus AB,8,U8,APCALC-U8,uncertain,not_applicable,incomplete,blocked,syntax_checked_not_source_verified,verified,uncertain,True,"Retained in the canonical/admin archive; excluded from student practice pending source, answer, KaTeX, and/or mapping verification."
APCALC-AB-FRQ-2007-02-FORM-B,frq,2007,AP Calculus AB,8,U8,APCALC-U8,uncertain,not_applicable,incomplete,blocked,syntax_checked_not_source_verified,verified,uncertain,True,"Retained in the canonical/admin archive; excluded from student practice pending source, answer, KaTeX, and/or mapping verification."
APCALC-AB-FRQ-2007-03-FORM-B,frq,2007,AP Calculus AB,4,U4,APCALC-U4,uncertain,not_applicable,incomplete,blocked,syntax_checked_not_source_verified,verified,uncertain,True,"Retained in the canonical/admin archive; excluded from student practice pending source, answer, KaTeX, and/or mapping verification."
APCALC-AB-FRQ-2007-04-FORM-B,frq,2007,AP Calculus AB,5,U5,APCALC-U5,uncertain,not_applicable,incomplete,blocked,syntax_checked_not_source_verified,verified,uncertain,True,"Retained in the canonical/admin archive; excluded from student practice pending source, answer, KaTeX, and/or mapping verification."
APCALC-AB-FRQ-2007-05-FORM-B,frq,2007,AP Calculus AB,7,U7,APCALC-U7,uncertain,not_applicable,incomplete,blocked,syntax_checked_not_source_verified,verified,uncertain,True,"Retained in the canonical/admin archive; excluded from student practice pending source, answer, KaTeX, and/or mapping verification."
APCALC-AB-FRQ-2007-06-FORM-B,frq,2007,AP Calculus AB,5,U5,APCALC-U5,uncertain,not_applicable,incomplete,blocked,syntax_checked_not_source_verified,verified,uncertain,True,"Retained in the canonical/admin archive; excluded from student practice pending source, answer, KaTeX, and/or mapping verification."
APCALC-AB-FRQ-2008-01,frq,2008,AP Calculus AB,8,U8,APCALC-U8,uncertain,not_applicable,incomplete,blocked,syntax_checked_not_source_verified,verified,uncertain,True,"Retained in the canonical/admin archive; excluded from student practice pending source, answer, KaTeX, and/or mapping verification."
APCALC-AB-FRQ-2008-02,frq,2008,AP Calculus AB,6,U6,APCALC-U6,uncertain,not_applicable,incomplete,blocked,syntax_checked_not_source_verified,verified,uncertain,True,"Retained in the canonical/admin archive; excluded from student practice pending source, answer, KaTeX, and/or mapping verification."
APCALC-AB-FRQ-2008-03,frq,2008,AP Calculus AB,8,U8,APCALC-U8,uncertain,not_applicable,incomplete,blocked,syntax_checked_not_source_verified,verified,uncertain,True,"Retained in the canonical/admin archive; excluded from student practice pending source, answer, KaTeX, and/or mapping verification."
APCALC-AB-FRQ-2008-04,frq,2008,AP Calculus AB,5,U5,APCALC-U5,uncertain,not_applicable,incomplete,blocked,syntax_checked_not_source_verified,verified,uncertain,True,"Retained in the canonical/admin archive; excluded from student practice pending source, answer, KaTeX, and/or mapping verification."
APCALC-AB-FRQ-2008-05,frq,2008,AP Calculus AB,7,U7,APCALC-U7,uncertain,not_applicable,incomplete,blocked,syntax_checked_not_source_verified,verified,uncertain,True,"Retained in the canonical/admin archive; excluded from student practice pending source, answer, KaTeX, and/or mapping verification."
APCALC-AB-FRQ-2008-06,frq,2008,AP Calculus AB,5,U5,APCALC-U5,uncertain,not_applicable,incomplete,blocked,syntax_checked_not_source_verified,verified,uncertain,True,"Retained in the canonical/admin archive; excluded from student practice pending source, answer, KaTeX, and/or mapping verification."
APCALC-AB-FRQ-2008-01-FORM-B,frq,2008,AP Calculus AB,8,U8,APCALC-U8,uncertain,not_applicable,incomplete,blocked,syntax_checked_not_source_verified,verified,uncertain,True,"Retained in the canonical/admin archive; excluded from student practice pending source, answer, KaTeX, and/or mapping verification."
APCALC-AB-FRQ-2008-02-FORM-B,frq,2008,AP Calculus AB,4,U4,APCALC-U4,uncertain,not_applicable,incomplete,blocked,syntax_checked_not_source_verified,verified,uncertain,True,"Retained in the canonical/admin archive; excluded from student practice pending source, answer, KaTeX, and/or mapping verification."
APCALC-AB-FRQ-2008-03-FORM-B,frq,2008,AP Calculus AB,8,U8,APCALC-U8,uncertain,not_applicable,incomplete,blocked,syntax_checked_not_source_verified,verified,uncertain,True,"Retained in the canonical/admin archive; excluded from student practice pending source, answer, KaTeX, and/or mapping verification."
APCALC-AB-FRQ-2008-04-FORM-B,frq,2008,AP Calculus AB,6,U6,APCALC-U6,uncertain,not_applicable,incomplete,blocked,syntax_checked_not_source_verified,verified,uncertain,True,"Retained in the canonical/admin archive; excluded from student practice pending source, answer, KaTeX, and/or mapping verification."
APCALC-AB-FRQ-2008-05-FORM-B,frq,2008,AP Calculus AB,5,U5,APCALC-U5,uncertain,not_applicable,incomplete,blocked,syntax_checked_not_source_verified,verified,uncertain,True,"Retained in the canonical/admin archive; excluded from student practice pending source, answer, KaTeX, and/or mapping verification."
APCALC-AB-FRQ-2008-06-FORM-B,frq,2008,AP Calculus AB,2,U2,APCALC-U2,uncertain,not_applicable,incomplete,blocked,syntax_checked_not_source_verified,verified,uncertain,True,"Retained in the canonical/admin archive; excluded from student practice pending source, answer, KaTeX, and/or mapping verification."
APCALC-AB-FRQ-2009-01,frq,2009,AP Calculus AB,4,U4,APCALC-U4,uncertain,not_applicable,incomplete,blocked,syntax_checked_not_source_verified,verified,uncertain,True,"Retained in the canonical/admin archive; excluded from student practice pending source, answer, KaTeX, and/or mapping verification."
APCALC-AB-FRQ-2009-02,frq,2009,AP Calculus AB,5,U5,APCALC-U5,uncertain,not_applicable,incomplete,blocked,syntax_checked_not_source_verified,verified,uncertain,True,"Retained in the canonical/admin archive; excluded from student practice pending source, answer, KaTeX, and/or mapping verification."
APCALC-AB-FRQ-2009-03,frq,2009,AP Calculus AB,6,U6,APCALC-U6,uncertain,not_applicable,incomplete,blocked,syntax_checked_not_source_verified,verified,uncertain,True,"Retained in the canonical/admin archive; excluded from student practice pending source, answer, KaTeX, and/or mapping verification."
APCALC-AB-FRQ-2009-04,frq,2009,AP Calculus AB,8,U8,APCALC-U8,uncertain,not_applicable,incomplete,blocked,syntax_checked_not_source_verified,verified,uncertain,True,"Retained in the canonical/admin archive; excluded from student practice pending source, answer, KaTeX, and/or mapping verification."
APCALC-AB-FRQ-2009-05,frq,2009,AP Calculus AB,6,U6,APCALC-U6,uncertain,not_applicable,incomplete,blocked,syntax_checked_not_source_verified,verified,uncertain,True,"Retained in the canonical/admin archive; excluded from student practice pending source, answer, KaTeX, and/or mapping verification."
APCALC-AB-FRQ-2009-06,frq,2009,AP Calculus AB,5,U5,APCALC-U5,uncertain,not_applicable,incomplete,blocked,syntax_checked_not_source_verified,verified,uncertain,True,"Retained in the canonical/admin archive; excluded from student practice pending source, answer, KaTeX, and/or mapping verification."
APCALC-AB-FRQ-2009-01-FORM-B,frq,2009,AP Calculus AB,8,U8,APCALC-U8,uncertain,not_applicable,incomplete,blocked,syntax_checked_not_source_verified,verified,uncertain,True,"Retained in the canonical/admin archive; excluded from student practice pending source, answer, KaTeX, and/or mapping verification."
APCALC-AB-FRQ-2009-02-FORM-B,frq,2009,AP Calculus AB,6,U6,APCALC-U6,uncertain,not_applicable,incomplete,blocked,syntax_checked_not_source_verified,verified,uncertain,True,"Retained in the canonical/admin archive; excluded from student practice pending source, answer, KaTeX, and/or mapping verification."
APCALC-AB-FRQ-2009-03-FORM-B,frq,2009,AP Calculus AB,5,U5,APCALC-U5,uncertain,not_applicable,incomplete,blocked,syntax_checked_not_source_verified,verified,uncertain,True,"Retained in the canonical/admin archive; excluded from student practice pending source, answer, KaTeX, and/or mapping verification."
APCALC-AB-FRQ-2009-04-FORM-B,frq,2009,AP Calculus AB,8,U8,APCALC-U8,uncertain,not_applicable,incomplete,blocked,syntax_checked_not_source_verified,verified,uncertain,True,"Retained in the canonical/admin archive; excluded from student practice pending source, answer, KaTeX, and/or mapping verification."
APCALC-AB-FRQ-2009-05-FORM-B,frq,2009,AP Calculus AB,5,U5,APCALC-U5,uncertain,not_applicable,incomplete,blocked,syntax_checked_not_source_verified,verified,uncertain,True,"Retained in the canonical/admin archive; excluded from student practice pending source, answer, KaTeX, and/or mapping verification."
APCALC-AB-FRQ-2009-06-FORM-B,frq,2009,AP Calculus AB,6,U6,APCALC-U6,uncertain,not_applicable,incomplete,blocked,syntax_checked_not_source_verified,verified,uncertain,True,"Retained in the canonical/admin archive; excluded from student practice pending source, answer, KaTeX, and/or mapping verification."
APCALC-AB-FRQ-2010-01,frq,2010,AP Calculus AB,2,U2,APCALC-U2,uncertain,not_applicable,incomplete,blocked,syntax_checked_not_source_verified,verified,uncertain,True,"Retained in the canonical/admin archive; excluded from student practice pending source, answer, KaTeX, and/or mapping verification."
APCALC-AB-FRQ-2010-02,frq,2010,AP Calculus AB,6,U6,APCALC-U6,uncertain,not_applicable,incomplete,blocked,syntax_checked_not_source_verified,verified,uncertain,True,"Retained in the canonical/admin archive; excluded from student practice pending source, answer, KaTeX, and/or mapping verification."
APCALC-AB-FRQ-2010-03,frq,2010,AP Calculus AB,6,U6,APCALC-U6,uncertain,not_applicable,incomplete,blocked,syntax_checked_not_source_verified,verified,uncertain,True,"Retained in the canonical/admin archive; excluded from student practice pending source, answer, KaTeX, and/or mapping verification."
APCALC-AB-FRQ-2010-04,frq,2010,AP Calculus AB,8,U8,APCALC-U8,uncertain,not_applicable,incomplete,blocked,syntax_checked_not_source_verified,verified,uncertain,True,"Retained in the canonical/admin archive; excluded from student practice pending source, answer, KaTeX, and/or mapping verification."
APCALC-AB-FRQ-2010-05,frq,2010,AP Calculus AB,5,U5,APCALC-U5,uncertain,not_applicable,incomplete,blocked,syntax_checked_not_source_verified,verified,uncertain,True,"Retained in the canonical/admin archive; excluded from student practice pending source, answer, KaTeX, and/or mapping verification."
APCALC-AB-FRQ-2010-06,frq,2010,AP Calculus AB,7,U7,APCALC-U7,uncertain,not_applicable,incomplete,blocked,syntax_checked_not_source_verified,verified,uncertain,True,"Retained in the canonical/admin archive; excluded from student practice pending source, answer, KaTeX, and/or mapping verification."
APCALC-AB-SAMPLE-2014-MCQ-001,mcq,2014,AP Calculus AB,2,U2,APCALC-U2,uncertain,uncertain,uncertain,blocked,syntax_checked_not_source_verified,verified,uncertain,True,"Retained in the canonical/admin archive; excluded from student practice pending source, answer, KaTeX, and/or mapping verification."
APCALC-AB-SAMPLE-2014-MCQ-002,mcq,2014,AP Calculus AB,2,U2,APCALC-U2,uncertain,uncertain,uncertain,blocked,syntax_checked_not_source_verified,verified,uncertain,True,"Retained in the canonical/admin archive; excluded from student practice pending source, answer, KaTeX, and/or mapping verification."
APCALC-AB-SAMPLE-2014-MCQ-003,mcq,2014,AP Calculus AB,2,U2,APCALC-U2,uncertain,uncertain,uncertain,blocked,syntax_checked_not_source_verified,verified,uncertain,True,"Retained in the canonical/admin archive; excluded from student practice pending source, answer, KaTeX, and/or mapping verification."
APCALC-AB-SAMPLE-2014-MCQ-004,mcq,2014,AP Calculus AB,8,U8,APCALC-U8,uncertain,uncertain,uncertain,blocked,syntax_checked_not_source_verified,verified,uncertain,True,"Retained in the canonical/admin archive; excluded from student practice pending source, answer, KaTeX, and/or mapping verification."
APCALC-AB-SAMPLE-2014-MCQ-005,mcq,2014,AP Calculus AB,7,U7,APCALC-U7,uncertain,uncertain,uncertain,blocked,syntax_checked_not_source_verified,verified,uncertain,True,"Retained in the canonical/admin archive; excluded from student practice pending source, answer, KaTeX, and/or mapping verification."
APCALC-AB-SAMPLE-2014-MCQ-006,mcq,2014,AP Calculus AB,2,U2,APCALC-U2,uncertain,uncertain,uncertain,blocked,syntax_checked_not_source_verified,verified,uncertain,True,"Retained in the canonical/admin archive; excluded from student practice pending source, answer, KaTeX, and/or mapping verification."
APCALC-AB-SAMPLE-2014-MCQ-007,mcq,2014,AP Calculus AB,2,U2,APCALC-U2,uncertain,uncertain,uncertain,blocked,syntax_checked_not_source_verified,verified,uncertain,True,"Retained in the canonical/admin archive; excluded from student practice pending source, answer, KaTeX, and/or mapping verification."
APCALC-AB-SAMPLE-2014-MCQ-008,mcq,2014,AP Calculus AB,1,U1,APCALC-U1,uncertain,uncertain,uncertain,blocked,syntax_checked_not_source_verified,verified,uncertain,True,"Retained in the canonical/admin archive; excluded from student practice pending source, answer, KaTeX, and/or mapping verification."
APCALC-AB-SAMPLE-2014-MCQ-009,mcq,2014,AP Calculus AB,8,U8,APCALC-U8,uncertain,uncertain,uncertain,blocked,syntax_checked_not_source_verified,verified,uncertain,True,"Retained in the canonical/admin archive; excluded from student practice pending source, answer, KaTeX, and/or mapping verification."
APCALC-AB-SAMPLE-2014-MCQ-010,mcq,2014,AP Calculus AB,7,U7,APCALC-U7,uncertain,uncertain,uncertain,blocked,syntax_checked_not_source_verified,verified,uncertain,True,"Retained in the canonical/admin archive; excluded from student practice pending source, answer, KaTeX, and/or mapping verification."
APCALC-AB-SAMPLE-2014-MCQ-011,mcq,2014,AP Calculus AB,2,U2,APCALC-U2,uncertain,uncertain,uncertain,blocked,syntax_checked_not_source_verified,verified,uncertain,True,"Retained in the canonical/admin archive; excluded from student practice pending source, answer, KaTeX, and/or mapping verification."
APCALC-AB-SAMPLE-2014-MCQ-012,mcq,2014,AP Calculus AB,5,U5,APCALC-U5,uncertain,uncertain,uncertain,blocked,syntax_checked_not_source_verified,verified,uncertain,True,"Retained in the canonical/admin archive; excluded from student practice pending source, answer, KaTeX, and/or mapping verification."
APCALC-AB-SAMPLE-2014-MCQ-013,mcq,2014,AP Calculus AB,2,U2,APCALC-U2,uncertain,uncertain,uncertain,blocked,syntax_checked_not_source_verified,verified,uncertain,True,"Retained in the canonical/admin archive; excluded from student practice pending source, answer, KaTeX, and/or mapping verification."
APCALC-AB-SAMPLE-2014-MCQ-014,mcq,2014,AP Calculus AB,1,U1,APCALC-U1,uncertain,uncertain,uncertain,blocked,syntax_checked_not_source_verified,verified,uncertain,True,"Retained in the canonical/admin archive; excluded from student practice pending source, answer, KaTeX, and/or mapping verification."
APCALC-AB-SAMPLE-2014-MCQ-015,mcq,2014,AP Calculus AB,2,U2,APCALC-U2,uncertain,uncertain,uncertain,blocked,syntax_checked_not_source_verified,verified,uncertain,True,"Retained in the canonical/admin archive; excluded from student practice pending source, answer, KaTeX, and/or mapping verification."
APCALC-AB-SAMPLE-2014-MCQ-016,mcq,2014,AP Calculus AB,4,U4,APCALC-U4,uncertain,uncertain,uncertain,blocked,syntax_checked_not_source_verified,verified,uncertain,True,"Retained in the canonical/admin archive; excluded from student practice pending source, answer, KaTeX, and/or mapping verification."
APCALC-AB-SAMPLE-2014-FRQ-01,frq,2014,AP Calculus AB,2,U2,APCALC-U2,uncertain,not_applicable,incomplete,blocked,syntax_checked_not_source_verified,verified,uncertain,True,"Retained in the canonical/admin archive; excluded from student practice pending source, answer, KaTeX, and/or mapping verification."
APCALC-AB-SAMPLE-2014-FRQ-02,frq,2014,AP Calculus AB,6,U6,APCALC-U6,uncertain,not_applicable,incomplete,blocked,syntax_checked_not_source_verified,verified,uncertain,True,"Retained in the canonical/admin archive; excluded from student practice pending source, answer, KaTeX, and/or mapping verification."
APCALC-BC-SAMPLE-2014-MCQ-001,mcq,2014,AP Calculus BC,9,U9,APCALC-U9,uncertain,uncertain,uncertain,blocked,syntax_checked_not_source_verified,verified,uncertain,True,"Retained in the canonical/admin archive; excluded from student practice pending source, answer, KaTeX, and/or mapping verification."
APCALC-BC-SAMPLE-2014-MCQ-002,mcq,2014,AP Calculus BC,7,U7,APCALC-U7,uncertain,uncertain,uncertain,blocked,syntax_checked_not_source_verified,verified,uncertain,True,"Retained in the canonical/admin archive; excluded from student practice pending source, answer, KaTeX, and/or mapping verification."
APCALC-BC-SAMPLE-2014-MCQ-003,mcq,2014,AP Calculus BC,10,U10,APCALC-U10,uncertain,uncertain,uncertain,blocked,syntax_checked_not_source_verified,verified,uncertain,True,"Retained in the canonical/admin archive; excluded from student practice pending source, answer, KaTeX, and/or mapping verification."
APCALC-BC-SAMPLE-2014-MCQ-004,mcq,2014,AP Calculus BC,10,U10,APCALC-U10,uncertain,uncertain,uncertain,blocked,syntax_checked_not_source_verified,verified,uncertain,True,"Retained in the canonical/admin archive; excluded from student practice pending source, answer, KaTeX, and/or mapping verification."
APCALC-BC-SAMPLE-2014-MCQ-005,mcq,2014,AP Calculus BC,10,U10,APCALC-U10,uncertain,uncertain,uncertain,blocked,syntax_checked_not_source_verified,verified,uncertain,True,"Retained in the canonical/admin archive; excluded from student practice pending source, answer, KaTeX, and/or mapping verification."
APCALC-BC-SAMPLE-2014-MCQ-006,mcq,2014,AP Calculus BC,10,U10,APCALC-U10,uncertain,uncertain,uncertain,blocked,syntax_checked_not_source_verified,verified,uncertain,True,"Retained in the canonical/admin archive; excluded from student practice pending source, answer, KaTeX, and/or mapping verification."
APCALC-BC-SAMPLE-2014-MCQ-007,mcq,2014,AP Calculus BC,9,U9,APCALC-U9,uncertain,uncertain,uncertain,blocked,syntax_checked_not_source_verified,verified,uncertain,True,"Retained in the canonical/admin archive; excluded from student practice pending source, answer, KaTeX, and/or mapping verification."
APCALC-BC-SAMPLE-2014-MCQ-008,mcq,2014,AP Calculus BC,5,U5,APCALC-U5,uncertain,uncertain,uncertain,blocked,syntax_checked_not_source_verified,verified,uncertain,True,"Retained in the canonical/admin archive; excluded from student practice pending source, answer, KaTeX, and/or mapping verification."
APCALC-BC-SAMPLE-2014-FRQ-01,frq,2014,AP Calculus BC,9,U9,APCALC-U9,uncertain,not_applicable,incomplete,blocked,syntax_checked_not_source_verified,verified,uncertain,True,"Retained in the canonical/admin archive; excluded from student practice pending source, answer, KaTeX, and/or mapping verification."
APCALC-BC-SAMPLE-2014-FRQ-02,frq,2014,AP Calculus BC,10,U10,APCALC-U10,uncertain,not_applicable,incomplete,blocked,syntax_checked_not_source_verified,verified,uncertain,True,"Retained in the canonical/admin archive; excluded from student practice pending source, answer, KaTeX, and/or mapping verification."
APCALC-AB-PRACTICE-2012-MCQ-001,mcq,2012,AP Calculus AB,2,U2,APCALC-U2,uncertain,uncertain,uncertain,blocked,syntax_checked_not_source_verified,verified,uncertain,True,"Retained in the canonical/admin archive; excluded from student practice pending source, answer, KaTeX, and/or mapping verification."
APCALC-AB-PRACTICE-2012-MCQ-002,mcq,2012,AP Calculus AB,5,U5,APCALC-U5,uncertain,uncertain,uncertain,blocked,syntax_checked_not_source_verified,verified,uncertain,True,"Retained in the canonical/admin archive; excluded from student practice pending source, answer, KaTeX, and/or mapping verification."
APCALC-AB-PRACTICE-2012-MCQ-003,mcq,2012,AP Calculus AB,2,U2,APCALC-U2,uncertain,uncertain,uncertain,blocked,syntax_checked_not_source_verified,verified,uncertain,True,"Retained in the canonical/admin archive; excluded from student practice pending source, answer, KaTeX, and/or mapping verification."
APCALC-AB-PRACTICE-2012-MCQ-004,mcq,2012,AP Calculus AB,2,U2,APCALC-U2,uncertain,uncertain,uncertain,blocked,syntax_checked_not_source_verified,verified,uncertain,True,"Retained in the canonical/admin archive; excluded from student practice pending source, answer, KaTeX, and/or mapping verification."
APCALC-AB-PRACTICE-2012-MCQ-005,mcq,2012,AP Calculus AB,2,U2,APCALC-U2,uncertain,uncertain,uncertain,blocked,syntax_checked_not_source_verified,verified,uncertain,True,"Retained in the canonical/admin archive; excluded from student practice pending source, answer, KaTeX, and/or mapping verification."
APCALC-AB-PRACTICE-2012-MCQ-006,mcq,2012,AP Calculus AB,8,U8,APCALC-U8,uncertain,uncertain,uncertain,blocked,syntax_checked_not_source_verified,verified,uncertain,True,"Retained in the canonical/admin archive; excluded from student practice pending source, answer, KaTeX, and/or mapping verification."
APCALC-AB-PRACTICE-2012-MCQ-007,mcq,2012,AP Calculus AB,2,U2,APCALC-U2,uncertain,uncertain,uncertain,blocked,syntax_checked_not_source_verified,verified,uncertain,True,"Retained in the canonical/admin archive; excluded from student practice pending source, answer, KaTeX, and/or mapping verification."
APCALC-AB-PRACTICE-2012-MCQ-008,mcq,2012,AP Calculus AB,6,U6,APCALC-U6,uncertain,uncertain,uncertain,blocked,syntax_checked_not_source_verified,verified,uncertain,True,"Retained in the canonical/admin archive; excluded from student practice pending source, answer, KaTeX, and/or mapping verification."
APCALC-AB-PRACTICE-2012-MCQ-009,mcq,2012,AP Calculus AB,1,U1,APCALC-U1,uncertain,uncertain,uncertain,blocked,syntax_checked_not_source_verified,verified,uncertain,True,"Retained in the canonical/admin archive; excluded from student practice pending source, answer, KaTeX, and/or mapping verification."
APCALC-AB-PRACTICE-2012-MCQ-010,mcq,2012,AP Calculus AB,8,U8,APCALC-U8,uncertain,uncertain,uncertain,blocked,syntax_checked_not_source_verified,verified,uncertain,True,"Retained in the canonical/admin archive; excluded from student practice pending source, answer, KaTeX, and/or mapping verification."
APCALC-AB-PRACTICE-2012-MCQ-011,mcq,2012,AP Calculus AB,2,U2,APCALC-U2,uncertain,uncertain,uncertain,blocked,syntax_checked_not_source_verified,verified,uncertain,True,"Retained in the canonical/admin archive; excluded from student practice pending source, answer, KaTeX, and/or mapping verification."
APCALC-AB-PRACTICE-2012-MCQ-012,mcq,2012,AP Calculus AB,2,U2,APCALC-U2,uncertain,uncertain,uncertain,blocked,syntax_checked_not_source_verified,verified,uncertain,True,"Retained in the canonical/admin archive; excluded from student practice pending source, answer, KaTeX, and/or mapping verification."
APCALC-AB-PRACTICE-2012-MCQ-013,mcq,2012,AP Calculus AB,2,U2,APCALC-U2,uncertain,uncertain,uncertain,blocked,syntax_checked_not_source_verified,verified,uncertain,True,"Retained in the canonical/admin archive; excluded from student practice pending source, answer, KaTeX, and/or mapping verification."
APCALC-AB-PRACTICE-2012-MCQ-014,mcq,2012,AP Calculus AB,2,U2,APCALC-U2,uncertain,uncertain,uncertain,blocked,syntax_checked_not_source_verified,verified,uncertain,True,"Retained in the canonical/admin archive; excluded from student practice pending source, answer, KaTeX, and/or mapping verification."
APCALC-AB-PRACTICE-2012-MCQ-015,mcq,2012,AP Calculus AB,2,U2,APCALC-U2,uncertain,uncertain,uncertain,blocked,syntax_checked_not_source_verified,verified,uncertain,True,"Retained in the canonical/admin archive; excluded from student practice pending source, answer, KaTeX, and/or mapping verification."
APCALC-AB-PRACTICE-2012-MCQ-016,mcq,2012,AP Calculus AB,2,U2,APCALC-U2,uncertain,uncertain,uncertain,blocked,syntax_checked_not_source_verified,verified,uncertain,True,"Retained in the canonical/admin archive; excluded from student practice pending source, answer, KaTeX, and/or mapping verification."
APCALC-AB-PRACTICE-2012-MCQ-017,mcq,2012,AP Calculus AB,2,U2,APCALC-U2,uncertain,uncertain,uncertain,blocked,syntax_checked_not_source_verified,verified,uncertain,True,"Retained in the canonical/admin archive; excluded from student practice pending source, answer, KaTeX, and/or mapping verification."
APCALC-AB-PRACTICE-2012-MCQ-018,mcq,2012,AP Calculus AB,2,U2,APCALC-U2,uncertain,uncertain,uncertain,blocked,syntax_checked_not_source_verified,verified,uncertain,True,"Retained in the canonical/admin archive; excluded from student practice pending source, answer, KaTeX, and/or mapping verification."
APCALC-AB-PRACTICE-2012-MCQ-019,mcq,2012,AP Calculus AB,2,U2,APCALC-U2,uncertain,uncertain,uncertain,blocked,syntax_checked_not_source_verified,verified,uncertain,True,"Retained in the canonical/admin archive; excluded from student practice pending source, answer, KaTeX, and/or mapping verification."
APCALC-AB-PRACTICE-2012-MCQ-020,mcq,2012,AP Calculus AB,2,U2,APCALC-U2,uncertain,uncertain,uncertain,blocked,syntax_checked_not_source_verified,verified,uncertain,True,"Retained in the canonical/admin archive; excluded from student practice pending source, answer, KaTeX, and/or mapping verification."
APCALC-AB-PRACTICE-2012-MCQ-021,mcq,2012,AP Calculus AB,1,U1,APCALC-U1,uncertain,uncertain,uncertain,blocked,syntax_checked_not_source_verified,verified,uncertain,True,"Retained in the canonical/admin archive; excluded from student practice pending source, answer, KaTeX, and/or mapping verification."
APCALC-AB-PRACTICE-2012-MCQ-022,mcq,2012,AP Calculus AB,5,U5,APCALC-U5,uncertain,uncertain,uncertain,blocked,syntax_checked_not_source_verified,verified,uncertain,True,"Retained in the canonical/admin archive; excluded from student practice pending source, answer, KaTeX, and/or mapping verification."
APCALC-AB-PRACTICE-2012-MCQ-023,mcq,2012,AP Calculus AB,7,U7,APCALC-U7,uncertain,uncertain,uncertain,blocked,syntax_checked_not_source_verified,verified,uncertain,True,"Retained in the canonical/admin archive; excluded from student practice pending source, answer, KaTeX, and/or mapping verification."
APCALC-AB-PRACTICE-2012-MCQ-024,mcq,2012,AP Calculus AB,2,U2,APCALC-U2,uncertain,uncertain,uncertain,blocked,syntax_checked_not_source_verified,verified,uncertain,True,"Retained in the canonical/admin archive; excluded from student practice pending source, answer, KaTeX, and/or mapping verification."
APCALC-AB-PRACTICE-2012-MCQ-025,mcq,2012,AP Calculus AB,7,U7,APCALC-U7,uncertain,uncertain,uncertain,blocked,syntax_checked_not_source_verified,verified,uncertain,True,"Retained in the canonical/admin archive; excluded from student practice pending source, answer, KaTeX, and/or mapping verification."
APCALC-AB-PRACTICE-2012-MCQ-026,mcq,2012,AP Calculus AB,2,U2,APCALC-U2,uncertain,uncertain,uncertain,blocked,syntax_checked_not_source_verified,verified,uncertain,True,"Retained in the canonical/admin archive; excluded from student practice pending source, answer, KaTeX, and/or mapping verification."
APCALC-AB-PRACTICE-2012-MCQ-027,mcq,2012,AP Calculus AB,2,U2,APCALC-U2,uncertain,uncertain,uncertain,blocked,syntax_checked_not_source_verified,verified,uncertain,True,"Retained in the canonical/admin archive; excluded from student practice pending source, answer, KaTeX, and/or mapping verification."
APCALC-AB-PRACTICE-2012-MCQ-028,mcq,2012,AP Calculus AB,4,U4,APCALC-U4,uncertain,uncertain,uncertain,blocked,syntax_checked_not_source_verified,verified,uncertain,True,"Retained in the canonical/admin archive; excluded from student practice pending source, answer, KaTeX, and/or mapping verification."
APCALC-AB-PRACTICE-2012-MCQ-076,mcq,2012,AP Calculus AB,5,U5,APCALC-U5,uncertain,uncertain,uncertain,blocked,syntax_checked_not_source_verified,verified,uncertain,True,"Retained in the canonical/admin archive; excluded from student practice pending source, answer, KaTeX, and/or mapping verification."
APCALC-AB-PRACTICE-2012-MCQ-077,mcq,2012,AP Calculus AB,1,U1,APCALC-U1,uncertain,uncertain,uncertain,blocked,syntax_checked_not_source_verified,verified,uncertain,True,"Retained in the canonical/admin archive; excluded from student practice pending source, answer, KaTeX, and/or mapping verification."
APCALC-AB-PRACTICE-2012-MCQ-078,mcq,2012,AP Calculus AB,2,U2,APCALC-U2,uncertain,uncertain,uncertain,blocked,syntax_checked_not_source_verified,verified,uncertain,True,"Retained in the canonical/admin archive; excluded from student practice pending source, answer, KaTeX, and/or mapping verification."
APCALC-AB-PRACTICE-2012-MCQ-079,mcq,2012,AP Calculus AB,4,U4,APCALC-U4,uncertain,uncertain,uncertain,blocked,syntax_checked_not_source_verified,verified,uncertain,True,"Retained in the canonical/admin archive; excluded from student practice pending source, answer, KaTeX, and/or mapping verification."
APCALC-AB-PRACTICE-2012-MCQ-080,mcq,2012,AP Calculus AB,5,U5,APCALC-U5,uncertain,uncertain,uncertain,blocked,syntax_checked_not_source_verified,verified,uncertain,True,"Retained in the canonical/admin archive; excluded from student practice pending source, answer, KaTeX, and/or mapping verification."
APCALC-AB-PRACTICE-2012-MCQ-081,mcq,2012,AP Calculus AB,2,U2,APCALC-U2,uncertain,uncertain,uncertain,blocked,syntax_checked_not_source_verified,verified,uncertain,True,"Retained in the canonical/admin archive; excluded from student practice pending source, answer, KaTeX, and/or mapping verification."
APCALC-AB-PRACTICE-2012-MCQ-082,mcq,2012,AP Calculus AB,5,U5,APCALC-U5,uncertain,uncertain,uncertain,blocked,syntax_checked_not_source_verified,verified,uncertain,True,"Retained in the canonical/admin archive; excluded from student practice pending source, answer, KaTeX, and/or mapping verification."
APCALC-AB-PRACTICE-2012-MCQ-083,mcq,2012,AP Calculus AB,4,U4,APCALC-U4,uncertain,uncertain,uncertain,blocked,syntax_checked_not_source_verified,verified,uncertain,True,"Retained in the canonical/admin archive; excluded from student practice pending source, answer, KaTeX, and/or mapping verification."
APCALC-AB-PRACTICE-2012-MCQ-084,mcq,2012,AP Calculus AB,5,U5,APCALC-U5,uncertain,uncertain,uncertain,blocked,syntax_checked_not_source_verified,verified,uncertain,True,"Retained in the canonical/admin archive; excluded from student practice pending source, answer, KaTeX, and/or mapping verification."
APCALC-AB-PRACTICE-2012-MCQ-085,mcq,2012,AP Calculus AB,5,U5,APCALC-U5,uncertain,uncertain,uncertain,blocked,syntax_checked_not_source_verified,verified,uncertain,True,"Retained in the canonical/admin archive; excluded from student practice pending source, answer, KaTeX, and/or mapping verification."
APCALC-AB-PRACTICE-2012-MCQ-086,mcq,2012,AP Calculus AB,2,U2,APCALC-U2,uncertain,uncertain,uncertain,blocked,syntax_checked_not_source_verified,verified,uncertain,True,"Retained in the canonical/admin archive; excluded from student practice pending source, answer, KaTeX, and/or mapping verification."
APCALC-AB-PRACTICE-2012-MCQ-087,mcq,2012,AP Calculus AB,5,U5,APCALC-U5,uncertain,uncertain,uncertain,blocked,syntax_checked_not_source_verified,verified,uncertain,True,"Retained in the canonical/admin archive; excluded from student practice pending source, answer, KaTeX, and/or mapping verification."
APCALC-AB-PRACTICE-2012-MCQ-088,mcq,2012,AP Calculus AB,2,U2,APCALC-U2,uncertain,uncertain,uncertain,blocked,syntax_checked_not_source_verified,verified,uncertain,True,"Retained in the canonical/admin archive; excluded from student practice pending source, answer, KaTeX, and/or mapping verification."
APCALC-AB-PRACTICE-2012-MCQ-089,mcq,2012,AP Calculus AB,4,U4,APCALC-U4,uncertain,uncertain,uncertain,blocked,syntax_checked_not_source_verified,verified,uncertain,True,"Retained in the canonical/admin archive; excluded from student practice pending source, answer, KaTeX, and/or mapping verification."
APCALC-AB-PRACTICE-2012-MCQ-090,mcq,2012,AP Calculus AB,2,U2,APCALC-U2,uncertain,uncertain,uncertain,blocked,syntax_checked_not_source_verified,verified,uncertain,True,"Retained in the canonical/admin archive; excluded from student practice pending source, answer, KaTeX, and/or mapping verification."
APCALC-AB-PRACTICE-2012-MCQ-091,mcq,2012,AP Calculus AB,2,U2,APCALC-U2,uncertain,uncertain,uncertain,blocked,syntax_checked_not_source_verified,verified,uncertain,True,"Retained in the canonical/admin archive; excluded from student practice pending source, answer, KaTeX, and/or mapping verification."
APCALC-AB-PRACTICE-2012-MCQ-092,mcq,2012,AP Calculus AB,8,U8,APCALC-U8,uncertain,uncertain,uncertain,blocked,syntax_checked_not_source_verified,verified,uncertain,True,"Retained in the canonical/admin archive; excluded from student practice pending source, answer, KaTeX, and/or mapping verification."
APCALC-AB-PRACTICE-2012-FRQ-01,frq,2012,AP Calculus AB,5,U5,APCALC-U5,uncertain,not_applicable,incomplete,blocked,syntax_checked_not_source_verified,verified,uncertain,True,"Retained in the canonical/admin archive; excluded from student practice pending source, answer, KaTeX, and/or mapping verification."
APCALC-AB-PRACTICE-2012-FRQ-02,frq,2012,AP Calculus AB,2,U2,APCALC-U2,uncertain,not_applicable,incomplete,blocked,syntax_checked_not_source_verified,verified,uncertain,True,"Retained in the canonical/admin archive; excluded from student practice pending source, answer, KaTeX, and/or mapping verification."
APCALC-AB-PRACTICE-2012-FRQ-03,frq,2012,AP Calculus AB,1,U1,APCALC-U1,uncertain,not_applicable,incomplete,blocked,syntax_checked_not_source_verified,verified,uncertain,True,"Retained in the canonical/admin archive; excluded from student practice pending source, answer, KaTeX, and/or mapping verification."
APCALC-AB-PRACTICE-2012-FRQ-04,frq,2012,AP Calculus AB,2,U2,APCALC-U2,uncertain,not_applicable,incomplete,blocked,syntax_checked_not_source_verified,verified,uncertain,True,"Retained in the canonical/admin archive; excluded from student practice pending source, answer, KaTeX, and/or mapping verification."
APCALC-AB-PRACTICE-2012-FRQ-05,frq,2012,AP Calculus AB,7,U7,APCALC-U7,uncertain,not_applicable,incomplete,blocked,syntax_checked_not_source_verified,verified,uncertain,True,"Retained in the canonical/admin archive; excluded from student practice pending source, answer, KaTeX, and/or mapping verification."
APCALC-AB-PRACTICE-2012-FRQ-06,frq,2012,AP Calculus AB,4,U4,APCALC-U4,uncertain,not_applicable,incomplete,blocked,syntax_checked_not_source_verified,verified,uncertain,True,"Retained in the canonical/admin archive; excluded from student practice pending source, answer, KaTeX, and/or mapping verification."
APCALC-BC-PRACTICE-2016-MCQ-001,mcq,2016,AP Calculus BC,10,U10,APCALC-U10,uncertain,uncertain,uncertain,blocked,syntax_checked_not_source_verified,verified,uncertain,True,"Retained in the canonical/admin archive; excluded from student practice pending source, answer, KaTeX, and/or mapping verification."
APCALC-BC-PRACTICE-2016-MCQ-002,mcq,2016,AP Calculus BC,9,U9,APCALC-U9,uncertain,uncertain,uncertain,blocked,syntax_checked_not_source_verified,verified,uncertain,True,"Retained in the canonical/admin archive; excluded from student practice pending source, answer, KaTeX, and/or mapping verification."
APCALC-BC-PRACTICE-2016-MCQ-003,mcq,2016,AP Calculus BC,10,U10,APCALC-U10,uncertain,uncertain,uncertain,blocked,syntax_checked_not_source_verified,verified,uncertain,True,"Retained in the canonical/admin archive; excluded from student practice pending source, answer, KaTeX, and/or mapping verification."
APCALC-BC-PRACTICE-2016-MCQ-004,mcq,2016,AP Calculus BC,2,U2,APCALC-U2,uncertain,uncertain,uncertain,blocked,syntax_checked_not_source_verified,verified,uncertain,True,"Retained in the canonical/admin archive; excluded from student practice pending source, answer, KaTeX, and/or mapping verification."
APCALC-BC-PRACTICE-2016-MCQ-005,mcq,2016,AP Calculus BC,9,U9,APCALC-U9,uncertain,uncertain,uncertain,blocked,syntax_checked_not_source_verified,verified,uncertain,True,"Retained in the canonical/admin archive; excluded from student practice pending source, answer, KaTeX, and/or mapping verification."
APCALC-BC-PRACTICE-2016-MCQ-006,mcq,2016,AP Calculus BC,10,U10,APCALC-U10,uncertain,uncertain,uncertain,blocked,syntax_checked_not_source_verified,verified,uncertain,True,"Retained in the canonical/admin archive; excluded from student practice pending source, answer, KaTeX, and/or mapping verification."
APCALC-BC-PRACTICE-2016-MCQ-007,mcq,2016,AP Calculus BC,7,U7,APCALC-U7,uncertain,uncertain,uncertain,blocked,syntax_checked_not_source_verified,verified,uncertain,True,"Retained in the canonical/admin archive; excluded from student practice pending source, answer, KaTeX, and/or mapping verification."
APCALC-BC-PRACTICE-2016-MCQ-008,mcq,2016,AP Calculus BC,10,U10,APCALC-U10,uncertain,uncertain,uncertain,blocked,syntax_checked_not_source_verified,verified,uncertain,True,"Retained in the canonical/admin archive; excluded from student practice pending source, answer, KaTeX, and/or mapping verification."
APCALC-BC-PRACTICE-2016-MCQ-009,mcq,2016,AP Calculus BC,9,U9,APCALC-U9,uncertain,uncertain,uncertain,blocked,syntax_checked_not_source_verified,verified,uncertain,True,"Retained in the canonical/admin archive; excluded from student practice pending source, answer, KaTeX, and/or mapping verification."
APCALC-BC-PRACTICE-2016-MCQ-010,mcq,2016,AP Calculus BC,5,U5,APCALC-U5,uncertain,uncertain,uncertain,blocked,syntax_checked_not_source_verified,verified,uncertain,True,"Retained in the canonical/admin archive; excluded from student practice pending source, answer, KaTeX, and/or mapping verification."
APCALC-BC-PRACTICE-2016-MCQ-011,mcq,2016,AP Calculus BC,6,U6,APCALC-U6,uncertain,uncertain,uncertain,blocked,syntax_checked_not_source_verified,verified,uncertain,True,"Retained in the canonical/admin archive; excluded from student practice pending source, answer, KaTeX, and/or mapping verification."
APCALC-BC-PRACTICE-2016-MCQ-012,mcq,2016,AP Calculus BC,10,U10,APCALC-U10,uncertain,uncertain,uncertain,blocked,syntax_checked_not_source_verified,verified,uncertain,True,"Retained in the canonical/admin archive; excluded from student practice pending source, answer, KaTeX, and/or mapping verification."
APCALC-BC-PRACTICE-2016-MCQ-013,mcq,2016,AP Calculus BC,7,U7,APCALC-U7,uncertain,uncertain,uncertain,blocked,syntax_checked_not_source_verified,verified,uncertain,True,"Retained in the canonical/admin archive; excluded from student practice pending source, answer, KaTeX, and/or mapping verification."
APCALC-BC-PRACTICE-2016-MCQ-014,mcq,2016,AP Calculus BC,10,U10,APCALC-U10,uncertain,uncertain,uncertain,blocked,syntax_checked_not_source_verified,verified,uncertain,True,"Retained in the canonical/admin archive; excluded from student practice pending source, answer, KaTeX, and/or mapping verification."
APCALC-BC-PRACTICE-2016-MCQ-015,mcq,2016,AP Calculus BC,10,U10,APCALC-U10,uncertain,uncertain,uncertain,blocked,syntax_checked_not_source_verified,verified,uncertain,True,"Retained in the canonical/admin archive; excluded from student practice pending source, answer, KaTeX, and/or mapping verification."
APCALC-BC-PRACTICE-2016-MCQ-016,mcq,2016,AP Calculus BC,10,U10,APCALC-U10,uncertain,uncertain,uncertain,blocked,syntax_checked_not_source_verified,verified,uncertain,True,"Retained in the canonical/admin archive; excluded from student practice pending source, answer, KaTeX, and/or mapping verification."
APCALC-BC-PRACTICE-2016-MCQ-017,mcq,2016,AP Calculus BC,8,U8,APCALC-U8,uncertain,uncertain,uncertain,blocked,syntax_checked_not_source_verified,verified,uncertain,True,"Retained in the canonical/admin archive; excluded from student practice pending source, answer, KaTeX, and/or mapping verification."
APCALC-BC-PRACTICE-2016-MCQ-018,mcq,2016,AP Calculus BC,10,U10,APCALC-U10,uncertain,uncertain,uncertain,blocked,syntax_checked_not_source_verified,verified,uncertain,True,"Retained in the canonical/admin archive; excluded from student practice pending source, answer, KaTeX, and/or mapping verification."
APCALC-BC-PRACTICE-2016-MCQ-019,mcq,2016,AP Calculus BC,10,U10,APCALC-U10,uncertain,uncertain,uncertain,blocked,syntax_checked_not_source_verified,verified,uncertain,True,"Retained in the canonical/admin archive; excluded from student practice pending source, answer, KaTeX, and/or mapping verification."
APCALC-BC-PRACTICE-2016-MCQ-020,mcq,2016,AP Calculus BC,9,U9,APCALC-U9,uncertain,uncertain,uncertain,blocked,syntax_checked_not_source_verified,verified,uncertain,True,"Retained in the canonical/admin archive; excluded from student practice pending source, answer, KaTeX, and/or mapping verification."
APCALC-BC-PRACTICE-2016-MCQ-021,mcq,2016,AP Calculus BC,10,U10,APCALC-U10,uncertain,uncertain,uncertain,blocked,syntax_checked_not_source_verified,verified,uncertain,True,"Retained in the canonical/admin archive; excluded from student practice pending source, answer, KaTeX, and/or mapping verification."
APCALC-BC-PRACTICE-2016-MCQ-022,mcq,2016,AP Calculus BC,10,U10,APCALC-U10,uncertain,uncertain,uncertain,blocked,syntax_checked_not_source_verified,verified,uncertain,True,"Retained in the canonical/admin archive; excluded from student practice pending source, answer, KaTeX, and/or mapping verification."
APCALC-BC-PRACTICE-2016-MCQ-023,mcq,2016,AP Calculus BC,10,U10,APCALC-U10,uncertain,uncertain,uncertain,blocked,syntax_checked_not_source_verified,verified,uncertain,True,"Retained in the canonical/admin archive; excluded from student practice pending source, answer, KaTeX, and/or mapping verification."
APCALC-BC-PRACTICE-2016-MCQ-024,mcq,2016,AP Calculus BC,10,U10,APCALC-U10,uncertain,uncertain,uncertain,blocked,syntax_checked_not_source_verified,verified,uncertain,True,"Retained in the canonical/admin archive; excluded from student practice pending source, answer, KaTeX, and/or mapping verification."
APCALC-BC-PRACTICE-2016-MCQ-025,mcq,2016,AP Calculus BC,10,U10,APCALC-U10,uncertain,uncertain,uncertain,blocked,syntax_checked_not_source_verified,verified,uncertain,True,"Retained in the canonical/admin archive; excluded from student practice pending source, answer, KaTeX, and/or mapping verification."
APCALC-BC-PRACTICE-2016-MCQ-026,mcq,2016,AP Calculus BC,4,U4,APCALC-U4,uncertain,uncertain,uncertain,blocked,syntax_checked_not_source_verified,verified,uncertain,True,"Retained in the canonical/admin archive; excluded from student practice pending source, answer, KaTeX, and/or mapping verification."
APCALC-BC-PRACTICE-2016-MCQ-027,mcq,2016,AP Calculus BC,10,U10,APCALC-U10,uncertain,uncertain,uncertain,blocked,syntax_checked_not_source_verified,verified,uncertain,True,"Retained in the canonical/admin archive; excluded from student practice pending source, answer, KaTeX, and/or mapping verification."
APCALC-BC-PRACTICE-2016-MCQ-028,mcq,2016,AP Calculus BC,8,U8,APCALC-U8,uncertain,uncertain,uncertain,blocked,syntax_checked_not_source_verified,verified,uncertain,True,"Retained in the canonical/admin archive; excluded from student practice pending source, answer, KaTeX, and/or mapping verification."
APCALC-BC-PRACTICE-2016-MCQ-076,mcq,2016,AP Calculus BC,10,U10,APCALC-U10,uncertain,uncertain,uncertain,blocked,syntax_checked_not_source_verified,verified,uncertain,True,"Retained in the canonical/admin archive; excluded from student practice pending source, answer, KaTeX, and/or mapping verification."
APCALC-BC-PRACTICE-2016-MCQ-077,mcq,2016,AP Calculus BC,1,U1,APCALC-U1,uncertain,uncertain,uncertain,blocked,syntax_checked_not_source_verified,verified,uncertain,True,"Retained in the canonical/admin archive; excluded from student practice pending source, answer, KaTeX, and/or mapping verification."
APCALC-BC-PRACTICE-2016-MCQ-078,mcq,2016,AP Calculus BC,10,U10,APCALC-U10,uncertain,uncertain,uncertain,blocked,syntax_checked_not_source_verified,verified,uncertain,True,"Retained in the canonical/admin archive; excluded from student practice pending source, answer, KaTeX, and/or mapping verification."
APCALC-BC-PRACTICE-2016-MCQ-079,mcq,2016,AP Calculus BC,5,U5,APCALC-U5,uncertain,uncertain,uncertain,blocked,syntax_checked_not_source_verified,verified,uncertain,True,"Retained in the canonical/admin archive; excluded from student practice pending source, answer, KaTeX, and/or mapping verification."
APCALC-BC-PRACTICE-2016-MCQ-080,mcq,2016,AP Calculus BC,2,U2,APCALC-U2,uncertain,uncertain,uncertain,blocked,syntax_checked_not_source_verified,verified,uncertain,True,"Retained in the canonical/admin archive; excluded from student practice pending source, answer, KaTeX, and/or mapping verification."
APCALC-BC-PRACTICE-2016-MCQ-081,mcq,2016,AP Calculus BC,6,U6,APCALC-U6,uncertain,uncertain,uncertain,blocked,syntax_checked_not_source_verified,verified,uncertain,True,"Retained in the canonical/admin archive; excluded from student practice pending source, answer, KaTeX, and/or mapping verification."
APCALC-BC-PRACTICE-2016-MCQ-082,mcq,2016,AP Calculus BC,4,U4,APCALC-U4,uncertain,uncertain,uncertain,blocked,syntax_checked_not_source_verified,verified,uncertain,True,"Retained in the canonical/admin archive; excluded from student practice pending source, answer, KaTeX, and/or mapping verification."
APCALC-BC-PRACTICE-2016-MCQ-083,mcq,2016,AP Calculus BC,2,U2,APCALC-U2,uncertain,uncertain,uncertain,blocked,syntax_checked_not_source_verified,verified,uncertain,True,"Retained in the canonical/admin archive; excluded from student practice pending source, answer, KaTeX, and/or mapping verification."
APCALC-BC-PRACTICE-2016-MCQ-084,mcq,2016,AP Calculus BC,5,U5,APCALC-U5,uncertain,uncertain,uncertain,blocked,syntax_checked_not_source_verified,verified,uncertain,True,"Retained in the canonical/admin archive; excluded from student practice pending source, answer, KaTeX, and/or mapping verification."
APCALC-BC-PRACTICE-2016-MCQ-085,mcq,2016,AP Calculus BC,5,U5,APCALC-U5,uncertain,uncertain,uncertain,blocked,syntax_checked_not_source_verified,verified,uncertain,True,"Retained in the canonical/admin archive; excluded from student practice pending source, answer, KaTeX, and/or mapping verification."
APCALC-BC-PRACTICE-2016-MCQ-086,mcq,2016,AP Calculus BC,2,U2,APCALC-U2,uncertain,uncertain,uncertain,blocked,syntax_checked_not_source_verified,verified,uncertain,True,"Retained in the canonical/admin archive; excluded from student practice pending source, answer, KaTeX, and/or mapping verification."
APCALC-BC-PRACTICE-2016-MCQ-087,mcq,2016,AP Calculus BC,5,U5,APCALC-U5,uncertain,uncertain,uncertain,blocked,syntax_checked_not_source_verified,verified,uncertain,True,"Retained in the canonical/admin archive; excluded from student practice pending source, answer, KaTeX, and/or mapping verification."
APCALC-BC-PRACTICE-2016-MCQ-088,mcq,2016,AP Calculus BC,10,U10,APCALC-U10,uncertain,uncertain,uncertain,blocked,syntax_checked_not_source_verified,verified,uncertain,True,"Retained in the canonical/admin archive; excluded from student practice pending source, answer, KaTeX, and/or mapping verification."
APCALC-BC-PRACTICE-2016-MCQ-089,mcq,2016,AP Calculus BC,4,U4,APCALC-U4,uncertain,uncertain,uncertain,blocked,syntax_checked_not_source_verified,verified,uncertain,True,"Retained in the canonical/admin archive; excluded from student practice pending source, answer, KaTeX, and/or mapping verification."
APCALC-BC-PRACTICE-2016-MCQ-090,mcq,2016,AP Calculus BC,8,U8,APCALC-U8,uncertain,uncertain,uncertain,blocked,syntax_checked_not_source_verified,verified,uncertain,True,"Retained in the canonical/admin archive; excluded from student practice pending source, answer, KaTeX, and/or mapping verification."
APCALC-BC-PRACTICE-2016-MCQ-091,mcq,2016,AP Calculus BC,7,U7,APCALC-U7,uncertain,uncertain,uncertain,blocked,syntax_checked_not_source_verified,verified,uncertain,True,"Retained in the canonical/admin archive; excluded from student practice pending source, answer, KaTeX, and/or mapping verification."
APCALC-BC-PRACTICE-2016-MCQ-092,mcq,2016,AP Calculus BC,6,U6,APCALC-U6,uncertain,uncertain,uncertain,blocked,syntax_checked_not_source_verified,verified,uncertain,True,"Retained in the canonical/admin archive; excluded from student practice pending source, answer, KaTeX, and/or mapping verification."
APCALC-BC-PRACTICE-2016-FRQ-01,frq,2016,AP Calculus BC,9,U9,APCALC-U9,uncertain,not_applicable,incomplete,blocked,syntax_checked_not_source_verified,verified,uncertain,True,"Retained in the canonical/admin archive; excluded from student practice pending source, answer, KaTeX, and/or mapping verification."
APCALC-BC-PRACTICE-2016-FRQ-02,frq,2016,AP Calculus BC,2,U2,APCALC-U2,uncertain,not_applicable,incomplete,blocked,syntax_checked_not_source_verified,verified,uncertain,True,"Retained in the canonical/admin archive; excluded from student practice pending source, answer, KaTeX, and/or mapping verification."
APCALC-BC-PRACTICE-2016-FRQ-03,frq,2016,AP Calculus BC,10,U10,APCALC-U10,uncertain,not_applicable,incomplete,blocked,syntax_checked_not_source_verified,verified,uncertain,True,"Retained in the canonical/admin archive; excluded from student practice pending source, answer, KaTeX, and/or mapping verification."
APCALC-BC-PRACTICE-2016-FRQ-04,frq,2016,AP Calculus BC,10,U10,APCALC-U10,uncertain,not_applicable,incomplete,blocked,syntax_checked_not_source_verified,verified,uncertain,True,"Retained in the canonical/admin archive; excluded from student practice pending source, answer, KaTeX, and/or mapping verification."
APCALC-BC-PRACTICE-2016-FRQ-05,frq,2016,AP Calculus BC,7,U7,APCALC-U7,uncertain,not_applicable,incomplete,blocked,syntax_checked_not_source_verified,verified,uncertain,True,"Retained in the canonical/admin archive; excluded from student practice pending source, answer, KaTeX, and/or mapping verification."
APCALC-BC-PRACTICE-2016-FRQ-06,frq,2016,AP Calculus BC,10,U10,APCALC-U10,uncertain,not_applicable,incomplete,blocked,syntax_checked_not_source_verified,verified,uncertain,True,"Retained in the canonical/admin archive; excluded from student practice pending source, answer, KaTeX, and/or mapping verification."
LUCID-AB-PRACTICE-2015-MCQ-001,mcq,2015,AP Calculus AB,6,U6,APCALC-U6,uncertain,uncertain,uncertain,blocked,syntax_checked_not_source_verified,verified,uncertain,True,"Retained in the canonical/admin archive; excluded from student practice pending source, answer, KaTeX, and/or mapping verification."
LUCID-AB-PRACTICE-2015-MCQ-002,mcq,2015,AP Calculus AB,2,U2,APCALC-U2,uncertain,uncertain,uncertain,blocked,syntax_checked_not_source_verified,verified,uncertain,True,"Retained in the canonical/admin archive; excluded from student practice pending source, answer, KaTeX, and/or mapping verification."
LUCID-AB-PRACTICE-2015-MCQ-003,mcq,2015,AP Calculus AB,2,U2,APCALC-U2,uncertain,uncertain,uncertain,blocked,syntax_checked_not_source_verified,verified,uncertain,True,"Retained in the canonical/admin archive; excluded from student practice pending source, answer, KaTeX, and/or mapping verification."
LUCID-AB-PRACTICE-2015-MCQ-004,mcq,2015,AP Calculus AB,7,U7,APCALC-U7,uncertain,uncertain,uncertain,blocked,syntax_checked_not_source_verified,verified,uncertain,True,"Retained in the canonical/admin archive; excluded from student practice pending source, answer, KaTeX, and/or mapping verification."
LUCID-AB-PRACTICE-2015-MCQ-005,mcq,2015,AP Calculus AB,5,U5,APCALC-U5,uncertain,uncertain,uncertain,blocked,syntax_checked_not_source_verified,verified,uncertain,True,"Retained in the canonical/admin archive; excluded from student practice pending source, answer, KaTeX, and/or mapping verification."
LUCID-AB-PRACTICE-2015-MCQ-006,mcq,2015,AP Calculus AB,2,U2,APCALC-U2,uncertain,uncertain,uncertain,blocked,syntax_checked_not_source_verified,verified,uncertain,True,"Retained in the canonical/admin archive; excluded from student practice pending source, answer, KaTeX, and/or mapping verification."
LUCID-AB-PRACTICE-2015-MCQ-007,mcq,2015,AP Calculus AB,5,U5,APCALC-U5,uncertain,uncertain,uncertain,blocked,syntax_checked_not_source_verified,verified,uncertain,True,"Retained in the canonical/admin archive; excluded from student practice pending source, answer, KaTeX, and/or mapping verification."
LUCID-AB-PRACTICE-2015-MCQ-008,mcq,2015,AP Calculus AB,2,U2,APCALC-U2,uncertain,uncertain,uncertain,blocked,syntax_checked_not_source_verified,verified,uncertain,True,"Retained in the canonical/admin archive; excluded from student practice pending source, answer, KaTeX, and/or mapping verification."
LUCID-AB-PRACTICE-2015-MCQ-009,mcq,2015,AP Calculus AB,2,U2,APCALC-U2,uncertain,uncertain,uncertain,blocked,syntax_checked_not_source_verified,verified,uncertain,True,"Retained in the canonical/admin archive; excluded from student practice pending source, answer, KaTeX, and/or mapping verification."
LUCID-AB-PRACTICE-2015-MCQ-010,mcq,2015,AP Calculus AB,5,U5,APCALC-U5,uncertain,uncertain,uncertain,blocked,syntax_checked_not_source_verified,verified,uncertain,True,"Retained in the canonical/admin archive; excluded from student practice pending source, answer, KaTeX, and/or mapping verification."
LUCID-AB-PRACTICE-2015-MCQ-011,mcq,2015,AP Calculus AB,2,U2,APCALC-U2,uncertain,uncertain,uncertain,blocked,syntax_checked_not_source_verified,verified,uncertain,True,"Retained in the canonical/admin archive; excluded from student practice pending source, answer, KaTeX, and/or mapping verification."
LUCID-AB-PRACTICE-2015-MCQ-012,mcq,2015,AP Calculus AB,2,U2,APCALC-U2,uncertain,uncertain,uncertain,blocked,syntax_checked_not_source_verified,verified,uncertain,True,"Retained in the canonical/admin archive; excluded from student practice pending source, answer, KaTeX, and/or mapping verification."
LUCID-AB-PRACTICE-2015-MCQ-013,mcq,2015,AP Calculus AB,5,U5,APCALC-U5,uncertain,uncertain,uncertain,blocked,syntax_checked_not_source_verified,verified,uncertain,True,"Retained in the canonical/admin archive; excluded from student practice pending source, answer, KaTeX, and/or mapping verification."
LUCID-AB-PRACTICE-2015-MCQ-014,mcq,2015,AP Calculus AB,1,U1,APCALC-U1,uncertain,uncertain,uncertain,blocked,syntax_checked_not_source_verified,verified,uncertain,True,"Retained in the canonical/admin archive; excluded from student practice pending source, answer, KaTeX, and/or mapping verification."
LUCID-AB-PRACTICE-2015-MCQ-015,mcq,2015,AP Calculus AB,2,U2,APCALC-U2,uncertain,uncertain,uncertain,blocked,syntax_checked_not_source_verified,verified,uncertain,True,"Retained in the canonical/admin archive; excluded from student practice pending source, answer, KaTeX, and/or mapping verification."
LUCID-AB-PRACTICE-2015-MCQ-016,mcq,2015,AP Calculus AB,2,U2,APCALC-U2,uncertain,uncertain,uncertain,blocked,syntax_checked_not_source_verified,verified,uncertain,True,"Retained in the canonical/admin archive; excluded from student practice pending source, answer, KaTeX, and/or mapping verification."
LUCID-AB-PRACTICE-2015-MCQ-017,mcq,2015,AP Calculus AB,2,U2,APCALC-U2,uncertain,uncertain,uncertain,blocked,syntax_checked_not_source_verified,verified,uncertain,True,"Retained in the canonical/admin archive; excluded from student practice pending source, answer, KaTeX, and/or mapping verification."
LUCID-AB-PRACTICE-2015-MCQ-018,mcq,2015,AP Calculus AB,2,U2,APCALC-U2,uncertain,uncertain,uncertain,blocked,syntax_checked_not_source_verified,verified,uncertain,True,"Retained in the canonical/admin archive; excluded from student practice pending source, answer, KaTeX, and/or mapping verification."
LUCID-AB-PRACTICE-2015-MCQ-019,mcq,2015,AP Calculus AB,2,U2,APCALC-U2,uncertain,uncertain,uncertain,blocked,syntax_checked_not_source_verified,verified,uncertain,True,"Retained in the canonical/admin archive; excluded from student practice pending source, answer, KaTeX, and/or mapping verification."
LUCID-AB-PRACTICE-2015-MCQ-020,mcq,2015,AP Calculus AB,2,U2,APCALC-U2,uncertain,uncertain,uncertain,blocked,syntax_checked_not_source_verified,verified,uncertain,True,"Retained in the canonical/admin archive; excluded from student practice pending source, answer, KaTeX, and/or mapping verification."
LUCID-AB-PRACTICE-2015-MCQ-021,mcq,2015,AP Calculus AB,2,U2,APCALC-U2,uncertain,uncertain,uncertain,blocked,syntax_checked_not_source_verified,verified,uncertain,True,"Retained in the canonical/admin archive; excluded from student practice pending source, answer, KaTeX, and/or mapping verification."
LUCID-AB-PRACTICE-2015-MCQ-022,mcq,2015,AP Calculus AB,2,U2,APCALC-U2,uncertain,uncertain,uncertain,blocked,syntax_checked_not_source_verified,verified,uncertain,True,"Retained in the canonical/admin archive; excluded from student practice pending source, answer, KaTeX, and/or mapping verification."
LUCID-AB-PRACTICE-2015-MCQ-023,mcq,2015,AP Calculus AB,2,U2,APCALC-U2,uncertain,uncertain,uncertain,blocked,syntax_checked_not_source_verified,verified,uncertain,True,"Retained in the canonical/admin archive; excluded from student practice pending source, answer, KaTeX, and/or mapping verification."
LUCID-AB-PRACTICE-2015-MCQ-024,mcq,2015,AP Calculus AB,2,U2,APCALC-U2,uncertain,uncertain,uncertain,blocked,syntax_checked_not_source_verified,verified,uncertain,True,"Retained in the canonical/admin archive; excluded from student practice pending source, answer, KaTeX, and/or mapping verification."
LUCID-AB-PRACTICE-2015-MCQ-025,mcq,2015,AP Calculus AB,2,U2,APCALC-U2,uncertain,uncertain,uncertain,blocked,syntax_checked_not_source_verified,verified,uncertain,True,"Retained in the canonical/admin archive; excluded from student practice pending source, answer, KaTeX, and/or mapping verification."
LUCID-AB-PRACTICE-2015-MCQ-026,mcq,2015,AP Calculus AB,2,U2,APCALC-U2,uncertain,uncertain,uncertain,blocked,syntax_checked_not_source_verified,verified,uncertain,True,"Retained in the canonical/admin archive; excluded from student practice pending source, answer, KaTeX, and/or mapping verification."
LUCID-AB-PRACTICE-2015-MCQ-027,mcq,2015,AP Calculus AB,2,U2,APCALC-U2,uncertain,uncertain,uncertain,blocked,syntax_checked_not_source_verified,verified,uncertain,True,"Retained in the canonical/admin archive; excluded from student practice pending source, answer, KaTeX, and/or mapping verification."
LUCID-AB-PRACTICE-2015-MCQ-028,mcq,2015,AP Calculus AB,2,U2,APCALC-U2,uncertain,uncertain,uncertain,blocked,syntax_checked_not_source_verified,verified,uncertain,True,"Retained in the canonical/admin archive; excluded from student practice pending source, answer, KaTeX, and/or mapping verification."
LUCID-AB-PRACTICE-2015-MCQ-076,mcq,2015,AP Calculus AB,5,U5,APCALC-U5,uncertain,uncertain,uncertain,blocked,syntax_checked_not_source_verified,verified,uncertain,True,"Retained in the canonical/admin archive; excluded from student practice pending source, answer, KaTeX, and/or mapping verification."
LUCID-AB-PRACTICE-2015-MCQ-077,mcq,2015,AP Calculus AB,8,U8,APCALC-U8,uncertain,uncertain,uncertain,blocked,syntax_checked_not_source_verified,verified,uncertain,True,"Retained in the canonical/admin archive; excluded from student practice pending source, answer, KaTeX, and/or mapping verification."
LUCID-AB-PRACTICE-2015-MCQ-078,mcq,2015,AP Calculus AB,2,U2,APCALC-U2,uncertain,uncertain,uncertain,blocked,syntax_checked_not_source_verified,verified,uncertain,True,"Retained in the canonical/admin archive; excluded from student practice pending source, answer, KaTeX, and/or mapping verification."
LUCID-AB-PRACTICE-2015-MCQ-079,mcq,2015,AP Calculus AB,2,U2,APCALC-U2,uncertain,uncertain,uncertain,blocked,syntax_checked_not_source_verified,verified,uncertain,True,"Retained in the canonical/admin archive; excluded from student practice pending source, answer, KaTeX, and/or mapping verification."
LUCID-AB-PRACTICE-2015-MCQ-080,mcq,2015,AP Calculus AB,4,U4,APCALC-U4,uncertain,uncertain,uncertain,blocked,syntax_checked_not_source_verified,verified,uncertain,True,"Retained in the canonical/admin archive; excluded from student practice pending source, answer, KaTeX, and/or mapping verification."
LUCID-AB-PRACTICE-2015-MCQ-081,mcq,2015,AP Calculus AB,3,U3,APCALC-U3,uncertain,uncertain,uncertain,blocked,syntax_checked_not_source_verified,verified,uncertain,True,"Retained in the canonical/admin archive; excluded from student practice pending source, answer, KaTeX, and/or mapping verification."
LUCID-AB-PRACTICE-2015-MCQ-082,mcq,2015,AP Calculus AB,4,U4,APCALC-U4,uncertain,uncertain,uncertain,blocked,syntax_checked_not_source_verified,verified,uncertain,True,"Retained in the canonical/admin archive; excluded from student practice pending source, answer, KaTeX, and/or mapping verification."
LUCID-AB-PRACTICE-2015-MCQ-083,mcq,2015,AP Calculus AB,5,U5,APCALC-U5,uncertain,uncertain,uncertain,blocked,syntax_checked_not_source_verified,verified,uncertain,True,"Retained in the canonical/admin archive; excluded from student practice pending source, answer, KaTeX, and/or mapping verification."
LUCID-AB-PRACTICE-2015-MCQ-084,mcq,2015,AP Calculus AB,5,U5,APCALC-U5,uncertain,uncertain,uncertain,blocked,syntax_checked_not_source_verified,verified,uncertain,True,"Retained in the canonical/admin archive; excluded from student practice pending source, answer, KaTeX, and/or mapping verification."
LUCID-AB-PRACTICE-2015-MCQ-085,mcq,2015,AP Calculus AB,2,U2,APCALC-U2,uncertain,uncertain,uncertain,blocked,syntax_checked_not_source_verified,verified,uncertain,True,"Retained in the canonical/admin archive; excluded from student practice pending source, answer, KaTeX, and/or mapping verification."
LUCID-AB-PRACTICE-2015-MCQ-086,mcq,2015,AP Calculus AB,2,U2,APCALC-U2,uncertain,uncertain,uncertain,blocked,syntax_checked_not_source_verified,verified,uncertain,True,"Retained in the canonical/admin archive; excluded from student practice pending source, answer, KaTeX, and/or mapping verification."
LUCID-AB-PRACTICE-2015-MCQ-087,mcq,2015,AP Calculus AB,2,U2,APCALC-U2,uncertain,uncertain,uncertain,blocked,syntax_checked_not_source_verified,verified,uncertain,True,"Retained in the canonical/admin archive; excluded from student practice pending source, answer, KaTeX, and/or mapping verification."
LUCID-AB-PRACTICE-2015-MCQ-088,mcq,2015,AP Calculus AB,5,U5,APCALC-U5,uncertain,uncertain,uncertain,blocked,syntax_checked_not_source_verified,verified,uncertain,True,"Retained in the canonical/admin archive; excluded from student practice pending source, answer, KaTeX, and/or mapping verification."
LUCID-AB-PRACTICE-2015-MCQ-089,mcq,2015,AP Calculus AB,4,U4,APCALC-U4,uncertain,uncertain,uncertain,blocked,syntax_checked_not_source_verified,verified,uncertain,True,"Retained in the canonical/admin archive; excluded from student practice pending source, answer, KaTeX, and/or mapping verification."
LUCID-AB-PRACTICE-2015-MCQ-090,mcq,2015,AP Calculus AB,6,U6,APCALC-U6,uncertain,uncertain,uncertain,blocked,syntax_checked_not_source_verified,verified,uncertain,True,"Retained in the canonical/admin archive; excluded from student practice pending source, answer, KaTeX, and/or mapping verification."
LUCID-AB-PRACTICE-2015-MCQ-091,mcq,2015,AP Calculus AB,4,U4,APCALC-U4,uncertain,uncertain,uncertain,blocked,syntax_checked_not_source_verified,verified,uncertain,True,"Retained in the canonical/admin archive; excluded from student practice pending source, answer, KaTeX, and/or mapping verification."
LUCID-AB-PRACTICE-2015-MCQ-092,mcq,2015,AP Calculus AB,2,U2,APCALC-U2,uncertain,uncertain,uncertain,blocked,syntax_checked_not_source_verified,verified,uncertain,True,"Retained in the canonical/admin archive; excluded from student practice pending source, answer, KaTeX, and/or mapping verification."
LUCID-AB-PRACTICE-2015-FRQ-01,frq,2015,AP Calculus AB,6,U6,APCALC-U6,uncertain,not_applicable,incomplete,blocked,syntax_checked_not_source_verified,verified,uncertain,True,"Retained in the canonical/admin archive; excluded from student practice pending source, answer, KaTeX, and/or mapping verification."
LUCID-AB-PRACTICE-2015-FRQ-02,frq,2015,AP Calculus AB,8,U8,APCALC-U8,uncertain,not_applicable,incomplete,blocked,syntax_checked_not_source_verified,verified,uncertain,True,"Retained in the canonical/admin archive; excluded from student practice pending source, answer, KaTeX, and/or mapping verification."
LUCID-AB-PRACTICE-2015-FRQ-03,frq,2015,AP Calculus AB,8,U8,APCALC-U8,uncertain,not_applicable,incomplete,blocked,syntax_checked_not_source_verified,verified,uncertain,True,"Retained in the canonical/admin archive; excluded from student practice pending source, answer, KaTeX, and/or mapping verification."
LUCID-AB-PRACTICE-2015-FRQ-04,frq,2015,AP Calculus AB,5,U5,APCALC-U5,uncertain,not_applicable,incomplete,blocked,syntax_checked_not_source_verified,verified,uncertain,True,"Retained in the canonical/admin archive; excluded from student practice pending source, answer, KaTeX, and/or mapping verification."
LUCID-AB-PRACTICE-2015-FRQ-05,frq,2015,AP Calculus AB,7,U7,APCALC-U7,uncertain,not_applicable,incomplete,blocked,syntax_checked_not_source_verified,verified,uncertain,True,"Retained in the canonical/admin archive; excluded from student practice pending source, answer, KaTeX, and/or mapping verification."
LUCID-AB-PRACTICE-2015-FRQ-06,frq,2015,AP Calculus AB,5,U5,APCALC-U5,uncertain,not_applicable,incomplete,blocked,syntax_checked_not_source_verified,verified,uncertain,True,"Retained in the canonical/admin archive; excluded from student practice pending source, answer, KaTeX, and/or mapping verification."
MYMAXSCORE-AB-PRACTICE-MCQ-001,mcq,,AP Calculus AB,2,U2,APCALC-U2,uncertain,uncertain,uncertain,blocked,syntax_checked_not_source_verified,verified,uncertain,True,"Retained in the canonical/admin archive; excluded from student practice pending source, answer, KaTeX, and/or mapping verification."
MYMAXSCORE-AB-PRACTICE-MCQ-002,mcq,,AP Calculus AB,2,U2,APCALC-U2,uncertain,uncertain,uncertain,blocked,syntax_checked_not_source_verified,verified,uncertain,True,"Retained in the canonical/admin archive; excluded from student practice pending source, answer, KaTeX, and/or mapping verification."
MYMAXSCORE-AB-PRACTICE-MCQ-003,mcq,,AP Calculus AB,2,U2,APCALC-U2,uncertain,uncertain,uncertain,blocked,syntax_checked_not_source_verified,verified,uncertain,True,"Retained in the canonical/admin archive; excluded from student practice pending source, answer, KaTeX, and/or mapping verification."
MYMAXSCORE-AB-PRACTICE-MCQ-004,mcq,,AP Calculus AB,2,U2,APCALC-U2,uncertain,uncertain,uncertain,blocked,syntax_checked_not_source_verified,verified,uncertain,True,"Retained in the canonical/admin archive; excluded from student practice pending source, answer, KaTeX, and/or mapping verification."
MYMAXSCORE-AB-PRACTICE-MCQ-005,mcq,,AP Calculus AB,8,U8,APCALC-U8,uncertain,uncertain,uncertain,blocked,syntax_checked_not_source_verified,verified,uncertain,True,"Retained in the canonical/admin archive; excluded from student practice pending source, answer, KaTeX, and/or mapping verification."
MYMAXSCORE-AB-PRACTICE-MCQ-006,mcq,,AP Calculus AB,1,U1,APCALC-U1,uncertain,uncertain,uncertain,blocked,syntax_checked_not_source_verified,verified,uncertain,True,"Retained in the canonical/admin archive; excluded from student practice pending source, answer, KaTeX, and/or mapping verification."
MYMAXSCORE-AB-PRACTICE-MCQ-007,mcq,,AP Calculus AB,2,U2,APCALC-U2,uncertain,uncertain,uncertain,blocked,syntax_checked_not_source_verified,verified,uncertain,True,"Retained in the canonical/admin archive; excluded from student practice pending source, answer, KaTeX, and/or mapping verification."
MYMAXSCORE-AB-PRACTICE-MCQ-008,mcq,,AP Calculus AB,2,U2,APCALC-U2,uncertain,uncertain,uncertain,blocked,syntax_checked_not_source_verified,verified,uncertain,True,"Retained in the canonical/admin archive; excluded from student practice pending source, answer, KaTeX, and/or mapping verification."
MYMAXSCORE-AB-PRACTICE-MCQ-009,mcq,,AP Calculus AB,2,U2,APCALC-U2,uncertain,uncertain,uncertain,blocked,syntax_checked_not_source_verified,verified,uncertain,True,"Retained in the canonical/admin archive; excluded from student practice pending source, answer, KaTeX, and/or mapping verification."
MYMAXSCORE-AB-PRACTICE-MCQ-010,mcq,,AP Calculus AB,2,U2,APCALC-U2,uncertain,uncertain,uncertain,blocked,syntax_checked_not_source_verified,verified,uncertain,True,"Retained in the canonical/admin archive; excluded from student practice pending source, answer, KaTeX, and/or mapping verification."
MYMAXSCORE-AB-PRACTICE-MCQ-011,mcq,,AP Calculus AB,2,U2,APCALC-U2,uncertain,uncertain,uncertain,blocked,syntax_checked_not_source_verified,verified,uncertain,True,"Retained in the canonical/admin archive; excluded from student practice pending source, answer, KaTeX, and/or mapping verification."
MYMAXSCORE-AB-PRACTICE-MCQ-012,mcq,,AP Calculus AB,2,U2,APCALC-U2,uncertain,uncertain,uncertain,blocked,syntax_checked_not_source_verified,verified,uncertain,True,"Retained in the canonical/admin archive; excluded from student practice pending source, answer, KaTeX, and/or mapping verification."
MYMAXSCORE-AB-PRACTICE-MCQ-013,mcq,,AP Calculus AB,2,U2,APCALC-U2,uncertain,uncertain,uncertain,blocked,syntax_checked_not_source_verified,verified,uncertain,True,"Retained in the canonical/admin archive; excluded from student practice pending source, answer, KaTeX, and/or mapping verification."
MYMAXSCORE-AB-PRACTICE-MCQ-014,mcq,,AP Calculus AB,2,U2,APCALC-U2,uncertain,uncertain,uncertain,blocked,syntax_checked_not_source_verified,verified,uncertain,True,"Retained in the canonical/admin archive; excluded from student practice pending source, answer, KaTeX, and/or mapping verification."
MYMAXSCORE-AB-PRACTICE-MCQ-015,mcq,,AP Calculus AB,2,U2,APCALC-U2,uncertain,uncertain,uncertain,blocked,syntax_checked_not_source_verified,verified,uncertain,True,"Retained in the canonical/admin archive; excluded from student practice pending source, answer, KaTeX, and/or mapping verification."
MYMAXSCORE-AB-PRACTICE-MCQ-016,mcq,,AP Calculus AB,2,U2,APCALC-U2,uncertain,uncertain,uncertain,blocked,syntax_checked_not_source_verified,verified,uncertain,True,"Retained in the canonical/admin archive; excluded from student practice pending source, answer, KaTeX, and/or mapping verification."
MYMAXSCORE-AB-PRACTICE-MCQ-017,mcq,,AP Calculus AB,2,U2,APCALC-U2,uncertain,uncertain,uncertain,blocked,syntax_checked_not_source_verified,verified,uncertain,True,"Retained in the canonical/admin archive; excluded from student practice pending source, answer, KaTeX, and/or mapping verification."
MYMAXSCORE-AB-PRACTICE-MCQ-018,mcq,,AP Calculus AB,2,U2,APCALC-U2,uncertain,uncertain,uncertain,blocked,syntax_checked_not_source_verified,verified,uncertain,True,"Retained in the canonical/admin archive; excluded from student practice pending source, answer, KaTeX, and/or mapping verification."
MYMAXSCORE-AB-PRACTICE-MCQ-019,mcq,,AP Calculus AB,5,U5,APCALC-U5,uncertain,uncertain,uncertain,blocked,syntax_checked_not_source_verified,verified,uncertain,True,"Retained in the canonical/admin archive; excluded from student practice pending source, answer, KaTeX, and/or mapping verification."
MYMAXSCORE-AB-PRACTICE-MCQ-020,mcq,,AP Calculus AB,5,U5,APCALC-U5,uncertain,uncertain,uncertain,blocked,syntax_checked_not_source_verified,verified,uncertain,True,"Retained in the canonical/admin archive; excluded from student practice pending source, answer, KaTeX, and/or mapping verification."
MYMAXSCORE-AB-PRACTICE-MCQ-021,mcq,,AP Calculus AB,2,U2,APCALC-U2,uncertain,uncertain,uncertain,blocked,syntax_checked_not_source_verified,verified,uncertain,True,"Retained in the canonical/admin archive; excluded from student practice pending source, answer, KaTeX, and/or mapping verification."
MYMAXSCORE-AB-PRACTICE-MCQ-022,mcq,,AP Calculus AB,2,U2,APCALC-U2,uncertain,uncertain,uncertain,blocked,syntax_checked_not_source_verified,verified,uncertain,True,"Retained in the canonical/admin archive; excluded from student practice pending source, answer, KaTeX, and/or mapping verification."
MYMAXSCORE-AB-PRACTICE-MCQ-023,mcq,,AP Calculus AB,2,U2,APCALC-U2,uncertain,uncertain,uncertain,blocked,syntax_checked_not_source_verified,verified,uncertain,True,"Retained in the canonical/admin archive; excluded from student practice pending source, answer, KaTeX, and/or mapping verification."
MYMAXSCORE-AB-PRACTICE-MCQ-024,mcq,,AP Calculus AB,2,U2,APCALC-U2,uncertain,uncertain,uncertain,blocked,syntax_checked_not_source_verified,verified,uncertain,True,"Retained in the canonical/admin archive; excluded from student practice pending source, answer, KaTeX, and/or mapping verification."
MYMAXSCORE-AB-PRACTICE-MCQ-025,mcq,,AP Calculus AB,2,U2,APCALC-U2,uncertain,uncertain,uncertain,blocked,syntax_checked_not_source_verified,verified,uncertain,True,"Retained in the canonical/admin archive; excluded from student practice pending source, answer, KaTeX, and/or mapping verification."
MYMAXSCORE-AB-PRACTICE-MCQ-026,mcq,,AP Calculus AB,2,U2,APCALC-U2,uncertain,uncertain,uncertain,blocked,syntax_checked_not_source_verified,verified,uncertain,True,"Retained in the canonical/admin archive; excluded from student practice pending source, answer, KaTeX, and/or mapping verification."
MYMAXSCORE-AB-PRACTICE-MCQ-027,mcq,,AP Calculus AB,8,U8,APCALC-U8,uncertain,uncertain,uncertain,blocked,syntax_checked_not_source_verified,verified,uncertain,True,"Retained in the canonical/admin archive; excluded from student practice pending source, answer, KaTeX, and/or mapping verification."
MYMAXSCORE-AB-PRACTICE-MCQ-028,mcq,,AP Calculus AB,2,U2,APCALC-U2,uncertain,uncertain,uncertain,blocked,syntax_checked_not_source_verified,verified,uncertain,True,"Retained in the canonical/admin archive; excluded from student practice pending source, answer, KaTeX, and/or mapping verification."
MYMAXSCORE-AB-PRACTICE-MCQ-029,mcq,,AP Calculus AB,2,U2,APCALC-U2,uncertain,uncertain,uncertain,blocked,syntax_checked_not_source_verified,verified,uncertain,True,"Retained in the canonical/admin archive; excluded from student practice pending source, answer, KaTeX, and/or mapping verification."
MYMAXSCORE-AB-PRACTICE-MCQ-030,mcq,,AP Calculus AB,5,U5,APCALC-U5,uncertain,uncertain,uncertain,blocked,syntax_checked_not_source_verified,verified,uncertain,True,"Retained in the canonical/admin archive; excluded from student practice pending source, answer, KaTeX, and/or mapping verification."
MYMAXSCORE-AB-PRACTICE-MCQ-031,mcq,,AP Calculus AB,2,U2,APCALC-U2,uncertain,uncertain,uncertain,blocked,syntax_checked_not_source_verified,verified,uncertain,True,"Retained in the canonical/admin archive; excluded from student practice pending source, answer, KaTeX, and/or mapping verification."
MYMAXSCORE-AB-PRACTICE-MCQ-032,mcq,,AP Calculus AB,5,U5,APCALC-U5,uncertain,uncertain,uncertain,blocked,syntax_checked_not_source_verified,verified,uncertain,True,"Retained in the canonical/admin archive; excluded from student practice pending source, answer, KaTeX, and/or mapping verification."
MYMAXSCORE-AB-PRACTICE-MCQ-033,mcq,,AP Calculus AB,2,U2,APCALC-U2,uncertain,uncertain,uncertain,blocked,syntax_checked_not_source_verified,verified,uncertain,True,"Retained in the canonical/admin archive; excluded from student practice pending source, answer, KaTeX, and/or mapping verification."
MYMAXSCORE-AB-PRACTICE-MCQ-034,mcq,,AP Calculus AB,6,U6,APCALC-U6,uncertain,uncertain,uncertain,blocked,syntax_checked_not_source_verified,verified,uncertain,True,"Retained in the canonical/admin archive; excluded from student practice pending source, answer, KaTeX, and/or mapping verification."
MYMAXSCORE-AB-PRACTICE-MCQ-035,mcq,,AP Calculus AB,2,U2,APCALC-U2,uncertain,uncertain,uncertain,blocked,syntax_checked_not_source_verified,verified,uncertain,True,"Retained in the canonical/admin archive; excluded from student practice pending source, answer, KaTeX, and/or mapping verification."
MYMAXSCORE-AB-PRACTICE-MCQ-036,mcq,,AP Calculus AB,8,U8,APCALC-U8,uncertain,uncertain,uncertain,blocked,syntax_checked_not_source_verified,verified,uncertain,True,"Retained in the canonical/admin archive; excluded from student practice pending source, answer, KaTeX, and/or mapping verification."
MYMAXSCORE-AB-PRACTICE-MCQ-037,mcq,,AP Calculus AB,2,U2,APCALC-U2,uncertain,uncertain,uncertain,blocked,syntax_checked_not_source_verified,verified,uncertain,True,"Retained in the canonical/admin archive; excluded from student practice pending source, answer, KaTeX, and/or mapping verification."
MYMAXSCORE-AB-PRACTICE-MCQ-038,mcq,,AP Calculus AB,2,U2,APCALC-U2,uncertain,uncertain,uncertain,blocked,syntax_checked_not_source_verified,verified,uncertain,True,"Retained in the canonical/admin archive; excluded from student practice pending source, answer, KaTeX, and/or mapping verification."
MYMAXSCORE-AB-PRACTICE-MCQ-039,mcq,,AP Calculus AB,5,U5,APCALC-U5,uncertain,uncertain,uncertain,blocked,syntax_checked_not_source_verified,verified,uncertain,True,"Retained in the canonical/admin archive; excluded from student practice pending source, answer, KaTeX, and/or mapping verification."
MYMAXSCORE-AB-PRACTICE-MCQ-040,mcq,,AP Calculus AB,2,U2,APCALC-U2,uncertain,uncertain,uncertain,blocked,syntax_checked_not_source_verified,verified,uncertain,True,"Retained in the canonical/admin archive; excluded from student practice pending source, answer, KaTeX, and/or mapping verification."
MYMAXSCORE-AB-PRACTICE-MCQ-041,mcq,,AP Calculus AB,5,U5,APCALC-U5,uncertain,uncertain,uncertain,blocked,syntax_checked_not_source_verified,verified,uncertain,True,"Retained in the canonical/admin archive; excluded from student practice pending source, answer, KaTeX, and/or mapping verification."
MYMAXSCORE-AB-PRACTICE-MCQ-042,mcq,,AP Calculus AB,2,U2,APCALC-U2,uncertain,uncertain,uncertain,blocked,syntax_checked_not_source_verified,verified,uncertain,True,"Retained in the canonical/admin archive; excluded from student practice pending source, answer, KaTeX, and/or mapping verification."
MYMAXSCORE-AB-PRACTICE-MCQ-043,mcq,,AP Calculus AB,6,U6,APCALC-U6,uncertain,uncertain,uncertain,blocked,syntax_checked_not_source_verified,verified,uncertain,True,"Retained in the canonical/admin archive; excluded from student practice pending source, answer, KaTeX, and/or mapping verification."
MYMAXSCORE-AB-PRACTICE-MCQ-044,mcq,,AP Calculus AB,2,U2,APCALC-U2,uncertain,uncertain,uncertain,blocked,syntax_checked_not_source_verified,verified,uncertain,True,"Retained in the canonical/admin archive; excluded from student practice pending source, answer, KaTeX, and/or mapping verification."
MYMAXSCORE-AB-PRACTICE-MCQ-045,mcq,,AP Calculus AB,1,U1,APCALC-U1,uncertain,uncertain,uncertain,blocked,syntax_checked_not_source_verified,verified,uncertain,True,"Retained in the canonical/admin archive; excluded from student practice pending source, answer, KaTeX, and/or mapping verification."
MYMAXSCORE-AB-PRACTICE-FRQ-01,frq,,AP Calculus AB,8,U8,APCALC-U8,uncertain,not_applicable,incomplete,blocked,syntax_checked_not_source_verified,verified,uncertain,True,"Retained in the canonical/admin archive; excluded from student practice pending source, answer, KaTeX, and/or mapping verification."
MYMAXSCORE-AB-PRACTICE-FRQ-02,frq,,AP Calculus AB,8,U8,APCALC-U8,uncertain,not_applicable,incomplete,blocked,syntax_checked_not_source_verified,verified,uncertain,True,"Retained in the canonical/admin archive; excluded from student practice pending source, answer, KaTeX, and/or mapping verification."
MYMAXSCORE-AB-PRACTICE-FRQ-03,frq,,AP Calculus AB,4,U4,APCALC-U4,uncertain,not_applicable,incomplete,blocked,syntax_checked_not_source_verified,verified,uncertain,True,"Retained in the canonical/admin archive; excluded from student practice pending source, answer, KaTeX, and/or mapping verification."
MYMAXSCORE-AB-PRACTICE-FRQ-04,frq,,AP Calculus AB,5,U5,APCALC-U5,uncertain,not_applicable,incomplete,blocked,syntax_checked_not_source_verified,verified,uncertain,True,"Retained in the canonical/admin archive; excluded from student practice pending source, answer, KaTeX, and/or mapping verification."
MYMAXSCORE-AB-PRACTICE-FRQ-05,frq,,AP Calculus AB,7,U7,APCALC-U7,uncertain,not_applicable,incomplete,blocked,syntax_checked_not_source_verified,verified,uncertain,True,"Retained in the canonical/admin archive; excluded from student practice pending source, answer, KaTeX, and/or mapping verification."
MYMAXSCORE-AB-PRACTICE-FRQ-06,frq,,AP Calculus AB,5,U5,APCALC-U5,uncertain,not_applicable,incomplete,blocked,syntax_checked_not_source_verified,verified,uncertain,True,"Retained in the canonical/admin archive; excluded from student practice pending source, answer, KaTeX, and/or mapping verification."
ECHS-BC-CH7-8-2015-MCQ-001,mcq,2015,AP Calculus BC,9,U9,APCALC-U9,uncertain,uncertain,uncertain,blocked,syntax_checked_not_source_verified,verified,uncertain,True,"Retained in the canonical/admin archive; excluded from student practice pending source, answer, KaTeX, and/or mapping verification."
ECHS-BC-CH7-8-2015-MCQ-002,mcq,2015,AP Calculus BC,9,U9,APCALC-U9,uncertain,uncertain,uncertain,blocked,syntax_checked_not_source_verified,verified,uncertain,True,"Retained in the canonical/admin archive; excluded from student practice pending source, answer, KaTeX, and/or mapping verification."
ECHS-BC-CH7-8-2015-MCQ-003,mcq,2015,AP Calculus BC,9,U9,APCALC-U9,uncertain,uncertain,uncertain,blocked,syntax_checked_not_source_verified,verified,uncertain,True,"Retained in the canonical/admin archive; excluded from student practice pending source, answer, KaTeX, and/or mapping verification."
ECHS-BC-CH7-8-2015-MCQ-004,mcq,2015,AP Calculus BC,9,U9,APCALC-U9,uncertain,uncertain,uncertain,blocked,syntax_checked_not_source_verified,verified,uncertain,True,"Retained in the canonical/admin archive; excluded from student practice pending source, answer, KaTeX, and/or mapping verification."
ECHS-BC-CH7-8-2015-MCQ-005,mcq,2015,AP Calculus BC,9,U9,APCALC-U9,uncertain,uncertain,uncertain,blocked,syntax_checked_not_source_verified,verified,uncertain,True,"Retained in the canonical/admin archive; excluded from student practice pending source, answer, KaTeX, and/or mapping verification."
ECHS-BC-CH7-8-2015-MCQ-006,mcq,2015,AP Calculus BC,9,U9,APCALC-U9,uncertain,uncertain,uncertain,blocked,syntax_checked_not_source_verified,verified,uncertain,True,"Retained in the canonical/admin archive; excluded from student practice pending source, answer, KaTeX, and/or mapping verification."
ECHS-BC-CH7-8-2015-MCQ-007,mcq,2015,AP Calculus BC,9,U9,APCALC-U9,uncertain,uncertain,uncertain,blocked,syntax_checked_not_source_verified,verified,uncertain,True,"Retained in the canonical/admin archive; excluded from student practice pending source, answer, KaTeX, and/or mapping verification."
ECHS-BC-CH7-8-2015-MCQ-008,mcq,2015,AP Calculus BC,10,U10,APCALC-U10,uncertain,uncertain,uncertain,blocked,syntax_checked_not_source_verified,verified,uncertain,True,"Retained in the canonical/admin archive; excluded from student practice pending source, answer, KaTeX, and/or mapping verification."
ECHS-BC-CH7-8-2015-MCQ-009,mcq,2015,AP Calculus BC,10,U10,APCALC-U10,uncertain,uncertain,uncertain,blocked,syntax_checked_not_source_verified,verified,uncertain,True,"Retained in the canonical/admin archive; excluded from student practice pending source, answer, KaTeX, and/or mapping verification."
ECHS-BC-CH7-8-2015-FRQ-14,frq,2015,AP Calculus BC,9,U9,APCALC-U9,uncertain,not_applicable,incomplete,blocked,syntax_checked_not_source_verified,verified,uncertain,True,"Retained in the canonical/admin archive; excluded from student practice pending source, answer, KaTeX, and/or mapping verification."
