question_id,issue_type,source_file,source_page,stored_value,proposed_value,evidence,computed_result,confidence,recommended_action
APCALC-LEGACY-MCQ-1969-001,public_release_blocked,AP Calculus historical archive,7; 1,B,,Preserved in the canonical teacher/archive bank. Excluded from the public GitHub Pages student pool because the source metadata permits school-internal use only and page-by-page transcription signoff is pending.,B,verified,Keep redacted from public student practice; verify source/transcription and obtain release authorization before promotion.
APCALC-LEGACY-MCQ-1969-002,public_release_blocked,AP Calculus historical archive,7; 1,C,,Preserved in the canonical teacher/archive bank. Excluded from the public GitHub Pages student pool because the source metadata permits school-internal use only and page-by-page transcription signoff is pending.,C,verified,Keep redacted from public student practice; verify source/transcription and obtain release authorization before promotion.
APCALC-LEGACY-MCQ-1969-003,public_release_blocked,AP Calculus historical archive,7; 1,B,,Preserved in the canonical teacher/archive bank. Excluded from the public GitHub Pages student pool because the source metadata permits school-internal use only and page-by-page transcription signoff is pending.,B,verified,Keep redacted from public student practice; verify source/transcription and obtain release authorization before promotion.
APCALC-LEGACY-MCQ-1969-004,public_release_blocked,AP Calculus historical archive,7; 1,D,,Preserved in the canonical teacher/archive bank. Excluded from the public GitHub Pages student pool because the source metadata permits school-internal use only and page-by-page transcription signoff is pending.,D,verified,Keep redacted from public student practice; verify source/transcription and obtain release authorization before promotion.
APCALC-LEGACY-MCQ-1969-005,public_release_blocked,AP Calculus historical archive,7; 1,E,,Preserved in the canonical teacher/archive bank. Excluded from the public GitHub Pages student pool because the source metadata permits school-internal use only and page-by-page transcription signoff is pending.,E,verified,Keep redacted from public student practice; verify source/transcription and obtain release authorization before promotion.
APCALC-LEGACY-MCQ-1969-006,public_release_blocked,AP Calculus historical archive,8; 2,B,,Preserved in the canonical teacher/archive bank. Excluded from the public GitHub Pages student pool because the source metadata permits school-internal use only and page-by-page transcription signoff is pending.,B,verified,Keep redacted from public student practice; verify source/transcription and obtain release authorization before promotion.
APCALC-LEGACY-MCQ-1969-007,public_release_blocked,AP Calculus historical archive,8; 2,D,,Preserved in the canonical teacher/archive bank. Excluded from the public GitHub Pages student pool because the source metadata permits school-internal use only and page-by-page transcription signoff is pending.,D,verified,Keep redacted from public student practice; verify source/transcription and obtain release authorization before promotion.
APCALC-LEGACY-MCQ-1969-008,public_release_blocked,AP Calculus historical archive,8; 2,B,,Preserved in the canonical teacher/archive bank. Excluded from the public GitHub Pages student pool because the source metadata permits school-internal use only and page-by-page transcription signoff is pending.,B,verified,Keep redacted from public student practice; verify source/transcription and obtain release authorization before promotion.
APCALC-LEGACY-MCQ-1969-009,public_release_blocked,AP Calculus historical archive,8; 2,C,,Preserved in the canonical teacher/archive bank. Excluded from the public GitHub Pages student pool because the source metadata permits school-internal use only and page-by-page transcription signoff is pending.,C,verified,Keep redacted from public student practice; verify source/transcription and obtain release authorization before promotion.
APCALC-LEGACY-MCQ-1969-010,public_release_blocked,AP Calculus historical archive,8; 2,E,,Preserved in the canonical teacher/archive bank. Excluded from the public GitHub Pages student pool because the source metadata permits school-internal use only and page-by-page transcription signoff is pending.,E,verified,Keep redacted from public student practice; verify source/transcription and obtain release authorization before promotion.
APCALC-LEGACY-MCQ-1969-011,public_release_blocked,AP Calculus historical archive,8; 2,B,,Preserved in the canonical teacher/archive bank. Excluded from the public GitHub Pages student pool because the source metadata permits school-internal use only and page-by-page transcription signoff is pending.,B,verified,Keep redacted from public student practice; verify source/transcription and obtain release authorization before promotion.
APCALC-LEGACY-MCQ-1969-012,public_release_blocked,AP Calculus historical archive,9; 3,A,,Preserved in the canonical teacher/archive bank. Excluded from the public GitHub Pages student pool because the source metadata permits school-internal use only and page-by-page transcription signoff is pending.,A,verified,Keep redacted from public student practice; verify source/transcription and obtain release authorization before promotion.
APCALC-LEGACY-MCQ-1969-013,public_release_blocked,AP Calculus historical archive,9; 3,C,,Preserved in the canonical teacher/archive bank. Excluded from the public GitHub Pages student pool because the source metadata permits school-internal use only and page-by-page transcription signoff is pending.,C,verified,Keep redacted from public student practice; verify source/transcription and obtain release authorization before promotion.
APCALC-LEGACY-MCQ-1969-014,public_release_blocked,AP Calculus historical archive,9; 3,E,,Preserved in the canonical teacher/archive bank. Excluded from the public GitHub Pages student pool because the source metadata permits school-internal use only and page-by-page transcription signoff is pending.,E,verified,Keep redacted from public student practice; verify source/transcription and obtain release authorization before promotion.
APCALC-LEGACY-MCQ-1969-015,public_release_blocked,AP Calculus historical archive,9; 3,B,,Preserved in the canonical teacher/archive bank. Excluded from the public GitHub Pages student pool because the source metadata permits school-internal use only and page-by-page transcription signoff is pending.,B,verified,Keep redacted from public student practice; verify source/transcription and obtain release authorization before promotion.
APCALC-LEGACY-MCQ-1969-016,public_release_blocked,AP Calculus historical archive,10; 4,B,,Preserved in the canonical teacher/archive bank. Excluded from the public GitHub Pages student pool because the source metadata permits school-internal use only and page-by-page transcription signoff is pending.,B,verified,Keep redacted from public student practice; verify source/transcription and obtain release authorization before promotion.
APCALC-LEGACY-MCQ-1969-017,public_release_blocked,AP Calculus historical archive,10; 4,B,,Preserved in the canonical teacher/archive bank. Excluded from the public GitHub Pages student pool because the source metadata permits school-internal use only and page-by-page transcription signoff is pending.,B,verified,Keep redacted from public student practice; verify source/transcription and obtain release authorization before promotion.
APCALC-LEGACY-MCQ-1969-018,public_release_blocked,AP Calculus historical archive,10; 4,E,,Preserved in the canonical teacher/archive bank. Excluded from the public GitHub Pages student pool because the source metadata permits school-internal use only and page-by-page transcription signoff is pending.,E,verified,Keep redacted from public student practice; verify source/transcription and obtain release authorization before promotion.
APCALC-LEGACY-MCQ-1969-019,public_release_blocked,AP Calculus historical archive,10; 4,C,,Preserved in the canonical teacher/archive bank. Excluded from the public GitHub Pages student pool because the source metadata permits school-internal use only and page-by-page transcription signoff is pending.,C,verified,Keep redacted from public student practice; verify source/transcription and obtain release authorization before promotion.
APCALC-LEGACY-MCQ-1969-020,public_release_blocked,AP Calculus historical archive,11; 5,A,,Preserved in the canonical teacher/archive bank. Excluded from the public GitHub Pages student pool because the source metadata permits school-internal use only and page-by-page transcription signoff is pending.,A,verified,Keep redacted from public student practice; verify source/transcription and obtain release authorization before promotion.
APCALC-LEGACY-MCQ-1969-021,public_release_blocked,AP Calculus historical archive,11; 5,B,,Preserved in the canonical teacher/archive bank. Excluded from the public GitHub Pages student pool because the source metadata permits school-internal use only and page-by-page transcription signoff is pending.,B,verified,Keep redacted from public student practice; verify source/transcription and obtain release authorization before promotion.
APCALC-LEGACY-MCQ-1969-022,public_release_blocked,AP Calculus historical archive,11; 5,E,,Preserved in the canonical teacher/archive bank. Excluded from the public GitHub Pages student pool because the source metadata permits school-internal use only and page-by-page transcription signoff is pending.,E,verified,Keep redacted from public student practice; verify source/transcription and obtain release authorization before promotion.
APCALC-LEGACY-MCQ-1969-023,public_release_blocked,AP Calculus historical archive,11; 5,C,,Preserved in the canonical teacher/archive bank. Excluded from the public GitHub Pages student pool because the source metadata permits school-internal use only and page-by-page transcription signoff is pending.,C,verified,Keep redacted from public student practice; verify source/transcription and obtain release authorization before promotion.
APCALC-LEGACY-MCQ-1969-024,public_release_blocked,AP Calculus historical archive,11; 5,C,,Preserved in the canonical teacher/archive bank. Excluded from the public GitHub Pages student pool because the source metadata permits school-internal use only and page-by-page transcription signoff is pending.,C,verified,Keep redacted from public student practice; verify source/transcription and obtain release authorization before promotion.
APCALC-LEGACY-MCQ-1969-025,public_release_blocked,AP Calculus historical archive,12; 6,A,,Preserved in the canonical teacher/archive bank. Excluded from the public GitHub Pages student pool because the source metadata permits school-internal use only and page-by-page transcription signoff is pending.,A,verified,Keep redacted from public student practice; verify source/transcription and obtain release authorization before promotion.
APCALC-LEGACY-MCQ-1969-026,public_release_blocked,AP Calculus historical archive,12; 6,C,,Preserved in the canonical teacher/archive bank. Excluded from the public GitHub Pages student pool because the source metadata permits school-internal use only and page-by-page transcription signoff is pending.,C,verified,Keep redacted from public student practice; verify source/transcription and obtain release authorization before promotion.
APCALC-LEGACY-MCQ-1969-027,public_release_blocked,AP Calculus historical archive,12; 6,C,,Preserved in the canonical teacher/archive bank. Excluded from the public GitHub Pages student pool because the source metadata permits school-internal use only and page-by-page transcription signoff is pending.,C,verified,Keep redacted from public student practice; verify source/transcription and obtain release authorization before promotion.
APCALC-LEGACY-MCQ-1969-028,public_release_blocked,AP Calculus historical archive,12; 6,C,,Preserved in the canonical teacher/archive bank. Excluded from the public GitHub Pages student pool because the source metadata permits school-internal use only and page-by-page transcription signoff is pending.,C,verified,Keep redacted from public student practice; verify source/transcription and obtain release authorization before promotion.
APCALC-LEGACY-MCQ-1969-029,public_release_blocked,AP Calculus historical archive,13; 7,A,,Preserved in the canonical teacher/archive bank. Excluded from the public GitHub Pages student pool because the source metadata permits school-internal use only and page-by-page transcription signoff is pending.,A,verified,Keep redacted from public student practice; verify source/transcription and obtain release authorization before promotion.
APCALC-LEGACY-MCQ-1969-030,public_release_blocked,AP Calculus historical archive,13; 7,E,,Preserved in the canonical teacher/archive bank. Excluded from the public GitHub Pages student pool because the source metadata permits school-internal use only and page-by-page transcription signoff is pending.,E,verified,Keep redacted from public student practice; verify source/transcription and obtain release authorization before promotion.
APCALC-LEGACY-MCQ-1969-031,public_release_blocked,AP Calculus historical archive,13; 7,C,,Preserved in the canonical teacher/archive bank. Excluded from the public GitHub Pages student pool because the source metadata permits school-internal use only and page-by-page transcription signoff is pending.,C,verified,Keep redacted from public student practice; verify source/transcription and obtain release authorization before promotion.
APCALC-LEGACY-MCQ-1969-032,public_release_blocked,AP Calculus historical archive,13; 7,B,,Preserved in the canonical teacher/archive bank. Excluded from the public GitHub Pages student pool because the source metadata permits school-internal use only and page-by-page transcription signoff is pending.,B,verified,Keep redacted from public student practice; verify source/transcription and obtain release authorization before promotion.
APCALC-LEGACY-MCQ-1969-033,public_release_blocked,AP Calculus historical archive,13; 7,A,,Preserved in the canonical teacher/archive bank. Excluded from the public GitHub Pages student pool because the source metadata permits school-internal use only and page-by-page transcription signoff is pending.,A,verified,Keep redacted from public student practice; verify source/transcription and obtain release authorization before promotion.
APCALC-LEGACY-MCQ-1969-034,public_release_blocked,AP Calculus historical archive,14; 8,D,,Orthogonal trajectories are not an exact current ECHS/AP lesson target.,D,verified,Keep redacted from public student practice; verify source/transcription and obtain release authorization before promotion.
APCALC-LEGACY-MCQ-1969-035,public_release_blocked,AP Calculus historical archive,14; 8,A,,Preserved in the canonical teacher/archive bank. Excluded from the public GitHub Pages student pool because the source metadata permits school-internal use only and page-by-page transcription signoff is pending.,A,verified,Keep redacted from public student practice; verify source/transcription and obtain release authorization before promotion.
APCALC-LEGACY-MCQ-1969-036,public_release_blocked,AP Calculus historical archive,14; 8,B,,Preserved in the canonical teacher/archive bank. Excluded from the public GitHub Pages student pool because the source metadata permits school-internal use only and page-by-page transcription signoff is pending.,B,verified,Keep redacted from public student practice; verify source/transcription and obtain release authorization before promotion.
APCALC-LEGACY-MCQ-1969-037,public_release_blocked,AP Calculus historical archive,14; 8,D,,Preserved in the canonical teacher/archive bank. Excluded from the public GitHub Pages student pool because the source metadata permits school-internal use only and page-by-page transcription signoff is pending.,D,verified,Keep redacted from public student practice; verify source/transcription and obtain release authorization before promotion.
APCALC-LEGACY-MCQ-1969-038,public_release_blocked,AP Calculus historical archive,14; 8,C,,Preserved in the canonical teacher/archive bank. Excluded from the public GitHub Pages student pool because the source metadata permits school-internal use only and page-by-page transcription signoff is pending.,C,verified,Keep redacted from public student practice; verify source/transcription and obtain release authorization before promotion.
APCALC-LEGACY-MCQ-1969-039,public_release_blocked,AP Calculus historical archive,14; 8,D,,Preserved in the canonical teacher/archive bank. Excluded from the public GitHub Pages student pool because the source metadata permits school-internal use only and page-by-page transcription signoff is pending.,D,verified,Keep redacted from public student practice; verify source/transcription and obtain release authorization before promotion.
APCALC-LEGACY-MCQ-1969-040,public_release_blocked,AP Calculus historical archive,15; 9,E,,Preserved in the canonical teacher/archive bank. Excluded from the public GitHub Pages student pool because the source metadata permits school-internal use only and page-by-page transcription signoff is pending.,E,verified,Keep redacted from public student practice; verify source/transcription and obtain release authorization before promotion.
APCALC-LEGACY-MCQ-1969-041,public_release_blocked,AP Calculus historical archive,15; 9,D,,Preserved in the canonical teacher/archive bank. Excluded from the public GitHub Pages student pool because the source metadata permits school-internal use only and page-by-page transcription signoff is pending.,D,verified,Keep redacted from public student practice; verify source/transcription and obtain release authorization before promotion.
APCALC-LEGACY-MCQ-1969-042,public_release_blocked,AP Calculus historical archive,15; 9,D,,Preserved in the canonical teacher/archive bank. Excluded from the public GitHub Pages student pool because the source metadata permits school-internal use only and page-by-page transcription signoff is pending.,D,verified,Keep redacted from public student practice; verify source/transcription and obtain release authorization before promotion.
APCALC-LEGACY-MCQ-1969-043,public_release_blocked,AP Calculus historical archive,15; 9,D,,Preserved in the canonical teacher/archive bank. Excluded from the public GitHub Pages student pool because the source metadata permits school-internal use only and page-by-page transcription signoff is pending.,D,verified,Keep redacted from public student practice; verify source/transcription and obtain release authorization before promotion.
APCALC-LEGACY-MCQ-1969-044,public_release_blocked,AP Calculus historical archive,15; 9,C,,Preserved in the canonical teacher/archive bank. Excluded from the public GitHub Pages student pool because the source metadata permits school-internal use only and page-by-page transcription signoff is pending.,C,verified,Keep redacted from public student practice; verify source/transcription and obtain release authorization before promotion.
APCALC-LEGACY-MCQ-1969-045,public_release_blocked,AP Calculus historical archive,15; 9,D,,Preserved in the canonical teacher/archive bank. Excluded from the public GitHub Pages student pool because the source metadata permits school-internal use only and page-by-page transcription signoff is pending.,D,verified,Keep redacted from public student practice; verify source/transcription and obtain release authorization before promotion.
APCALC-AB-FRQ-1969-01,public_release_blocked,AP Calculus historical archive,3,,,"Retained in the canonical/admin archive; excluded from student practice pending source, answer, KaTeX, and/or mapping verification.",,verified,Keep redacted from public student practice; verify source/transcription and obtain release authorization before promotion.
APCALC-AB-FRQ-1969-02,public_release_blocked,AP Calculus historical archive,3,,,"Retained in the canonical/admin archive; excluded from student practice pending source, answer, KaTeX, and/or mapping verification.",,verified,Keep redacted from public student practice; verify source/transcription and obtain release authorization before promotion.
APCALC-AB-FRQ-1969-03,public_release_blocked,AP Calculus historical archive,3; 4,,,"Retained in the canonical/admin archive; excluded from student practice pending source, answer, KaTeX, and/or mapping verification.",,verified,Keep redacted from public student practice; verify source/transcription and obtain release authorization before promotion.
APCALC-AB-FRQ-1969-04,public_release_blocked,AP Calculus historical archive,4,,,"Retained in the canonical/admin archive; excluded from student practice pending source, answer, KaTeX, and/or mapping verification.",,verified,Keep redacted from public student practice; verify source/transcription and obtain release authorization before promotion.
APCALC-AB-FRQ-1969-05,public_release_blocked,AP Calculus historical archive,4,,,"Retained in the canonical/admin archive; excluded from student practice pending source, answer, KaTeX, and/or mapping verification.",,verified,Keep redacted from public student practice; verify source/transcription and obtain release authorization before promotion.
APCALC-AB-FRQ-1969-06,public_release_blocked,AP Calculus historical archive,4; 5,,,"Retained in the canonical/admin archive; excluded from student practice pending source, answer, KaTeX, and/or mapping verification.",,verified,Keep redacted from public student practice; verify source/transcription and obtain release authorization before promotion.
APCALC-AB-FRQ-1969-07,public_release_blocked,AP Calculus historical archive,5,,,"Retained in the canonical/admin archive; excluded from student practice pending source, answer, KaTeX, and/or mapping verification.",,verified,Keep redacted from public student practice; verify source/transcription and obtain release authorization before promotion.
APCALC-AB-FRQ-1970-01,public_release_blocked,AP Calculus historical archive,5,,,"Retained in the canonical/admin archive; excluded from student practice pending source, answer, KaTeX, and/or mapping verification.",,verified,Keep redacted from public student practice; verify source/transcription and obtain release authorization before promotion.
APCALC-AB-FRQ-1970-02,public_release_blocked,AP Calculus historical archive,5; 6,,,"Retained in the canonical/admin archive; excluded from student practice pending source, answer, KaTeX, and/or mapping verification.",,verified,Keep redacted from public student practice; verify source/transcription and obtain release authorization before promotion.
APCALC-AB-FRQ-1970-03,public_release_blocked,AP Calculus historical archive,6,,,"Retained in the canonical/admin archive; excluded from student practice pending source, answer, KaTeX, and/or mapping verification.",,verified,Keep redacted from public student practice; verify source/transcription and obtain release authorization before promotion.
APCALC-AB-FRQ-1970-04,public_release_blocked,AP Calculus historical archive,6,,,"Retained in the canonical/admin archive; excluded from student practice pending source, answer, KaTeX, and/or mapping verification.",,verified,Keep redacted from public student practice; verify source/transcription and obtain release authorization before promotion.
APCALC-AB-FRQ-1970-05,public_release_blocked,AP Calculus historical archive,6,,,"Retained in the canonical/admin archive; excluded from student practice pending source, answer, KaTeX, and/or mapping verification.",,verified,Keep redacted from public student practice; verify source/transcription and obtain release authorization before promotion.
APCALC-AB-FRQ-1970-06,public_release_blocked,AP Calculus historical archive,6; 7,,,"Retained in the canonical/admin archive; excluded from student practice pending source, answer, KaTeX, and/or mapping verification.",,verified,Keep redacted from public student practice; verify source/transcription and obtain release authorization before promotion.
APCALC-AB-FRQ-1970-07,public_release_blocked,AP Calculus historical archive,7,,,"Retained in the canonical/admin archive; excluded from student practice pending source, answer, KaTeX, and/or mapping verification.",,verified,Keep redacted from public student practice; verify source/transcription and obtain release authorization before promotion.
APCALC-AB-FRQ-1971-01,public_release_blocked,AP Calculus historical archive,7,,,"Retained in the canonical/admin archive; excluded from student practice pending source, answer, KaTeX, and/or mapping verification.",,verified,Keep redacted from public student practice; verify source/transcription and obtain release authorization before promotion.
APCALC-AB-FRQ-1971-02,public_release_blocked,AP Calculus historical archive,7,,,"Retained in the canonical/admin archive; excluded from student practice pending source, answer, KaTeX, and/or mapping verification.",,verified,Keep redacted from public student practice; verify source/transcription and obtain release authorization before promotion.
APCALC-AB-FRQ-1971-03,public_release_blocked,AP Calculus historical archive,7,,,"Retained in the canonical/admin archive; excluded from student practice pending source, answer, KaTeX, and/or mapping verification.",,verified,Keep redacted from public student practice; verify source/transcription and obtain release authorization before promotion.
APCALC-AB-FRQ-1971-04,public_release_blocked,AP Calculus historical archive,7,,,"Retained in the canonical/admin archive; excluded from student practice pending source, answer, KaTeX, and/or mapping verification.",,verified,Keep redacted from public student practice; verify source/transcription and obtain release authorization before promotion.
APCALC-AB-FRQ-1971-05,public_release_blocked,AP Calculus historical archive,7,,,"Retained in the canonical/admin archive; excluded from student practice pending source, answer, KaTeX, and/or mapping verification.",,verified,Keep redacted from public student practice; verify source/transcription and obtain release authorization before promotion.
APCALC-AB-FRQ-1971-06,public_release_blocked,AP Calculus historical archive,7; 8,,,"Retained in the canonical/admin archive; excluded from student practice pending source, answer, KaTeX, and/or mapping verification.",,verified,Keep redacted from public student practice; verify source/transcription and obtain release authorization before promotion.
APCALC-AB-FRQ-1971-07,public_release_blocked,AP Calculus historical archive,8,,,"Retained in the canonical/admin archive; excluded from student practice pending source, answer, KaTeX, and/or mapping verification.",,verified,Keep redacted from public student practice; verify source/transcription and obtain release authorization before promotion.
APCALC-AB-FRQ-1972-01,public_release_blocked,AP Calculus historical archive,8,,,"Retained in the canonical/admin archive; excluded from student practice pending source, answer, KaTeX, and/or mapping verification.",,verified,Keep redacted from public student practice; verify source/transcription and obtain release authorization before promotion.
APCALC-AB-FRQ-1972-02,public_release_blocked,AP Calculus historical archive,8,,,"Retained in the canonical/admin archive; excluded from student practice pending source, answer, KaTeX, and/or mapping verification.",,verified,Keep redacted from public student practice; verify source/transcription and obtain release authorization before promotion.
APCALC-AB-FRQ-1972-03,public_release_blocked,AP Calculus historical archive,8,,,"Retained in the canonical/admin archive; excluded from student practice pending source, answer, KaTeX, and/or mapping verification.",,verified,Keep redacted from public student practice; verify source/transcription and obtain release authorization before promotion.
APCALC-AB-FRQ-1972-04,public_release_blocked,AP Calculus historical archive,8; 9,,,"Retained in the canonical/admin archive; excluded from student practice pending source, answer, KaTeX, and/or mapping verification.",,verified,Keep redacted from public student practice; verify source/transcription and obtain release authorization before promotion.
APCALC-AB-FRQ-1972-05,public_release_blocked,AP Calculus historical archive,9,,,"Retained in the canonical/admin archive; excluded from student practice pending source, answer, KaTeX, and/or mapping verification.",,verified,Keep redacted from public student practice; verify source/transcription and obtain release authorization before promotion.
APCALC-AB-FRQ-1972-06,public_release_blocked,AP Calculus historical archive,9,,,"Retained in the canonical/admin archive; excluded from student practice pending source, answer, KaTeX, and/or mapping verification.",,verified,Keep redacted from public student practice; verify source/transcription and obtain release authorization before promotion.
APCALC-AB-FRQ-1972-07,public_release_blocked,AP Calculus historical archive,9,,,"Retained in the canonical/admin archive; excluded from student practice pending source, answer, KaTeX, and/or mapping verification.",,verified,Keep redacted from public student practice; verify source/transcription and obtain release authorization before promotion.
APCALC-LEGACY-MCQ-1973-001,public_release_blocked,AP Calculus historical archive,26; 20,E,,Preserved in the canonical teacher/archive bank. Excluded from the public GitHub Pages student pool because the source metadata permits school-internal use only and page-by-page transcription signoff is pending.,E,verified,Keep redacted from public student practice; verify source/transcription and obtain release authorization before promotion.
APCALC-LEGACY-MCQ-1973-002,public_release_blocked,AP Calculus historical archive,26; 20,E,,Preserved in the canonical teacher/archive bank. Excluded from the public GitHub Pages student pool because the source metadata permits school-internal use only and page-by-page transcription signoff is pending.,E,verified,Keep redacted from public student practice; verify source/transcription and obtain release authorization before promotion.
APCALC-LEGACY-MCQ-1973-003,public_release_blocked,AP Calculus historical archive,26; 20,B,,Preserved in the canonical teacher/archive bank. Excluded from the public GitHub Pages student pool because the source metadata permits school-internal use only and page-by-page transcription signoff is pending.,B,verified,Keep redacted from public student practice; verify source/transcription and obtain release authorization before promotion.
APCALC-LEGACY-MCQ-1973-004,public_release_blocked,AP Calculus historical archive,26; 20,A,,Preserved in the canonical teacher/archive bank. Excluded from the public GitHub Pages student pool because the source metadata permits school-internal use only and page-by-page transcription signoff is pending.,A,verified,Keep redacted from public student practice; verify source/transcription and obtain release authorization before promotion.
APCALC-LEGACY-MCQ-1973-005,public_release_blocked,AP Calculus historical archive,26; 20,A,,Preserved in the canonical teacher/archive bank. Excluded from the public GitHub Pages student pool because the source metadata permits school-internal use only and page-by-page transcription signoff is pending.,A,verified,Keep redacted from public student practice; verify source/transcription and obtain release authorization before promotion.
APCALC-LEGACY-MCQ-1973-006,public_release_blocked,AP Calculus historical archive,26; 20,D,,Preserved in the canonical teacher/archive bank. Excluded from the public GitHub Pages student pool because the source metadata permits school-internal use only and page-by-page transcription signoff is pending.,D,verified,Keep redacted from public student practice; verify source/transcription and obtain release authorization before promotion.
APCALC-LEGACY-MCQ-1973-007,public_release_blocked,AP Calculus historical archive,27; 21,B,,Preserved in the canonical teacher/archive bank. Excluded from the public GitHub Pages student pool because the source metadata permits school-internal use only and page-by-page transcription signoff is pending.,B,verified,Keep redacted from public student practice; verify source/transcription and obtain release authorization before promotion.
APCALC-LEGACY-MCQ-1973-008,public_release_blocked,AP Calculus historical archive,27; 21,B,,Preserved in the canonical teacher/archive bank. Excluded from the public GitHub Pages student pool because the source metadata permits school-internal use only and page-by-page transcription signoff is pending.,B,verified,Keep redacted from public student practice; verify source/transcription and obtain release authorization before promotion.
APCALC-LEGACY-MCQ-1973-009,public_release_blocked,AP Calculus historical archive,27; 21,A,,Preserved in the canonical teacher/archive bank. Excluded from the public GitHub Pages student pool because the source metadata permits school-internal use only and page-by-page transcription signoff is pending.,A,verified,Keep redacted from public student practice; verify source/transcription and obtain release authorization before promotion.
APCALC-LEGACY-MCQ-1973-010,public_release_blocked,AP Calculus historical archive,27; 21,C,,Preserved in the canonical teacher/archive bank. Excluded from the public GitHub Pages student pool because the source metadata permits school-internal use only and page-by-page transcription signoff is pending.,C,verified,Keep redacted from public student practice; verify source/transcription and obtain release authorization before promotion.
APCALC-LEGACY-MCQ-1973-011,public_release_blocked,AP Calculus historical archive,27; 21,B,,Preserved in the canonical teacher/archive bank. Excluded from the public GitHub Pages student pool because the source metadata permits school-internal use only and page-by-page transcription signoff is pending.,B,verified,Keep redacted from public student practice; verify source/transcription and obtain release authorization before promotion.
APCALC-LEGACY-MCQ-1973-012,public_release_blocked,AP Calculus historical archive,27; 21,C,,Preserved in the canonical teacher/archive bank. Excluded from the public GitHub Pages student pool because the source metadata permits school-internal use only and page-by-page transcription signoff is pending.,C,verified,Keep redacted from public student practice; verify source/transcription and obtain release authorization before promotion.
APCALC-LEGACY-MCQ-1973-013,public_release_blocked,AP Calculus historical archive,28; 22,D,,Preserved in the canonical teacher/archive bank. Excluded from the public GitHub Pages student pool because the source metadata permits school-internal use only and page-by-page transcription signoff is pending.,D,verified,Keep redacted from public student practice; verify source/transcription and obtain release authorization before promotion.
APCALC-LEGACY-MCQ-1973-014,public_release_blocked,AP Calculus historical archive,28; 22,D,,Preserved in the canonical teacher/archive bank. Excluded from the public GitHub Pages student pool because the source metadata permits school-internal use only and page-by-page transcription signoff is pending.,D,verified,Keep redacted from public student practice; verify source/transcription and obtain release authorization before promotion.
APCALC-LEGACY-MCQ-1973-015,public_release_blocked,AP Calculus historical archive,28; 22,C,,Preserved in the canonical teacher/archive bank. Excluded from the public GitHub Pages student pool because the source metadata permits school-internal use only and page-by-page transcription signoff is pending.,C,verified,Keep redacted from public student practice; verify source/transcription and obtain release authorization before promotion.
APCALC-LEGACY-MCQ-1973-016,public_release_blocked,AP Calculus historical archive,28; 22,C,,Preserved in the canonical teacher/archive bank. Excluded from the public GitHub Pages student pool because the source metadata permits school-internal use only and page-by-page transcription signoff is pending.,C,verified,Keep redacted from public student practice; verify source/transcription and obtain release authorization before promotion.
APCALC-LEGACY-MCQ-1973-017,public_release_blocked,AP Calculus historical archive,28; 22,C,,Preserved in the canonical teacher/archive bank. Excluded from the public GitHub Pages student pool because the source metadata permits school-internal use only and page-by-page transcription signoff is pending.,C,verified,Keep redacted from public student practice; verify source/transcription and obtain release authorization before promotion.
APCALC-LEGACY-MCQ-1973-018,public_release_blocked,AP Calculus historical archive,28; 22,D,,Preserved in the canonical teacher/archive bank. Excluded from the public GitHub Pages student pool because the source metadata permits school-internal use only and page-by-page transcription signoff is pending.,D,verified,Keep redacted from public student practice; verify source/transcription and obtain release authorization before promotion.
APCALC-LEGACY-MCQ-1973-019,public_release_blocked,AP Calculus historical archive,29; 23,D,,Preserved in the canonical teacher/archive bank. Excluded from the public GitHub Pages student pool because the source metadata permits school-internal use only and page-by-page transcription signoff is pending.,D,verified,Keep redacted from public student practice; verify source/transcription and obtain release authorization before promotion.
APCALC-LEGACY-MCQ-1973-020,public_release_blocked,AP Calculus historical archive,29; 23,D,,Preserved in the canonical teacher/archive bank. Excluded from the public GitHub Pages student pool because the source metadata permits school-internal use only and page-by-page transcription signoff is pending.,D,verified,Keep redacted from public student practice; verify source/transcription and obtain release authorization before promotion.
APCALC-LEGACY-MCQ-1973-021,public_release_blocked,AP Calculus historical archive,29; 23,B,,Preserved in the canonical teacher/archive bank. Excluded from the public GitHub Pages student pool because the source metadata permits school-internal use only and page-by-page transcription signoff is pending.,B,verified,Keep redacted from public student practice; verify source/transcription and obtain release authorization before promotion.
APCALC-LEGACY-MCQ-1973-022,public_release_blocked,AP Calculus historical archive,29; 23,B,,Preserved in the canonical teacher/archive bank. Excluded from the public GitHub Pages student pool because the source metadata permits school-internal use only and page-by-page transcription signoff is pending.,B,verified,Keep redacted from public student practice; verify source/transcription and obtain release authorization before promotion.
APCALC-LEGACY-MCQ-1973-023,public_release_blocked,AP Calculus historical archive,30; 24,C,,Preserved in the canonical teacher/archive bank. Excluded from the public GitHub Pages student pool because the source metadata permits school-internal use only and page-by-page transcription signoff is pending.,C,verified,Keep redacted from public student practice; verify source/transcription and obtain release authorization before promotion.
APCALC-LEGACY-MCQ-1973-024,public_release_blocked,AP Calculus historical archive,30; 24,B,,Preserved in the canonical teacher/archive bank. Excluded from the public GitHub Pages student pool because the source metadata permits school-internal use only and page-by-page transcription signoff is pending.,B,verified,Keep redacted from public student practice; verify source/transcription and obtain release authorization before promotion.
APCALC-LEGACY-MCQ-1973-025,public_release_blocked,AP Calculus historical archive,30; 24,B,,Preserved in the canonical teacher/archive bank. Excluded from the public GitHub Pages student pool because the source metadata permits school-internal use only and page-by-page transcription signoff is pending.,B,verified,Keep redacted from public student practice; verify source/transcription and obtain release authorization before promotion.
APCALC-LEGACY-MCQ-1973-026,public_release_blocked,AP Calculus historical archive,30; 24,E,,Preserved in the canonical teacher/archive bank. Excluded from the public GitHub Pages student pool because the source metadata permits school-internal use only and page-by-page transcription signoff is pending.,E,verified,Keep redacted from public student practice; verify source/transcription and obtain release authorization before promotion.
APCALC-LEGACY-MCQ-1973-027,public_release_blocked,AP Calculus historical archive,30; 24,E,,Preserved in the canonical teacher/archive bank. Excluded from the public GitHub Pages student pool because the source metadata permits school-internal use only and page-by-page transcription signoff is pending.,E,verified,Keep redacted from public student practice; verify source/transcription and obtain release authorization before promotion.
APCALC-LEGACY-MCQ-1973-028,public_release_blocked,AP Calculus historical archive,30; 24,C,,Preserved in the canonical teacher/archive bank. Excluded from the public GitHub Pages student pool because the source metadata permits school-internal use only and page-by-page transcription signoff is pending.,C,verified,Keep redacted from public student practice; verify source/transcription and obtain release authorization before promotion.
APCALC-LEGACY-MCQ-1973-029,public_release_blocked,AP Calculus historical archive,31; 25,C,,Preserved in the canonical teacher/archive bank. Excluded from the public GitHub Pages student pool because the source metadata permits school-internal use only and page-by-page transcription signoff is pending.,C,verified,Keep redacted from public student practice; verify source/transcription and obtain release authorization before promotion.
APCALC-LEGACY-MCQ-1973-030,public_release_blocked,AP Calculus historical archive,31; 25,B,,Preserved in the canonical teacher/archive bank. Excluded from the public GitHub Pages student pool because the source metadata permits school-internal use only and page-by-page transcription signoff is pending.,B,verified,Keep redacted from public student practice; verify source/transcription and obtain release authorization before promotion.
APCALC-LEGACY-MCQ-1973-031,public_release_blocked,AP Calculus historical archive,31; 25,D,,Preserved in the canonical teacher/archive bank. Excluded from the public GitHub Pages student pool because the source metadata permits school-internal use only and page-by-page transcription signoff is pending.,D,verified,Keep redacted from public student practice; verify source/transcription and obtain release authorization before promotion.
APCALC-LEGACY-MCQ-1973-032,public_release_blocked,AP Calculus historical archive,31; 25,D,,Preserved in the canonical teacher/archive bank. Excluded from the public GitHub Pages student pool because the source metadata permits school-internal use only and page-by-page transcription signoff is pending.,D,verified,Keep redacted from public student practice; verify source/transcription and obtain release authorization before promotion.
APCALC-LEGACY-MCQ-1973-033,public_release_blocked,AP Calculus historical archive,31; 25,A,,Preserved in the canonical teacher/archive bank. Excluded from the public GitHub Pages student pool because the source metadata permits school-internal use only and page-by-page transcription signoff is pending.,A,verified,Keep redacted from public student practice; verify source/transcription and obtain release authorization before promotion.
APCALC-LEGACY-MCQ-1973-034,public_release_blocked,AP Calculus historical archive,32; 26,C,,Preserved in the canonical teacher/archive bank. Excluded from the public GitHub Pages student pool because the source metadata permits school-internal use only and page-by-page transcription signoff is pending.,C,verified,Keep redacted from public student practice; verify source/transcription and obtain release authorization before promotion.
APCALC-LEGACY-MCQ-1973-035,public_release_blocked,AP Calculus historical archive,32; 26,C,,Preserved in the canonical teacher/archive bank. Excluded from the public GitHub Pages student pool because the source metadata permits school-internal use only and page-by-page transcription signoff is pending.,C,verified,Keep redacted from public student practice; verify source/transcription and obtain release authorization before promotion.
APCALC-LEGACY-MCQ-1973-036,public_release_blocked,AP Calculus historical archive,32; 26,A,,Preserved in the canonical teacher/archive bank. Excluded from the public GitHub Pages student pool because the source metadata permits school-internal use only and page-by-page transcription signoff is pending.,A,verified,Keep redacted from public student practice; verify source/transcription and obtain release authorization before promotion.
APCALC-LEGACY-MCQ-1973-037,public_release_blocked,AP Calculus historical archive,32; 26,A,,Preserved in the canonical teacher/archive bank. Excluded from the public GitHub Pages student pool because the source metadata permits school-internal use only and page-by-page transcription signoff is pending.,A,verified,Keep redacted from public student practice; verify source/transcription and obtain release authorization before promotion.
APCALC-LEGACY-MCQ-1973-038,public_release_blocked,AP Calculus historical archive,32; 26,B,,Preserved in the canonical teacher/archive bank. Excluded from the public GitHub Pages student pool because the source metadata permits school-internal use only and page-by-page transcription signoff is pending.,B,verified,Keep redacted from public student practice; verify source/transcription and obtain release authorization before promotion.
APCALC-LEGACY-MCQ-1973-039,public_release_blocked,AP Calculus historical archive,32; 26,B,,Preserved in the canonical teacher/archive bank. Excluded from the public GitHub Pages student pool because the source metadata permits school-internal use only and page-by-page transcription signoff is pending.,B,verified,Keep redacted from public student practice; verify source/transcription and obtain release authorization before promotion.
APCALC-LEGACY-MCQ-1973-040,public_release_blocked,AP Calculus historical archive,32; 26,E,,Preserved in the canonical teacher/archive bank. Excluded from the public GitHub Pages student pool because the source metadata permits school-internal use only and page-by-page transcription signoff is pending.,E,verified,Keep redacted from public student practice; verify source/transcription and obtain release authorization before promotion.
APCALC-LEGACY-MCQ-1973-041,public_release_blocked,AP Calculus historical archive,33; 27,D,,Preserved in the canonical teacher/archive bank. Excluded from the public GitHub Pages student pool because the source metadata permits school-internal use only and page-by-page transcription signoff is pending.,D,verified,Keep redacted from public student practice; verify source/transcription and obtain release authorization before promotion.
APCALC-LEGACY-MCQ-1973-042,public_release_blocked,AP Calculus historical archive,33; 27,D,,Preserved in the canonical teacher/archive bank. Excluded from the public GitHub Pages student pool because the source metadata permits school-internal use only and page-by-page transcription signoff is pending.,D,verified,Keep redacted from public student practice; verify source/transcription and obtain release authorization before promotion.
APCALC-LEGACY-MCQ-1973-043,public_release_blocked,AP Calculus historical archive,33; 27,E,,Preserved in the canonical teacher/archive bank. Excluded from the public GitHub Pages student pool because the source metadata permits school-internal use only and page-by-page transcription signoff is pending.,E,verified,Keep redacted from public student practice; verify source/transcription and obtain release authorization before promotion.
APCALC-LEGACY-MCQ-1973-044,public_release_blocked,AP Calculus historical archive,33; 27,B,,Preserved in the canonical teacher/archive bank. Excluded from the public GitHub Pages student pool because the source metadata permits school-internal use only and page-by-page transcription signoff is pending.,B,verified,Keep redacted from public student practice; verify source/transcription and obtain release authorization before promotion.
APCALC-LEGACY-MCQ-1973-045,public_release_blocked,AP Calculus historical archive,34; 28,C,,Preserved in the canonical teacher/archive bank. Excluded from the public GitHub Pages student pool because the source metadata permits school-internal use only and page-by-page transcription signoff is pending.,C,verified,Keep redacted from public student practice; verify source/transcription and obtain release authorization before promotion.
APCALC-AB-FRQ-1973-01,public_release_blocked,AP Calculus historical archive,9,,,"Retained in the canonical/admin archive; excluded from student practice pending source, answer, KaTeX, and/or mapping verification.",,verified,Keep redacted from public student practice; verify source/transcription and obtain release authorization before promotion.
APCALC-AB-FRQ-1973-02,public_release_blocked,AP Calculus historical archive,9; 10,,,"Retained in the canonical/admin archive; excluded from student practice pending source, answer, KaTeX, and/or mapping verification.",,verified,Keep redacted from public student practice; verify source/transcription and obtain release authorization before promotion.
APCALC-AB-FRQ-1973-03,public_release_blocked,AP Calculus historical archive,10,,,"Retained in the canonical/admin archive; excluded from student practice pending source, answer, KaTeX, and/or mapping verification.",,verified,Keep redacted from public student practice; verify source/transcription and obtain release authorization before promotion.
APCALC-AB-FRQ-1973-04,public_release_blocked,AP Calculus historical archive,10,,,"Retained in the canonical/admin archive; excluded from student practice pending source, answer, KaTeX, and/or mapping verification.",,verified,Keep redacted from public student practice; verify source/transcription and obtain release authorization before promotion.
APCALC-AB-FRQ-1973-05,public_release_blocked,AP Calculus historical archive,10,,,"Retained in the canonical/admin archive; excluded from student practice pending source, answer, KaTeX, and/or mapping verification.",,verified,Keep redacted from public student practice; verify source/transcription and obtain release authorization before promotion.
APCALC-AB-FRQ-1973-06,public_release_blocked,AP Calculus historical archive,10,,,"Retained in the canonical/admin archive; excluded from student practice pending source, answer, KaTeX, and/or mapping verification.",,verified,Keep redacted from public student practice; verify source/transcription and obtain release authorization before promotion.
APCALC-AB-FRQ-1973-07,public_release_blocked,AP Calculus historical archive,10; 11,,,"Retained in the canonical/admin archive; excluded from student practice pending source, answer, KaTeX, and/or mapping verification.",,verified,Keep redacted from public student practice; verify source/transcription and obtain release authorization before promotion.
APCALC-AB-FRQ-1974-01,public_release_blocked,AP Calculus historical archive,11,,,"Retained in the canonical/admin archive; excluded from student practice pending source, answer, KaTeX, and/or mapping verification.",,verified,Keep redacted from public student practice; verify source/transcription and obtain release authorization before promotion.
APCALC-AB-FRQ-1974-02,public_release_blocked,AP Calculus historical archive,11,,,"Retained in the canonical/admin archive; excluded from student practice pending source, answer, KaTeX, and/or mapping verification.",,verified,Keep redacted from public student practice; verify source/transcription and obtain release authorization before promotion.
APCALC-AB-FRQ-1974-03,public_release_blocked,AP Calculus historical archive,11,,,"Retained in the canonical/admin archive; excluded from student practice pending source, answer, KaTeX, and/or mapping verification.",,verified,Keep redacted from public student practice; verify source/transcription and obtain release authorization before promotion.
APCALC-AB-FRQ-1974-04,public_release_blocked,AP Calculus historical archive,11,,,"Retained in the canonical/admin archive; excluded from student practice pending source, answer, KaTeX, and/or mapping verification.",,verified,Keep redacted from public student practice; verify source/transcription and obtain release authorization before promotion.
APCALC-AB-FRQ-1974-05,public_release_blocked,AP Calculus historical archive,11; 12,,,"Retained in the canonical/admin archive; excluded from student practice pending source, answer, KaTeX, and/or mapping verification.",,verified,Keep redacted from public student practice; verify source/transcription and obtain release authorization before promotion.
APCALC-AB-FRQ-1974-06,public_release_blocked,AP Calculus historical archive,12,,,"Retained in the canonical/admin archive; excluded from student practice pending source, answer, KaTeX, and/or mapping verification.",,verified,Keep redacted from public student practice; verify source/transcription and obtain release authorization before promotion.
APCALC-AB-FRQ-1974-07,public_release_blocked,AP Calculus historical archive,12,,,"Retained in the canonical/admin archive; excluded from student practice pending source, answer, KaTeX, and/or mapping verification.",,verified,Keep redacted from public student practice; verify source/transcription and obtain release authorization before promotion.
APCALC-AB-FRQ-1975-01,public_release_blocked,AP Calculus historical archive,12,,,"Retained in the canonical/admin archive; excluded from student practice pending source, answer, KaTeX, and/or mapping verification.",,verified,Keep redacted from public student practice; verify source/transcription and obtain release authorization before promotion.
APCALC-AB-FRQ-1975-02,public_release_blocked,AP Calculus historical archive,12; 13,,,"Retained in the canonical/admin archive; excluded from student practice pending source, answer, KaTeX, and/or mapping verification.",,verified,Keep redacted from public student practice; verify source/transcription and obtain release authorization before promotion.
APCALC-AB-FRQ-1975-03,public_release_blocked,AP Calculus historical archive,13,,,"Retained in the canonical/admin archive; excluded from student practice pending source, answer, KaTeX, and/or mapping verification.",,verified,Keep redacted from public student practice; verify source/transcription and obtain release authorization before promotion.
APCALC-AB-FRQ-1975-04,public_release_blocked,AP Calculus historical archive,13,,,"Retained in the canonical/admin archive; excluded from student practice pending source, answer, KaTeX, and/or mapping verification.",,verified,Keep redacted from public student practice; verify source/transcription and obtain release authorization before promotion.
APCALC-AB-FRQ-1975-05,public_release_blocked,AP Calculus historical archive,13,,,"Retained in the canonical/admin archive; excluded from student practice pending source, answer, KaTeX, and/or mapping verification.",,verified,Keep redacted from public student practice; verify source/transcription and obtain release authorization before promotion.
APCALC-AB-FRQ-1975-06,public_release_blocked,AP Calculus historical archive,13; 14,,,"Retained in the canonical/admin archive; excluded from student practice pending source, answer, KaTeX, and/or mapping verification.",,verified,Keep redacted from public student practice; verify source/transcription and obtain release authorization before promotion.
APCALC-AB-FRQ-1975-07,public_release_blocked,AP Calculus historical archive,14,,,"Retained in the canonical/admin archive; excluded from student practice pending source, answer, KaTeX, and/or mapping verification.",,verified,Keep redacted from public student practice; verify source/transcription and obtain release authorization before promotion.
APCALC-AB-FRQ-1976-01,public_release_blocked,AP Calculus historical archive,14,,,"Retained in the canonical/admin archive; excluded from student practice pending source, answer, KaTeX, and/or mapping verification.",,verified,Keep redacted from public student practice; verify source/transcription and obtain release authorization before promotion.
APCALC-AB-FRQ-1976-02,public_release_blocked,AP Calculus historical archive,14,,,"Retained in the canonical/admin archive; excluded from student practice pending source, answer, KaTeX, and/or mapping verification.",,verified,Keep redacted from public student practice; verify source/transcription and obtain release authorization before promotion.
APCALC-AB-FRQ-1976-03,public_release_blocked,AP Calculus historical archive,14,,,"Retained in the canonical/admin archive; excluded from student practice pending source, answer, KaTeX, and/or mapping verification.",,verified,Keep redacted from public student practice; verify source/transcription and obtain release authorization before promotion.
APCALC-AB-FRQ-1976-04,public_release_blocked,AP Calculus historical archive,14; 15,,,"Retained in the canonical/admin archive; excluded from student practice pending source, answer, KaTeX, and/or mapping verification.",,verified,Keep redacted from public student practice; verify source/transcription and obtain release authorization before promotion.
APCALC-AB-FRQ-1976-05,public_release_blocked,AP Calculus historical archive,15,,,"Retained in the canonical/admin archive; excluded from student practice pending source, answer, KaTeX, and/or mapping verification.",,verified,Keep redacted from public student practice; verify source/transcription and obtain release authorization before promotion.
APCALC-AB-FRQ-1976-06,public_release_blocked,AP Calculus historical archive,15,,,"Retained in the canonical/admin archive; excluded from student practice pending source, answer, KaTeX, and/or mapping verification.",,verified,Keep redacted from public student practice; verify source/transcription and obtain release authorization before promotion.
APCALC-AB-FRQ-1976-07,public_release_blocked,AP Calculus historical archive,15,,,"Retained in the canonical/admin archive; excluded from student practice pending source, answer, KaTeX, and/or mapping verification.",,verified,Keep redacted from public student practice; verify source/transcription and obtain release authorization before promotion.
APCALC-AB-FRQ-1977-01,public_release_blocked,AP Calculus historical archive,15; 16,,,"Retained in the canonical/admin archive; excluded from student practice pending source, answer, KaTeX, and/or mapping verification.",,verified,Keep redacted from public student practice; verify source/transcription and obtain release authorization before promotion.
APCALC-AB-FRQ-1977-02,public_release_blocked,AP Calculus historical archive,16,,,"Retained in the canonical/admin archive; excluded from student practice pending source, answer, KaTeX, and/or mapping verification.",,verified,Keep redacted from public student practice; verify source/transcription and obtain release authorization before promotion.
APCALC-AB-FRQ-1977-03,public_release_blocked,AP Calculus historical archive,16,,,"Retained in the canonical/admin archive; excluded from student practice pending source, answer, KaTeX, and/or mapping verification.",,verified,Keep redacted from public student practice; verify source/transcription and obtain release authorization before promotion.
APCALC-AB-FRQ-1977-04,public_release_blocked,AP Calculus historical archive,16,,,"Retained in the canonical/admin archive; excluded from student practice pending source, answer, KaTeX, and/or mapping verification.",,verified,Keep redacted from public student practice; verify source/transcription and obtain release authorization before promotion.
APCALC-AB-FRQ-1977-05,public_release_blocked,AP Calculus historical archive,16; 17,,,"Retained in the canonical/admin archive; excluded from student practice pending source, answer, KaTeX, and/or mapping verification.",,verified,Keep redacted from public student practice; verify source/transcription and obtain release authorization before promotion.
APCALC-AB-FRQ-1977-06,public_release_blocked,AP Calculus historical archive,17,,,"Retained in the canonical/admin archive; excluded from student practice pending source, answer, KaTeX, and/or mapping verification.",,verified,Keep redacted from public student practice; verify source/transcription and obtain release authorization before promotion.
APCALC-AB-FRQ-1977-07,public_release_blocked,AP Calculus historical archive,17,,,"Retained in the canonical/admin archive; excluded from student practice pending source, answer, KaTeX, and/or mapping verification.",,verified,Keep redacted from public student practice; verify source/transcription and obtain release authorization before promotion.
APCALC-AB-FRQ-1978-01,public_release_blocked,AP Calculus historical archive,17,,,"Retained in the canonical/admin archive; excluded from student practice pending source, answer, KaTeX, and/or mapping verification.",,verified,Keep redacted from public student practice; verify source/transcription and obtain release authorization before promotion.
APCALC-AB-FRQ-1978-02,public_release_blocked,AP Calculus historical archive,17,,,"Retained in the canonical/admin archive; excluded from student practice pending source, answer, KaTeX, and/or mapping verification.",,verified,Keep redacted from public student practice; verify source/transcription and obtain release authorization before promotion.
APCALC-AB-FRQ-1978-03,public_release_blocked,AP Calculus historical archive,17; 18,,,"Retained in the canonical/admin archive; excluded from student practice pending source, answer, KaTeX, and/or mapping verification.",,verified,Keep redacted from public student practice; verify source/transcription and obtain release authorization before promotion.
APCALC-AB-FRQ-1978-04,public_release_blocked,AP Calculus historical archive,18,,,"Retained in the canonical/admin archive; excluded from student practice pending source, answer, KaTeX, and/or mapping verification.",,verified,Keep redacted from public student practice; verify source/transcription and obtain release authorization before promotion.
APCALC-AB-FRQ-1978-05,public_release_blocked,AP Calculus historical archive,18,,,"Retained in the canonical/admin archive; excluded from student practice pending source, answer, KaTeX, and/or mapping verification.",,verified,Keep redacted from public student practice; verify source/transcription and obtain release authorization before promotion.
APCALC-AB-FRQ-1978-06,public_release_blocked,AP Calculus historical archive,18,,,"Retained in the canonical/admin archive; excluded from student practice pending source, answer, KaTeX, and/or mapping verification.",,verified,Keep redacted from public student practice; verify source/transcription and obtain release authorization before promotion.
APCALC-AB-FRQ-1978-07,public_release_blocked,AP Calculus historical archive,18; 19,,,"Retained in the canonical/admin archive; excluded from student practice pending source, answer, KaTeX, and/or mapping verification.",,verified,Keep redacted from public student practice; verify source/transcription and obtain release authorization before promotion.
APCALC-AB-FRQ-1979-01,public_release_blocked,AP Calculus historical archive,19,,,"Retained in the canonical/admin archive; excluded from student practice pending source, answer, KaTeX, and/or mapping verification.",,verified,Keep redacted from public student practice; verify source/transcription and obtain release authorization before promotion.
APCALC-AB-FRQ-1979-02,public_release_blocked,AP Calculus historical archive,19,,,"Retained in the canonical/admin archive; excluded from student practice pending source, answer, KaTeX, and/or mapping verification.",,verified,Keep redacted from public student practice; verify source/transcription and obtain release authorization before promotion.
APCALC-AB-FRQ-1979-03,public_release_blocked,AP Calculus historical archive,19,,,"Retained in the canonical/admin archive; excluded from student practice pending source, answer, KaTeX, and/or mapping verification.",,verified,Keep redacted from public student practice; verify source/transcription and obtain release authorization before promotion.
APCALC-AB-FRQ-1979-04,public_release_blocked,AP Calculus historical archive,19,,,"Retained in the canonical/admin archive; excluded from student practice pending source, answer, KaTeX, and/or mapping verification.",,verified,Keep redacted from public student practice; verify source/transcription and obtain release authorization before promotion.
APCALC-AB-FRQ-1979-05,public_release_blocked,AP Calculus historical archive,19; 20,,,"Retained in the canonical/admin archive; excluded from student practice pending source, answer, KaTeX, and/or mapping verification.",,verified,Keep redacted from public student practice; verify source/transcription and obtain release authorization before promotion.
APCALC-AB-FRQ-1979-06,public_release_blocked,AP Calculus historical archive,20,,,"Retained in the canonical/admin archive; excluded from student practice pending source, answer, KaTeX, and/or mapping verification.",,verified,Keep redacted from public student practice; verify source/transcription and obtain release authorization before promotion.
APCALC-AB-FRQ-1979-07,public_release_blocked,AP Calculus historical archive,20,,,"Retained in the canonical/admin archive; excluded from student practice pending source, answer, KaTeX, and/or mapping verification.",,verified,Keep redacted from public student practice; verify source/transcription and obtain release authorization before promotion.
APCALC-AB-FRQ-1980-01,public_release_blocked,AP Calculus historical archive,20,,,"Retained in the canonical/admin archive; excluded from student practice pending source, answer, KaTeX, and/or mapping verification.",,verified,Keep redacted from public student practice; verify source/transcription and obtain release authorization before promotion.
APCALC-AB-FRQ-1980-02,public_release_blocked,AP Calculus historical archive,20,,,"Retained in the canonical/admin archive; excluded from student practice pending source, answer, KaTeX, and/or mapping verification.",,verified,Keep redacted from public student practice; verify source/transcription and obtain release authorization before promotion.
APCALC-AB-FRQ-1980-03,public_release_blocked,AP Calculus historical archive,20; 21,,,"Retained in the canonical/admin archive; excluded from student practice pending source, answer, KaTeX, and/or mapping verification.",,verified,Keep redacted from public student practice; verify source/transcription and obtain release authorization before promotion.
APCALC-AB-FRQ-1980-04,public_release_blocked,AP Calculus historical archive,21,,,"Retained in the canonical/admin archive; excluded from student practice pending source, answer, KaTeX, and/or mapping verification.",,verified,Keep redacted from public student practice; verify source/transcription and obtain release authorization before promotion.
APCALC-AB-FRQ-1980-05,public_release_blocked,AP Calculus historical archive,21,,,"Retained in the canonical/admin archive; excluded from student practice pending source, answer, KaTeX, and/or mapping verification.",,verified,Keep redacted from public student practice; verify source/transcription and obtain release authorization before promotion.
APCALC-AB-FRQ-1980-06,public_release_blocked,AP Calculus historical archive,21,,,"Retained in the canonical/admin archive; excluded from student practice pending source, answer, KaTeX, and/or mapping verification.",,verified,Keep redacted from public student practice; verify source/transcription and obtain release authorization before promotion.
APCALC-AB-FRQ-1980-07,public_release_blocked,AP Calculus historical archive,21; 22,,,"Retained in the canonical/admin archive; excluded from student practice pending source, answer, KaTeX, and/or mapping verification.",,verified,Keep redacted from public student practice; verify source/transcription and obtain release authorization before promotion.
APCALC-LEGACY-MCQ-1985-001,public_release_blocked,AP Calculus historical archive,44; 38,D,,Preserved in the canonical teacher/archive bank. Excluded from the public GitHub Pages student pool because the source metadata permits school-internal use only and page-by-page transcription signoff is pending.,D,verified,Keep redacted from public student practice; verify source/transcription and obtain release authorization before promotion.
APCALC-LEGACY-MCQ-1985-002,public_release_blocked,AP Calculus historical archive,44; 38,E,,Preserved in the canonical teacher/archive bank. Excluded from the public GitHub Pages student pool because the source metadata permits school-internal use only and page-by-page transcription signoff is pending.,E,verified,Keep redacted from public student practice; verify source/transcription and obtain release authorization before promotion.
APCALC-LEGACY-MCQ-1985-003,public_release_blocked,AP Calculus historical archive,44; 38,A,,Preserved in the canonical teacher/archive bank. Excluded from the public GitHub Pages student pool because the source metadata permits school-internal use only and page-by-page transcription signoff is pending.,A,verified,Keep redacted from public student practice; verify source/transcription and obtain release authorization before promotion.
APCALC-LEGACY-MCQ-1985-004,public_release_blocked,AP Calculus historical archive,44; 38,C,,Preserved in the canonical teacher/archive bank. Excluded from the public GitHub Pages student pool because the source metadata permits school-internal use only and page-by-page transcription signoff is pending.,C,verified,Keep redacted from public student practice; verify source/transcription and obtain release authorization before promotion.
APCALC-LEGACY-MCQ-1985-005,public_release_blocked,AP Calculus historical archive,44; 38,D,,Preserved in the canonical teacher/archive bank. Excluded from the public GitHub Pages student pool because the source metadata permits school-internal use only and page-by-page transcription signoff is pending.,D,verified,Keep redacted from public student practice; verify source/transcription and obtain release authorization before promotion.
APCALC-LEGACY-MCQ-1985-006,public_release_blocked,AP Calculus historical archive,45; 39,C,,Preserved in the canonical teacher/archive bank. Excluded from the public GitHub Pages student pool because the source metadata permits school-internal use only and page-by-page transcription signoff is pending.,C,verified,Keep redacted from public student practice; verify source/transcription and obtain release authorization before promotion.
APCALC-LEGACY-MCQ-1985-007,public_release_blocked,AP Calculus historical archive,45; 39,E,,Preserved in the canonical teacher/archive bank. Excluded from the public GitHub Pages student pool because the source metadata permits school-internal use only and page-by-page transcription signoff is pending.,E,verified,Keep redacted from public student practice; verify source/transcription and obtain release authorization before promotion.
APCALC-LEGACY-MCQ-1985-008,public_release_blocked,AP Calculus historical archive,45; 39,B,,Preserved in the canonical teacher/archive bank. Excluded from the public GitHub Pages student pool because the source metadata permits school-internal use only and page-by-page transcription signoff is pending.,B,verified,Keep redacted from public student practice; verify source/transcription and obtain release authorization before promotion.
APCALC-LEGACY-MCQ-1985-009,public_release_blocked,AP Calculus historical archive,45; 39,D,,Preserved in the canonical teacher/archive bank. Excluded from the public GitHub Pages student pool because the source metadata permits school-internal use only and page-by-page transcription signoff is pending.,D,verified,Keep redacted from public student practice; verify source/transcription and obtain release authorization before promotion.
APCALC-LEGACY-MCQ-1985-010,public_release_blocked,AP Calculus historical archive,45; 39,D,,Preserved in the canonical teacher/archive bank. Excluded from the public GitHub Pages student pool because the source metadata permits school-internal use only and page-by-page transcription signoff is pending.,D,verified,Keep redacted from public student practice; verify source/transcription and obtain release authorization before promotion.
APCALC-LEGACY-MCQ-1985-011,public_release_blocked,AP Calculus historical archive,45; 39,B,,Preserved in the canonical teacher/archive bank. Excluded from the public GitHub Pages student pool because the source metadata permits school-internal use only and page-by-page transcription signoff is pending.,B,verified,Keep redacted from public student practice; verify source/transcription and obtain release authorization before promotion.
APCALC-LEGACY-MCQ-1985-012,public_release_blocked,AP Calculus historical archive,45; 39,C,,Preserved in the canonical teacher/archive bank. Excluded from the public GitHub Pages student pool because the source metadata permits school-internal use only and page-by-page transcription signoff is pending.,C,verified,Keep redacted from public student practice; verify source/transcription and obtain release authorization before promotion.
APCALC-LEGACY-MCQ-1985-013,public_release_blocked,AP Calculus historical archive,46; 40,A,,Preserved in the canonical teacher/archive bank. Excluded from the public GitHub Pages student pool because the source metadata permits school-internal use only and page-by-page transcription signoff is pending.,A,verified,Keep redacted from public student practice; verify source/transcription and obtain release authorization before promotion.
APCALC-LEGACY-MCQ-1985-014,public_release_blocked,AP Calculus historical archive,46; 40,D,,Preserved in the canonical teacher/archive bank. Excluded from the public GitHub Pages student pool because the source metadata permits school-internal use only and page-by-page transcription signoff is pending.,D,verified,Keep redacted from public student practice; verify source/transcription and obtain release authorization before promotion.
APCALC-LEGACY-MCQ-1985-015,public_release_blocked,AP Calculus historical archive,46; 40,C,,Preserved in the canonical teacher/archive bank. Excluded from the public GitHub Pages student pool because the source metadata permits school-internal use only and page-by-page transcription signoff is pending.,C,verified,Keep redacted from public student practice; verify source/transcription and obtain release authorization before promotion.
APCALC-LEGACY-MCQ-1985-016,public_release_blocked,AP Calculus historical archive,46; 40,B,,Preserved in the canonical teacher/archive bank. Excluded from the public GitHub Pages student pool because the source metadata permits school-internal use only and page-by-page transcription signoff is pending.,B,verified,Keep redacted from public student practice; verify source/transcription and obtain release authorization before promotion.
APCALC-LEGACY-MCQ-1985-017,public_release_blocked,AP Calculus historical archive,46; 40,C,,Preserved in the canonical teacher/archive bank. Excluded from the public GitHub Pages student pool because the source metadata permits school-internal use only and page-by-page transcription signoff is pending.,C,verified,Keep redacted from public student practice; verify source/transcription and obtain release authorization before promotion.
APCALC-LEGACY-MCQ-1985-018,public_release_blocked,AP Calculus historical archive,46; 40,C,,Preserved in the canonical teacher/archive bank. Excluded from the public GitHub Pages student pool because the source metadata permits school-internal use only and page-by-page transcription signoff is pending.,C,verified,Keep redacted from public student practice; verify source/transcription and obtain release authorization before promotion.
APCALC-LEGACY-MCQ-1985-019,public_release_blocked,AP Calculus historical archive,46; 40,B,,Preserved in the canonical teacher/archive bank. Excluded from the public GitHub Pages student pool because the source metadata permits school-internal use only and page-by-page transcription signoff is pending.,B,verified,Keep redacted from public student practice; verify source/transcription and obtain release authorization before promotion.
APCALC-LEGACY-MCQ-1985-020,public_release_blocked,AP Calculus historical archive,47; 41,A,,Preserved in the canonical teacher/archive bank. Excluded from the public GitHub Pages student pool because the source metadata permits school-internal use only and page-by-page transcription signoff is pending.,A,verified,Keep redacted from public student practice; verify source/transcription and obtain release authorization before promotion.
APCALC-LEGACY-MCQ-1985-021,public_release_blocked,AP Calculus historical archive,47; 41,B,,Preserved in the canonical teacher/archive bank. Excluded from the public GitHub Pages student pool because the source metadata permits school-internal use only and page-by-page transcription signoff is pending.,B,verified,Keep redacted from public student practice; verify source/transcription and obtain release authorization before promotion.
APCALC-LEGACY-MCQ-1985-022,public_release_blocked,AP Calculus historical archive,47; 41,A,,Preserved in the canonical teacher/archive bank. Excluded from the public GitHub Pages student pool because the source metadata permits school-internal use only and page-by-page transcription signoff is pending.,A,verified,Keep redacted from public student practice; verify source/transcription and obtain release authorization before promotion.
APCALC-LEGACY-MCQ-1985-023,public_release_blocked,AP Calculus historical archive,47; 41,B,,Preserved in the canonical teacher/archive bank. Excluded from the public GitHub Pages student pool because the source metadata permits school-internal use only and page-by-page transcription signoff is pending.,B,verified,Keep redacted from public student practice; verify source/transcription and obtain release authorization before promotion.
APCALC-LEGACY-MCQ-1985-024,public_release_blocked,AP Calculus historical archive,47; 41,D,,Preserved in the canonical teacher/archive bank. Excluded from the public GitHub Pages student pool because the source metadata permits school-internal use only and page-by-page transcription signoff is pending.,D,verified,Keep redacted from public student practice; verify source/transcription and obtain release authorization before promotion.
APCALC-LEGACY-MCQ-1985-025,public_release_blocked,AP Calculus historical archive,47; 41,E,,Preserved in the canonical teacher/archive bank. Excluded from the public GitHub Pages student pool because the source metadata permits school-internal use only and page-by-page transcription signoff is pending.,E,verified,Keep redacted from public student practice; verify source/transcription and obtain release authorization before promotion.
APCALC-LEGACY-MCQ-1985-026,public_release_blocked,AP Calculus historical archive,48; 42,E,,Preserved in the canonical teacher/archive bank. Excluded from the public GitHub Pages student pool because the source metadata permits school-internal use only and page-by-page transcription signoff is pending.,E,verified,Keep redacted from public student practice; verify source/transcription and obtain release authorization before promotion.
APCALC-LEGACY-MCQ-1985-027,public_release_blocked,AP Calculus historical archive,48; 42,D,,Preserved in the canonical teacher/archive bank. Excluded from the public GitHub Pages student pool because the source metadata permits school-internal use only and page-by-page transcription signoff is pending.,D,verified,Keep redacted from public student practice; verify source/transcription and obtain release authorization before promotion.
APCALC-LEGACY-MCQ-1985-028,public_release_blocked,AP Calculus historical archive,48; 42,C,,Preserved in the canonical teacher/archive bank. Excluded from the public GitHub Pages student pool because the source metadata permits school-internal use only and page-by-page transcription signoff is pending.,C,verified,Keep redacted from public student practice; verify source/transcription and obtain release authorization before promotion.
APCALC-LEGACY-MCQ-1985-029,public_release_blocked,AP Calculus historical archive,48; 42,D,,Preserved in the canonical teacher/archive bank. Excluded from the public GitHub Pages student pool because the source metadata permits school-internal use only and page-by-page transcription signoff is pending.,D,verified,Keep redacted from public student practice; verify source/transcription and obtain release authorization before promotion.
APCALC-LEGACY-MCQ-1985-030,public_release_blocked,AP Calculus historical archive,48; 42,B,,Preserved in the canonical teacher/archive bank. Excluded from the public GitHub Pages student pool because the source metadata permits school-internal use only and page-by-page transcription signoff is pending.,B,verified,Keep redacted from public student practice; verify source/transcription and obtain release authorization before promotion.
APCALC-LEGACY-MCQ-1985-031,public_release_blocked,AP Calculus historical archive,49; 43,C,,Preserved in the canonical teacher/archive bank. Excluded from the public GitHub Pages student pool because the source metadata permits school-internal use only and page-by-page transcription signoff is pending.,C,verified,Keep redacted from public student practice; verify source/transcription and obtain release authorization before promotion.
APCALC-LEGACY-MCQ-1985-032,public_release_blocked,AP Calculus historical archive,49; 43,D,,Preserved in the canonical teacher/archive bank. Excluded from the public GitHub Pages student pool because the source metadata permits school-internal use only and page-by-page transcription signoff is pending.,D,verified,Keep redacted from public student practice; verify source/transcription and obtain release authorization before promotion.
APCALC-LEGACY-MCQ-1985-033,public_release_blocked,AP Calculus historical archive,49; 43,B,,Complete independent source and mathematical verification passed. Required source/choice visual is unavailable in a student-usable form; the record is preserved as teacher/archive-only until exact media is supplied.,B,verified,Keep redacted from public student practice; verify source/transcription and obtain release authorization before promotion.
APCALC-LEGACY-MCQ-1985-034,public_release_blocked,AP Calculus historical archive,50; 44,A,,Preserved in the canonical teacher/archive bank. Excluded from the public GitHub Pages student pool because the source metadata permits school-internal use only and page-by-page transcription signoff is pending.,A,verified,Keep redacted from public student practice; verify source/transcription and obtain release authorization before promotion.
APCALC-LEGACY-MCQ-1985-035,public_release_blocked,AP Calculus historical archive,50; 44,D,,Preserved in the canonical teacher/archive bank. Excluded from the public GitHub Pages student pool because the source metadata permits school-internal use only and page-by-page transcription signoff is pending.,D,verified,Keep redacted from public student practice; verify source/transcription and obtain release authorization before promotion.
APCALC-LEGACY-MCQ-1985-036,public_release_blocked,AP Calculus historical archive,50; 44,B,,Preserved in the canonical teacher/archive bank. Excluded from the public GitHub Pages student pool because the source metadata permits school-internal use only and page-by-page transcription signoff is pending.,B,verified,Keep redacted from public student practice; verify source/transcription and obtain release authorization before promotion.
APCALC-LEGACY-MCQ-1985-037,public_release_blocked,AP Calculus historical archive,50; 44,D,,Preserved in the canonical teacher/archive bank. Excluded from the public GitHub Pages student pool because the source metadata permits school-internal use only and page-by-page transcription signoff is pending.,D,verified,Keep redacted from public student practice; verify source/transcription and obtain release authorization before promotion.
APCALC-LEGACY-MCQ-1985-038,public_release_blocked,AP Calculus historical archive,51; 45,C,,Preserved in the canonical teacher/archive bank. Excluded from the public GitHub Pages student pool because the source metadata permits school-internal use only and page-by-page transcription signoff is pending.,C,verified,Keep redacted from public student practice; verify source/transcription and obtain release authorization before promotion.
APCALC-LEGACY-MCQ-1985-039,public_release_blocked,AP Calculus historical archive,51; 45,E,,Preserved in the canonical teacher/archive bank. Excluded from the public GitHub Pages student pool because the source metadata permits school-internal use only and page-by-page transcription signoff is pending.,E,verified,Keep redacted from public student practice; verify source/transcription and obtain release authorization before promotion.
APCALC-LEGACY-MCQ-1985-040,public_release_blocked,AP Calculus historical archive,51; 45,D,,Preserved in the canonical teacher/archive bank. Excluded from the public GitHub Pages student pool because the source metadata permits school-internal use only and page-by-page transcription signoff is pending.,D,verified,Keep redacted from public student practice; verify source/transcription and obtain release authorization before promotion.
APCALC-LEGACY-MCQ-1985-041,public_release_blocked,AP Calculus historical archive,51; 45,E,,Preserved in the canonical teacher/archive bank. Excluded from the public GitHub Pages student pool because the source metadata permits school-internal use only and page-by-page transcription signoff is pending.,E,verified,Keep redacted from public student practice; verify source/transcription and obtain release authorization before promotion.
APCALC-LEGACY-MCQ-1985-042,public_release_blocked,AP Calculus historical archive,52; 46,C,,Preserved in the canonical teacher/archive bank. Excluded from the public GitHub Pages student pool because the source metadata permits school-internal use only and page-by-page transcription signoff is pending.,C,verified,Keep redacted from public student practice; verify source/transcription and obtain release authorization before promotion.
APCALC-LEGACY-MCQ-1985-043,public_release_blocked,AP Calculus historical archive,52; 46,B,,Preserved in the canonical teacher/archive bank. Excluded from the public GitHub Pages student pool because the source metadata permits school-internal use only and page-by-page transcription signoff is pending.,B,verified,Keep redacted from public student practice; verify source/transcription and obtain release authorization before promotion.
APCALC-LEGACY-MCQ-1985-044,public_release_blocked,AP Calculus historical archive,52; 46,A,,Preserved in the canonical teacher/archive bank. Excluded from the public GitHub Pages student pool because the source metadata permits school-internal use only and page-by-page transcription signoff is pending.,A,verified,Keep redacted from public student practice; verify source/transcription and obtain release authorization before promotion.
APCALC-LEGACY-MCQ-1985-045,public_release_blocked,AP Calculus historical archive,52; 46,A,,Preserved in the canonical teacher/archive bank. Excluded from the public GitHub Pages student pool because the source metadata permits school-internal use only and page-by-page transcription signoff is pending.,A,verified,Keep redacted from public student practice; verify source/transcription and obtain release authorization before promotion.
APCALC-LEGACY-MCQ-1988-001,public_release_blocked,AP Calculus historical archive,63; 57,C,,Preserved in the canonical teacher/archive bank. Excluded from the public GitHub Pages student pool because the source metadata permits school-internal use only and page-by-page transcription signoff is pending.,C,verified,Keep redacted from public student practice; verify source/transcription and obtain release authorization before promotion.
APCALC-LEGACY-MCQ-1988-002,public_release_blocked,AP Calculus historical archive,63; 57,D,,Preserved in the canonical teacher/archive bank. Excluded from the public GitHub Pages student pool because the source metadata permits school-internal use only and page-by-page transcription signoff is pending.,D,verified,Keep redacted from public student practice; verify source/transcription and obtain release authorization before promotion.
APCALC-LEGACY-MCQ-1988-003,public_release_blocked,AP Calculus historical archive,63; 57,A,,Preserved in the canonical teacher/archive bank. Excluded from the public GitHub Pages student pool because the source metadata permits school-internal use only and page-by-page transcription signoff is pending.,A,verified,Keep redacted from public student practice; verify source/transcription and obtain release authorization before promotion.
APCALC-LEGACY-MCQ-1988-004,public_release_blocked,AP Calculus historical archive,63; 57,E,,Preserved in the canonical teacher/archive bank. Excluded from the public GitHub Pages student pool because the source metadata permits school-internal use only and page-by-page transcription signoff is pending.,E,verified,Keep redacted from public student practice; verify source/transcription and obtain release authorization before promotion.
APCALC-LEGACY-MCQ-1988-005,public_release_blocked,AP Calculus historical archive,63; 57,A,,Preserved in the canonical teacher/archive bank. Excluded from the public GitHub Pages student pool because the source metadata permits school-internal use only and page-by-page transcription signoff is pending.,A,verified,Keep redacted from public student practice; verify source/transcription and obtain release authorization before promotion.
APCALC-LEGACY-MCQ-1988-006,public_release_blocked,AP Calculus historical archive,64; 58,D,,Preserved in the canonical teacher/archive bank. Excluded from the public GitHub Pages student pool because the source metadata permits school-internal use only and page-by-page transcription signoff is pending.,D,verified,Keep redacted from public student practice; verify source/transcription and obtain release authorization before promotion.
APCALC-LEGACY-MCQ-1988-007,public_release_blocked,AP Calculus historical archive,64; 58,D,,Preserved in the canonical teacher/archive bank. Excluded from the public GitHub Pages student pool because the source metadata permits school-internal use only and page-by-page transcription signoff is pending.,D,verified,Keep redacted from public student practice; verify source/transcription and obtain release authorization before promotion.
APCALC-LEGACY-MCQ-1988-008,public_release_blocked,AP Calculus historical archive,64; 58,B,,Preserved in the canonical teacher/archive bank. Excluded from the public GitHub Pages student pool because the source metadata permits school-internal use only and page-by-page transcription signoff is pending.,B,verified,Keep redacted from public student practice; verify source/transcription and obtain release authorization before promotion.
APCALC-LEGACY-MCQ-1988-009,public_release_blocked,AP Calculus historical archive,65; 59,E,,Preserved in the canonical teacher/archive bank. Excluded from the public GitHub Pages student pool because the source metadata permits school-internal use only and page-by-page transcription signoff is pending.,E,verified,Keep redacted from public student practice; verify source/transcription and obtain release authorization before promotion.
APCALC-LEGACY-MCQ-1988-010,public_release_blocked,AP Calculus historical archive,65; 59,C,,Preserved in the canonical teacher/archive bank. Excluded from the public GitHub Pages student pool because the source metadata permits school-internal use only and page-by-page transcription signoff is pending.,C,verified,Keep redacted from public student practice; verify source/transcription and obtain release authorization before promotion.
APCALC-LEGACY-MCQ-1988-011,public_release_blocked,AP Calculus historical archive,65; 59,A,,Preserved in the canonical teacher/archive bank. Excluded from the public GitHub Pages student pool because the source metadata permits school-internal use only and page-by-page transcription signoff is pending.,A,verified,Keep redacted from public student practice; verify source/transcription and obtain release authorization before promotion.
APCALC-LEGACY-MCQ-1988-012,public_release_blocked,AP Calculus historical archive,65; 59,B,,Preserved in the canonical teacher/archive bank. Excluded from the public GitHub Pages student pool because the source metadata permits school-internal use only and page-by-page transcription signoff is pending.,B,verified,Keep redacted from public student practice; verify source/transcription and obtain release authorization before promotion.
APCALC-LEGACY-MCQ-1988-013,public_release_blocked,AP Calculus historical archive,65; 59,A,,Preserved in the canonical teacher/archive bank. Excluded from the public GitHub Pages student pool because the source metadata permits school-internal use only and page-by-page transcription signoff is pending.,A,verified,Keep redacted from public student practice; verify source/transcription and obtain release authorization before promotion.
APCALC-LEGACY-MCQ-1988-014,public_release_blocked,AP Calculus historical archive,65; 59,D,,Preserved in the canonical teacher/archive bank. Excluded from the public GitHub Pages student pool because the source metadata permits school-internal use only and page-by-page transcription signoff is pending.,D,verified,Keep redacted from public student practice; verify source/transcription and obtain release authorization before promotion.
APCALC-LEGACY-MCQ-1988-015,public_release_blocked,AP Calculus historical archive,66; 60,B,,Preserved in the canonical teacher/archive bank. Excluded from the public GitHub Pages student pool because the source metadata permits school-internal use only and page-by-page transcription signoff is pending.,B,verified,Keep redacted from public student practice; verify source/transcription and obtain release authorization before promotion.
APCALC-LEGACY-MCQ-1988-016,public_release_blocked,AP Calculus historical archive,66; 60,C,,Preserved in the canonical teacher/archive bank. Excluded from the public GitHub Pages student pool because the source metadata permits school-internal use only and page-by-page transcription signoff is pending.,C,verified,Keep redacted from public student practice; verify source/transcription and obtain release authorization before promotion.
APCALC-LEGACY-MCQ-1988-017,public_release_blocked,AP Calculus historical archive,66; 60,D,,Preserved in the canonical teacher/archive bank. Excluded from the public GitHub Pages student pool because the source metadata permits school-internal use only and page-by-page transcription signoff is pending.,D,verified,Keep redacted from public student practice; verify source/transcription and obtain release authorization before promotion.
APCALC-LEGACY-MCQ-1988-018,public_release_blocked,AP Calculus historical archive,66; 60,E,,Preserved in the canonical teacher/archive bank. Excluded from the public GitHub Pages student pool because the source metadata permits school-internal use only and page-by-page transcription signoff is pending.,E,verified,Keep redacted from public student practice; verify source/transcription and obtain release authorization before promotion.
APCALC-LEGACY-MCQ-1988-019,public_release_blocked,AP Calculus historical archive,66; 60,B,,Preserved in the canonical teacher/archive bank. Excluded from the public GitHub Pages student pool because the source metadata permits school-internal use only and page-by-page transcription signoff is pending.,B,verified,Keep redacted from public student practice; verify source/transcription and obtain release authorization before promotion.
APCALC-LEGACY-MCQ-1988-020,public_release_blocked,AP Calculus historical archive,66; 60,C,,Preserved in the canonical teacher/archive bank. Excluded from the public GitHub Pages student pool because the source metadata permits school-internal use only and page-by-page transcription signoff is pending.,C,verified,Keep redacted from public student practice; verify source/transcription and obtain release authorization before promotion.
APCALC-LEGACY-MCQ-1988-021,public_release_blocked,AP Calculus historical archive,67; 61,C,,Preserved in the canonical teacher/archive bank. Excluded from the public GitHub Pages student pool because the source metadata permits school-internal use only and page-by-page transcription signoff is pending.,C,verified,Keep redacted from public student practice; verify source/transcription and obtain release authorization before promotion.
APCALC-LEGACY-MCQ-1988-022,public_release_blocked,AP Calculus historical archive,67; 61,C,,Preserved in the canonical teacher/archive bank. Excluded from the public GitHub Pages student pool because the source metadata permits school-internal use only and page-by-page transcription signoff is pending.,C,verified,Keep redacted from public student practice; verify source/transcription and obtain release authorization before promotion.
APCALC-LEGACY-MCQ-1988-023,public_release_blocked,AP Calculus historical archive,67; 61,B,,Preserved in the canonical teacher/archive bank. Excluded from the public GitHub Pages student pool because the source metadata permits school-internal use only and page-by-page transcription signoff is pending.,B,verified,Keep redacted from public student practice; verify source/transcription and obtain release authorization before promotion.
APCALC-LEGACY-MCQ-1988-024,public_release_blocked,AP Calculus historical archive,67; 61,C,,Preserved in the canonical teacher/archive bank. Excluded from the public GitHub Pages student pool because the source metadata permits school-internal use only and page-by-page transcription signoff is pending.,C,verified,Keep redacted from public student practice; verify source/transcription and obtain release authorization before promotion.
APCALC-LEGACY-MCQ-1988-025,public_release_blocked,AP Calculus historical archive,67; 61,B,,Preserved in the canonical teacher/archive bank. Excluded from the public GitHub Pages student pool because the source metadata permits school-internal use only and page-by-page transcription signoff is pending.,B,verified,Keep redacted from public student practice; verify source/transcription and obtain release authorization before promotion.
APCALC-LEGACY-MCQ-1988-026,public_release_blocked,AP Calculus historical archive,67; 61,E,,Preserved in the canonical teacher/archive bank. Excluded from the public GitHub Pages student pool because the source metadata permits school-internal use only and page-by-page transcription signoff is pending.,E,verified,Keep redacted from public student practice; verify source/transcription and obtain release authorization before promotion.
APCALC-LEGACY-MCQ-1988-027,public_release_blocked,AP Calculus historical archive,68; 62,E,,Preserved in the canonical teacher/archive bank. Excluded from the public GitHub Pages student pool because the source metadata permits school-internal use only and page-by-page transcription signoff is pending.,E,verified,Keep redacted from public student practice; verify source/transcription and obtain release authorization before promotion.
APCALC-LEGACY-MCQ-1988-028,public_release_blocked,AP Calculus historical archive,68; 62,C,,Preserved in the canonical teacher/archive bank. Excluded from the public GitHub Pages student pool because the source metadata permits school-internal use only and page-by-page transcription signoff is pending.,C,verified,Keep redacted from public student practice; verify source/transcription and obtain release authorization before promotion.
APCALC-LEGACY-MCQ-1988-029,public_release_blocked,AP Calculus historical archive,68; 62,B,,Preserved in the canonical teacher/archive bank. Excluded from the public GitHub Pages student pool because the source metadata permits school-internal use only and page-by-page transcription signoff is pending.,B,verified,Keep redacted from public student practice; verify source/transcription and obtain release authorization before promotion.
APCALC-LEGACY-MCQ-1988-030,public_release_blocked,AP Calculus historical archive,68; 62,A,,Cylindrical shells are not in the current AP Calculus AB/BC course framework used by the portal.,A,verified,Keep redacted from public student practice; verify source/transcription and obtain release authorization before promotion.
APCALC-LEGACY-MCQ-1988-031,public_release_blocked,AP Calculus historical archive,69; 63,C,,Preserved in the canonical teacher/archive bank. Excluded from the public GitHub Pages student pool because the source metadata permits school-internal use only and page-by-page transcription signoff is pending.,C,verified,Keep redacted from public student practice; verify source/transcription and obtain release authorization before promotion.
APCALC-LEGACY-MCQ-1988-032,public_release_blocked,AP Calculus historical archive,69; 63,A,,Preserved in the canonical teacher/archive bank. Excluded from the public GitHub Pages student pool because the source metadata permits school-internal use only and page-by-page transcription signoff is pending.,A,verified,Keep redacted from public student practice; verify source/transcription and obtain release authorization before promotion.
APCALC-LEGACY-MCQ-1988-033,public_release_blocked,AP Calculus historical archive,69; 63,A,,Preserved in the canonical teacher/archive bank. Excluded from the public GitHub Pages student pool because the source metadata permits school-internal use only and page-by-page transcription signoff is pending.,A,verified,Keep redacted from public student practice; verify source/transcription and obtain release authorization before promotion.
APCALC-LEGACY-MCQ-1988-034,public_release_blocked,AP Calculus historical archive,69; 63,D,,Preserved in the canonical teacher/archive bank. Excluded from the public GitHub Pages student pool because the source metadata permits school-internal use only and page-by-page transcription signoff is pending.,D,verified,Keep redacted from public student practice; verify source/transcription and obtain release authorization before promotion.
APCALC-LEGACY-MCQ-1988-035,public_release_blocked,AP Calculus historical archive,70; 64,B,,Preserved in the canonical teacher/archive bank. Excluded from the public GitHub Pages student pool because the source metadata permits school-internal use only and page-by-page transcription signoff is pending.,B,verified,Keep redacted from public student practice; verify source/transcription and obtain release authorization before promotion.
APCALC-LEGACY-MCQ-1988-036,public_release_blocked,AP Calculus historical archive,70; 64,C,,Preserved in the canonical teacher/archive bank. Excluded from the public GitHub Pages student pool because the source metadata permits school-internal use only and page-by-page transcription signoff is pending.,C,verified,Keep redacted from public student practice; verify source/transcription and obtain release authorization before promotion.
APCALC-LEGACY-MCQ-1988-037,public_release_blocked,AP Calculus historical archive,70; 64,D,,Preserved in the canonical teacher/archive bank. Excluded from the public GitHub Pages student pool because the source metadata permits school-internal use only and page-by-page transcription signoff is pending.,D,verified,Keep redacted from public student practice; verify source/transcription and obtain release authorization before promotion.
APCALC-LEGACY-MCQ-1988-038,public_release_blocked,AP Calculus historical archive,70; 64,E,,Preserved in the canonical teacher/archive bank. Excluded from the public GitHub Pages student pool because the source metadata permits school-internal use only and page-by-page transcription signoff is pending.,E,verified,Keep redacted from public student practice; verify source/transcription and obtain release authorization before promotion.
APCALC-LEGACY-MCQ-1988-039,public_release_blocked,AP Calculus historical archive,70; 64,E,,Preserved in the canonical teacher/archive bank. Excluded from the public GitHub Pages student pool because the source metadata permits school-internal use only and page-by-page transcription signoff is pending.,E,verified,Keep redacted from public student practice; verify source/transcription and obtain release authorization before promotion.
APCALC-LEGACY-MCQ-1988-040,public_release_blocked,AP Calculus historical archive,71; 65,B,,Preserved in the canonical teacher/archive bank. Excluded from the public GitHub Pages student pool because the source metadata permits school-internal use only and page-by-page transcription signoff is pending.,B,verified,Keep redacted from public student practice; verify source/transcription and obtain release authorization before promotion.
APCALC-LEGACY-MCQ-1988-041,public_release_blocked,AP Calculus historical archive,71; 65,A,,Preserved in the canonical teacher/archive bank. Excluded from the public GitHub Pages student pool because the source metadata permits school-internal use only and page-by-page transcription signoff is pending.,A,verified,Keep redacted from public student practice; verify source/transcription and obtain release authorization before promotion.
APCALC-LEGACY-MCQ-1988-042,public_release_blocked,AP Calculus historical archive,71; 65,C,,Preserved in the canonical teacher/archive bank. Excluded from the public GitHub Pages student pool because the source metadata permits school-internal use only and page-by-page transcription signoff is pending.,C,verified,Keep redacted from public student practice; verify source/transcription and obtain release authorization before promotion.
APCALC-LEGACY-MCQ-1988-043,public_release_blocked,AP Calculus historical archive,71; 65,B,,Preserved in the canonical teacher/archive bank. Excluded from the public GitHub Pages student pool because the source metadata permits school-internal use only and page-by-page transcription signoff is pending.,B,verified,Keep redacted from public student practice; verify source/transcription and obtain release authorization before promotion.
APCALC-LEGACY-MCQ-1988-044,public_release_blocked,AP Calculus historical archive,72; 66,C,,Preserved in the canonical teacher/archive bank. Excluded from the public GitHub Pages student pool because the source metadata permits school-internal use only and page-by-page transcription signoff is pending.,C,verified,Keep redacted from public student practice; verify source/transcription and obtain release authorization before promotion.
APCALC-LEGACY-MCQ-1988-045,public_release_blocked,AP Calculus historical archive,72; 66,D,,Preserved in the canonical teacher/archive bank. Excluded from the public GitHub Pages student pool because the source metadata permits school-internal use only and page-by-page transcription signoff is pending.,D,verified,Keep redacted from public student practice; verify source/transcription and obtain release authorization before promotion.
APCALC-LEGACY-MCQ-1993-001,public_release_blocked,AP Calculus historical archive,84; 78,C,,Preserved in the canonical teacher/archive bank. Excluded from the public GitHub Pages student pool because the source metadata permits school-internal use only and page-by-page transcription signoff is pending.,C,verified,Keep redacted from public student practice; verify source/transcription and obtain release authorization before promotion.
APCALC-LEGACY-MCQ-1993-002,public_release_blocked,AP Calculus historical archive,84; 78,B,,Preserved in the canonical teacher/archive bank. Excluded from the public GitHub Pages student pool because the source metadata permits school-internal use only and page-by-page transcription signoff is pending.,B,verified,Keep redacted from public student practice; verify source/transcription and obtain release authorization before promotion.
APCALC-LEGACY-MCQ-1993-003,public_release_blocked,AP Calculus historical archive,84; 78,D,,Preserved in the canonical teacher/archive bank. Excluded from the public GitHub Pages student pool because the source metadata permits school-internal use only and page-by-page transcription signoff is pending.,D,verified,Keep redacted from public student practice; verify source/transcription and obtain release authorization before promotion.
APCALC-LEGACY-MCQ-1993-004,public_release_blocked,AP Calculus historical archive,85; 79,A,,Preserved in the canonical teacher/archive bank. Excluded from the public GitHub Pages student pool because the source metadata permits school-internal use only and page-by-page transcription signoff is pending.,A,verified,Keep redacted from public student practice; verify source/transcription and obtain release authorization before promotion.
APCALC-LEGACY-MCQ-1993-005,public_release_blocked,AP Calculus historical archive,85; 79,A,,Preserved in the canonical teacher/archive bank. Excluded from the public GitHub Pages student pool because the source metadata permits school-internal use only and page-by-page transcription signoff is pending.,A,verified,Keep redacted from public student practice; verify source/transcription and obtain release authorization before promotion.
APCALC-LEGACY-MCQ-1993-006,public_release_blocked,AP Calculus historical archive,85; 79,D,,Preserved in the canonical teacher/archive bank. Excluded from the public GitHub Pages student pool because the source metadata permits school-internal use only and page-by-page transcription signoff is pending.,D,verified,Keep redacted from public student practice; verify source/transcription and obtain release authorization before promotion.
APCALC-LEGACY-MCQ-1993-007,public_release_blocked,AP Calculus historical archive,85; 79,B,,Preserved in the canonical teacher/archive bank. Excluded from the public GitHub Pages student pool because the source metadata permits school-internal use only and page-by-page transcription signoff is pending.,B,verified,Keep redacted from public student practice; verify source/transcription and obtain release authorization before promotion.
APCALC-LEGACY-MCQ-1993-008,public_release_blocked,AP Calculus historical archive,86; 80,E,,Preserved in the canonical teacher/archive bank. Excluded from the public GitHub Pages student pool because the source metadata permits school-internal use only and page-by-page transcription signoff is pending.,E,verified,Keep redacted from public student practice; verify source/transcription and obtain release authorization before promotion.
APCALC-LEGACY-MCQ-1993-009,public_release_blocked,AP Calculus historical archive,86; 80,E,,Preserved in the canonical teacher/archive bank. Excluded from the public GitHub Pages student pool because the source metadata permits school-internal use only and page-by-page transcription signoff is pending.,E,verified,Keep redacted from public student practice; verify source/transcription and obtain release authorization before promotion.
APCALC-LEGACY-MCQ-1993-010,public_release_blocked,AP Calculus historical archive,86; 80,D,,Preserved in the canonical teacher/archive bank. Excluded from the public GitHub Pages student pool because the source metadata permits school-internal use only and page-by-page transcription signoff is pending.,D,verified,Keep redacted from public student practice; verify source/transcription and obtain release authorization before promotion.
APCALC-LEGACY-MCQ-1993-011,public_release_blocked,AP Calculus historical archive,86; 80,C,,Preserved in the canonical teacher/archive bank. Excluded from the public GitHub Pages student pool because the source metadata permits school-internal use only and page-by-page transcription signoff is pending.,C,verified,Keep redacted from public student practice; verify source/transcription and obtain release authorization before promotion.
APCALC-LEGACY-MCQ-1993-012,public_release_blocked,AP Calculus historical archive,86; 80,B,,Preserved in the canonical teacher/archive bank. Excluded from the public GitHub Pages student pool because the source metadata permits school-internal use only and page-by-page transcription signoff is pending.,B,verified,Keep redacted from public student practice; verify source/transcription and obtain release authorization before promotion.
APCALC-LEGACY-MCQ-1993-013,public_release_blocked,AP Calculus historical archive,87; 81,A,,Preserved in the canonical teacher/archive bank. Excluded from the public GitHub Pages student pool because the source metadata permits school-internal use only and page-by-page transcription signoff is pending.,A,verified,Keep redacted from public student practice; verify source/transcription and obtain release authorization before promotion.
APCALC-LEGACY-MCQ-1993-014,public_release_blocked,AP Calculus historical archive,87; 81,A,,Preserved in the canonical teacher/archive bank. Excluded from the public GitHub Pages student pool because the source metadata permits school-internal use only and page-by-page transcription signoff is pending.,A,verified,Keep redacted from public student practice; verify source/transcription and obtain release authorization before promotion.
APCALC-LEGACY-MCQ-1993-015,public_release_blocked,AP Calculus historical archive,87; 81,D,,Preserved in the canonical teacher/archive bank. Excluded from the public GitHub Pages student pool because the source metadata permits school-internal use only and page-by-page transcription signoff is pending.,D,verified,Keep redacted from public student practice; verify source/transcription and obtain release authorization before promotion.
APCALC-LEGACY-MCQ-1993-016,public_release_blocked,AP Calculus historical archive,87; 81,B,,Preserved in the canonical teacher/archive bank. Excluded from the public GitHub Pages student pool because the source metadata permits school-internal use only and page-by-page transcription signoff is pending.,B,verified,Keep redacted from public student practice; verify source/transcription and obtain release authorization before promotion.
APCALC-LEGACY-MCQ-1993-017,public_release_blocked,AP Calculus historical archive,88; 82,E,,Preserved in the canonical teacher/archive bank. Excluded from the public GitHub Pages student pool because the source metadata permits school-internal use only and page-by-page transcription signoff is pending.,E,verified,Keep redacted from public student practice; verify source/transcription and obtain release authorization before promotion.
APCALC-LEGACY-MCQ-1993-018,public_release_blocked,AP Calculus historical archive,88; 82,D,,Preserved in the canonical teacher/archive bank. Excluded from the public GitHub Pages student pool because the source metadata permits school-internal use only and page-by-page transcription signoff is pending.,D,verified,Keep redacted from public student practice; verify source/transcription and obtain release authorization before promotion.
APCALC-LEGACY-MCQ-1993-019,public_release_blocked,AP Calculus historical archive,88; 82,E,,Preserved in the canonical teacher/archive bank. Excluded from the public GitHub Pages student pool because the source metadata permits school-internal use only and page-by-page transcription signoff is pending.,E,verified,Keep redacted from public student practice; verify source/transcription and obtain release authorization before promotion.
APCALC-LEGACY-MCQ-1993-020,public_release_blocked,AP Calculus historical archive,89; 83,B,,Cylindrical shells are not in the current AP Calculus AB/BC course framework used by the portal.,B,verified,Keep redacted from public student practice; verify source/transcription and obtain release authorization before promotion.
APCALC-LEGACY-MCQ-1993-021,public_release_blocked,AP Calculus historical archive,89; 83,C,,Preserved in the canonical teacher/archive bank. Excluded from the public GitHub Pages student pool because the source metadata permits school-internal use only and page-by-page transcription signoff is pending.,C,verified,Keep redacted from public student practice; verify source/transcription and obtain release authorization before promotion.
APCALC-LEGACY-MCQ-1993-022,public_release_blocked,AP Calculus historical archive,89; 83,E,,Preserved in the canonical teacher/archive bank. Excluded from the public GitHub Pages student pool because the source metadata permits school-internal use only and page-by-page transcription signoff is pending.,E,verified,Keep redacted from public student practice; verify source/transcription and obtain release authorization before promotion.
APCALC-LEGACY-MCQ-1993-023,public_release_blocked,AP Calculus historical archive,89; 83,C,,Preserved in the canonical teacher/archive bank. Excluded from the public GitHub Pages student pool because the source metadata permits school-internal use only and page-by-page transcription signoff is pending.,C,verified,Keep redacted from public student practice; verify source/transcription and obtain release authorization before promotion.
APCALC-LEGACY-MCQ-1993-024,public_release_blocked,AP Calculus historical archive,89; 83,A,,Preserved in the canonical teacher/archive bank. Excluded from the public GitHub Pages student pool because the source metadata permits school-internal use only and page-by-page transcription signoff is pending.,A,verified,Keep redacted from public student practice; verify source/transcription and obtain release authorization before promotion.
APCALC-LEGACY-MCQ-1993-025,public_release_blocked,AP Calculus historical archive,90; 84,C,,Preserved in the canonical teacher/archive bank. Excluded from the public GitHub Pages student pool because the source metadata permits school-internal use only and page-by-page transcription signoff is pending.,C,verified,Keep redacted from public student practice; verify source/transcription and obtain release authorization before promotion.
APCALC-LEGACY-MCQ-1993-026,public_release_blocked,AP Calculus historical archive,90; 84,D,,Preserved in the canonical teacher/archive bank. Excluded from the public GitHub Pages student pool because the source metadata permits school-internal use only and page-by-page transcription signoff is pending.,D,verified,Keep redacted from public student practice; verify source/transcription and obtain release authorization before promotion.
APCALC-LEGACY-MCQ-1993-027,public_release_blocked,AP Calculus historical archive,90; 84,C,,Preserved in the canonical teacher/archive bank. Excluded from the public GitHub Pages student pool because the source metadata permits school-internal use only and page-by-page transcription signoff is pending.,C,verified,Keep redacted from public student practice; verify source/transcription and obtain release authorization before promotion.
APCALC-LEGACY-MCQ-1993-028,public_release_blocked,AP Calculus historical archive,90; 84,B,,Preserved in the canonical teacher/archive bank. Excluded from the public GitHub Pages student pool because the source metadata permits school-internal use only and page-by-page transcription signoff is pending.,B,verified,Keep redacted from public student practice; verify source/transcription and obtain release authorization before promotion.
APCALC-LEGACY-MCQ-1993-029,public_release_blocked,AP Calculus historical archive,90; 84,C,,Preserved in the canonical teacher/archive bank. Excluded from the public GitHub Pages student pool because the source metadata permits school-internal use only and page-by-page transcription signoff is pending.,C,verified,Keep redacted from public student practice; verify source/transcription and obtain release authorization before promotion.
APCALC-LEGACY-MCQ-1993-030,public_release_blocked,AP Calculus historical archive,90; 84,C,,Preserved in the canonical teacher/archive bank. Excluded from the public GitHub Pages student pool because the source metadata permits school-internal use only and page-by-page transcription signoff is pending.,C,verified,Keep redacted from public student practice; verify source/transcription and obtain release authorization before promotion.
APCALC-LEGACY-MCQ-1993-031,public_release_blocked,AP Calculus historical archive,91; 85,E,,Preserved in the canonical teacher/archive bank. Excluded from the public GitHub Pages student pool because the source metadata permits school-internal use only and page-by-page transcription signoff is pending.,E,verified,Keep redacted from public student practice; verify source/transcription and obtain release authorization before promotion.
APCALC-LEGACY-MCQ-1993-032,public_release_blocked,AP Calculus historical archive,91; 85,A,,Preserved in the canonical teacher/archive bank. Excluded from the public GitHub Pages student pool because the source metadata permits school-internal use only and page-by-page transcription signoff is pending.,A,verified,Keep redacted from public student practice; verify source/transcription and obtain release authorization before promotion.
APCALC-LEGACY-MCQ-1993-033,public_release_blocked,AP Calculus historical archive,91; 85,B,,Preserved in the canonical teacher/archive bank. Excluded from the public GitHub Pages student pool because the source metadata permits school-internal use only and page-by-page transcription signoff is pending.,B,verified,Keep redacted from public student practice; verify source/transcription and obtain release authorization before promotion.
APCALC-LEGACY-MCQ-1993-034,public_release_blocked,AP Calculus historical archive,91; 85,D,,Preserved in the canonical teacher/archive bank. Excluded from the public GitHub Pages student pool because the source metadata permits school-internal use only and page-by-page transcription signoff is pending.,D,verified,Keep redacted from public student practice; verify source/transcription and obtain release authorization before promotion.
APCALC-LEGACY-MCQ-1993-035,public_release_blocked,AP Calculus historical archive,91; 85,E,,Preserved in the canonical teacher/archive bank. Excluded from the public GitHub Pages student pool because the source metadata permits school-internal use only and page-by-page transcription signoff is pending.,E,verified,Keep redacted from public student practice; verify source/transcription and obtain release authorization before promotion.
APCALC-LEGACY-MCQ-1993-036,public_release_blocked,AP Calculus historical archive,92; 86,D,,Preserved in the canonical teacher/archive bank. Excluded from the public GitHub Pages student pool because the source metadata permits school-internal use only and page-by-page transcription signoff is pending.,D,verified,Keep redacted from public student practice; verify source/transcription and obtain release authorization before promotion.
APCALC-LEGACY-MCQ-1993-037,public_release_blocked,AP Calculus historical archive,92; 86,C,,Preserved in the canonical teacher/archive bank. Excluded from the public GitHub Pages student pool because the source metadata permits school-internal use only and page-by-page transcription signoff is pending.,C,verified,Keep redacted from public student practice; verify source/transcription and obtain release authorization before promotion.
APCALC-LEGACY-MCQ-1993-038,public_release_blocked,AP Calculus historical archive,92; 86,A,,Preserved in the canonical teacher/archive bank. Excluded from the public GitHub Pages student pool because the source metadata permits school-internal use only and page-by-page transcription signoff is pending.,A,verified,Keep redacted from public student practice; verify source/transcription and obtain release authorization before promotion.
APCALC-LEGACY-MCQ-1993-039,public_release_blocked,AP Calculus historical archive,92; 86,D,,Preserved in the canonical teacher/archive bank. Excluded from the public GitHub Pages student pool because the source metadata permits school-internal use only and page-by-page transcription signoff is pending.,D,verified,Keep redacted from public student practice; verify source/transcription and obtain release authorization before promotion.
APCALC-LEGACY-MCQ-1993-040,public_release_blocked,AP Calculus historical archive,93; 87,C,,Complete independent source and mathematical verification passed. Required source/choice visual is unavailable in a student-usable form; the record is preserved as teacher/archive-only until exact media is supplied.,C,verified,Keep redacted from public student practice; verify source/transcription and obtain release authorization before promotion.
APCALC-LEGACY-MCQ-1993-041,public_release_blocked,AP Calculus historical archive,93; 87,D,,Preserved in the canonical teacher/archive bank. Excluded from the public GitHub Pages student pool because the source metadata permits school-internal use only and page-by-page transcription signoff is pending.,D,verified,Keep redacted from public student practice; verify source/transcription and obtain release authorization before promotion.
APCALC-LEGACY-MCQ-1993-042,public_release_blocked,AP Calculus historical archive,93; 87,B,,Preserved in the canonical teacher/archive bank. Excluded from the public GitHub Pages student pool because the source metadata permits school-internal use only and page-by-page transcription signoff is pending.,B,verified,Keep redacted from public student practice; verify source/transcription and obtain release authorization before promotion.
APCALC-LEGACY-MCQ-1993-043,public_release_blocked,AP Calculus historical archive,94; 88,B,,Preserved in the canonical teacher/archive bank. Excluded from the public GitHub Pages student pool because the source metadata permits school-internal use only and page-by-page transcription signoff is pending.,B,verified,Keep redacted from public student practice; verify source/transcription and obtain release authorization before promotion.
APCALC-LEGACY-MCQ-1993-044,public_release_blocked,AP Calculus historical archive,94; 88,C,,Preserved in the canonical teacher/archive bank. Excluded from the public GitHub Pages student pool because the source metadata permits school-internal use only and page-by-page transcription signoff is pending.,C,verified,Keep redacted from public student practice; verify source/transcription and obtain release authorization before promotion.
APCALC-LEGACY-MCQ-1993-045,public_release_blocked,AP Calculus historical archive,94; 88,B,,Newton's method is historical enrichment without a verified current lesson mapping.,B,verified,Keep redacted from public student practice; verify source/transcription and obtain release authorization before promotion.
APCALC-LEGACY-MCQ-1997-001,public_release_blocked,AP Calculus historical archive,106; 100,C,,Preserved in the canonical teacher/archive bank. Excluded from the public GitHub Pages student pool because the source metadata permits school-internal use only and page-by-page transcription signoff is pending.,C,verified,Keep redacted from public student practice; verify source/transcription and obtain release authorization before promotion.
APCALC-LEGACY-MCQ-1997-002,public_release_blocked,AP Calculus historical archive,106; 100,A,,Preserved in the canonical teacher/archive bank. Excluded from the public GitHub Pages student pool because the source metadata permits school-internal use only and page-by-page transcription signoff is pending.,A,verified,Keep redacted from public student practice; verify source/transcription and obtain release authorization before promotion.
APCALC-LEGACY-MCQ-1997-003,public_release_blocked,AP Calculus historical archive,106; 100,C,,Preserved in the canonical teacher/archive bank. Excluded from the public GitHub Pages student pool because the source metadata permits school-internal use only and page-by-page transcription signoff is pending.,C,verified,Keep redacted from public student practice; verify source/transcription and obtain release authorization before promotion.
APCALC-LEGACY-MCQ-1997-004,public_release_blocked,AP Calculus historical archive,106; 100,D,,Preserved in the canonical teacher/archive bank. Excluded from the public GitHub Pages student pool because the source metadata permits school-internal use only and page-by-page transcription signoff is pending.,D,verified,Keep redacted from public student practice; verify source/transcription and obtain release authorization before promotion.
APCALC-LEGACY-MCQ-1997-005,public_release_blocked,AP Calculus historical archive,107; 101,E,,Preserved in the canonical teacher/archive bank. Excluded from the public GitHub Pages student pool because the source metadata permits school-internal use only and page-by-page transcription signoff is pending.,E,verified,Keep redacted from public student practice; verify source/transcription and obtain release authorization before promotion.
APCALC-LEGACY-MCQ-1997-006,public_release_blocked,AP Calculus historical archive,107; 101,C,,Preserved in the canonical teacher/archive bank. Excluded from the public GitHub Pages student pool because the source metadata permits school-internal use only and page-by-page transcription signoff is pending.,C,verified,Keep redacted from public student practice; verify source/transcription and obtain release authorization before promotion.
APCALC-LEGACY-MCQ-1997-007,public_release_blocked,AP Calculus historical archive,107; 101,D,,Preserved in the canonical teacher/archive bank. Excluded from the public GitHub Pages student pool because the source metadata permits school-internal use only and page-by-page transcription signoff is pending.,D,verified,Keep redacted from public student practice; verify source/transcription and obtain release authorization before promotion.
APCALC-LEGACY-MCQ-1997-008,public_release_blocked,AP Calculus historical archive,108; 102,C,,Preserved in the canonical teacher/archive bank. Excluded from the public GitHub Pages student pool because the source metadata permits school-internal use only and page-by-page transcription signoff is pending.,C,verified,Keep redacted from public student practice; verify source/transcription and obtain release authorization before promotion.
APCALC-LEGACY-MCQ-1997-009,public_release_blocked,AP Calculus historical archive,108; 102,B,,Preserved in the canonical teacher/archive bank. Excluded from the public GitHub Pages student pool because the source metadata permits school-internal use only and page-by-page transcription signoff is pending.,B,verified,Keep redacted from public student practice; verify source/transcription and obtain release authorization before promotion.
APCALC-LEGACY-MCQ-1997-010,public_release_blocked,AP Calculus historical archive,108; 102,E,,Preserved in the canonical teacher/archive bank. Excluded from the public GitHub Pages student pool because the source metadata permits school-internal use only and page-by-page transcription signoff is pending.,E,verified,Keep redacted from public student practice; verify source/transcription and obtain release authorization before promotion.
APCALC-LEGACY-MCQ-1997-011,public_release_blocked,AP Calculus historical archive,109; 103,E,,Complete independent source and mathematical verification passed. Required source/choice visual is unavailable in a student-usable form; the record is preserved as teacher/archive-only until exact media is supplied.,E,verified,Keep redacted from public student practice; verify source/transcription and obtain release authorization before promotion.
APCALC-LEGACY-MCQ-1997-012,public_release_blocked,AP Calculus historical archive,109; 103,B,,Preserved in the canonical teacher/archive bank. Excluded from the public GitHub Pages student pool because the source metadata permits school-internal use only and page-by-page transcription signoff is pending.,B,verified,Keep redacted from public student practice; verify source/transcription and obtain release authorization before promotion.
APCALC-LEGACY-MCQ-1997-013,public_release_blocked,AP Calculus historical archive,110; 104,A,,Preserved in the canonical teacher/archive bank. Excluded from the public GitHub Pages student pool because the source metadata permits school-internal use only and page-by-page transcription signoff is pending.,A,verified,Keep redacted from public student practice; verify source/transcription and obtain release authorization before promotion.
APCALC-LEGACY-MCQ-1997-014,public_release_blocked,AP Calculus historical archive,110; 104,C,,Preserved in the canonical teacher/archive bank. Excluded from the public GitHub Pages student pool because the source metadata permits school-internal use only and page-by-page transcription signoff is pending.,C,verified,Keep redacted from public student practice; verify source/transcription and obtain release authorization before promotion.
APCALC-LEGACY-MCQ-1997-015,public_release_blocked,AP Calculus historical archive,110; 104,B,,Preserved in the canonical teacher/archive bank. Excluded from the public GitHub Pages student pool because the source metadata permits school-internal use only and page-by-page transcription signoff is pending.,B,verified,Keep redacted from public student practice; verify source/transcription and obtain release authorization before promotion.
APCALC-LEGACY-MCQ-1997-016,public_release_blocked,AP Calculus historical archive,111; 105,D,,Preserved in the canonical teacher/archive bank. Excluded from the public GitHub Pages student pool because the source metadata permits school-internal use only and page-by-page transcription signoff is pending.,D,verified,Keep redacted from public student practice; verify source/transcription and obtain release authorization before promotion.
APCALC-LEGACY-MCQ-1997-017,public_release_blocked,AP Calculus historical archive,111; 105,A,,Preserved in the canonical teacher/archive bank. Excluded from the public GitHub Pages student pool because the source metadata permits school-internal use only and page-by-page transcription signoff is pending.,A,verified,Keep redacted from public student practice; verify source/transcription and obtain release authorization before promotion.
APCALC-LEGACY-MCQ-1997-018,public_release_blocked,AP Calculus historical archive,111; 105,C,,Preserved in the canonical teacher/archive bank. Excluded from the public GitHub Pages student pool because the source metadata permits school-internal use only and page-by-page transcription signoff is pending.,C,verified,Keep redacted from public student practice; verify source/transcription and obtain release authorization before promotion.
APCALC-LEGACY-MCQ-1997-019,public_release_blocked,AP Calculus historical archive,111; 105,D,,Preserved in the canonical teacher/archive bank. Excluded from the public GitHub Pages student pool because the source metadata permits school-internal use only and page-by-page transcription signoff is pending.,D,verified,Keep redacted from public student practice; verify source/transcription and obtain release authorization before promotion.
APCALC-LEGACY-MCQ-1997-020,public_release_blocked,AP Calculus historical archive,112; 106,E,,Preserved in the canonical teacher/archive bank. Excluded from the public GitHub Pages student pool because the source metadata permits school-internal use only and page-by-page transcription signoff is pending.,E,verified,Keep redacted from public student practice; verify source/transcription and obtain release authorization before promotion.
APCALC-LEGACY-MCQ-1997-021,public_release_blocked,AP Calculus historical archive,112; 106,E,,Preserved in the canonical teacher/archive bank. Excluded from the public GitHub Pages student pool because the source metadata permits school-internal use only and page-by-page transcription signoff is pending.,E,verified,Keep redacted from public student practice; verify source/transcription and obtain release authorization before promotion.
APCALC-LEGACY-MCQ-1997-022,public_release_blocked,AP Calculus historical archive,112; 106,D,,Preserved in the canonical teacher/archive bank. Excluded from the public GitHub Pages student pool because the source metadata permits school-internal use only and page-by-page transcription signoff is pending.,D,verified,Keep redacted from public student practice; verify source/transcription and obtain release authorization before promotion.
APCALC-LEGACY-MCQ-1997-023,public_release_blocked,AP Calculus historical archive,112; 106,A,,Preserved in the canonical teacher/archive bank. Excluded from the public GitHub Pages student pool because the source metadata permits school-internal use only and page-by-page transcription signoff is pending.,A,verified,Keep redacted from public student practice; verify source/transcription and obtain release authorization before promotion.
APCALC-LEGACY-MCQ-1997-024,public_release_blocked,AP Calculus historical archive,113; 107,B,,Preserved in the canonical teacher/archive bank. Excluded from the public GitHub Pages student pool because the source metadata permits school-internal use only and page-by-page transcription signoff is pending.,B,verified,Keep redacted from public student practice; verify source/transcription and obtain release authorization before promotion.
APCALC-LEGACY-MCQ-1997-025,public_release_blocked,AP Calculus historical archive,113; 107,A,,Preserved in the canonical teacher/archive bank. Excluded from the public GitHub Pages student pool because the source metadata permits school-internal use only and page-by-page transcription signoff is pending.,A,verified,Keep redacted from public student practice; verify source/transcription and obtain release authorization before promotion.
APCALC-LEGACY-MCQ-1997-076,public_release_blocked,AP Calculus historical archive,114; 108,E,,Preserved in the canonical teacher/archive bank. Excluded from the public GitHub Pages student pool because the source metadata permits school-internal use only and page-by-page transcription signoff is pending.,E,verified,Keep redacted from public student practice; verify source/transcription and obtain release authorization before promotion.
APCALC-LEGACY-MCQ-1997-077,public_release_blocked,AP Calculus historical archive,114; 108,D,,Preserved in the canonical teacher/archive bank. Excluded from the public GitHub Pages student pool because the source metadata permits school-internal use only and page-by-page transcription signoff is pending.,D,verified,Keep redacted from public student practice; verify source/transcription and obtain release authorization before promotion.
APCALC-LEGACY-MCQ-1997-078,public_release_blocked,AP Calculus historical archive,114; 108,D,,Preserved in the canonical teacher/archive bank. Excluded from the public GitHub Pages student pool because the source metadata permits school-internal use only and page-by-page transcription signoff is pending.,D,verified,Keep redacted from public student practice; verify source/transcription and obtain release authorization before promotion.
APCALC-LEGACY-MCQ-1997-079,public_release_blocked,AP Calculus historical archive,115; 109,C,,Preserved in the canonical teacher/archive bank. Excluded from the public GitHub Pages student pool because the source metadata permits school-internal use only and page-by-page transcription signoff is pending.,C,verified,Keep redacted from public student practice; verify source/transcription and obtain release authorization before promotion.
APCALC-LEGACY-MCQ-1997-080,public_release_blocked,AP Calculus historical archive,115; 109,A,,Preserved in the canonical teacher/archive bank. Excluded from the public GitHub Pages student pool because the source metadata permits school-internal use only and page-by-page transcription signoff is pending.,A,verified,Keep redacted from public student practice; verify source/transcription and obtain release authorization before promotion.
APCALC-LEGACY-MCQ-1997-081,public_release_blocked,AP Calculus historical archive,115; 109,A,,Preserved in the canonical teacher/archive bank. Excluded from the public GitHub Pages student pool because the source metadata permits school-internal use only and page-by-page transcription signoff is pending.,A,verified,Keep redacted from public student practice; verify source/transcription and obtain release authorization before promotion.
APCALC-LEGACY-MCQ-1997-082,public_release_blocked,AP Calculus historical archive,115; 109,B,,Preserved in the canonical teacher/archive bank. Excluded from the public GitHub Pages student pool because the source metadata permits school-internal use only and page-by-page transcription signoff is pending.,B,verified,Keep redacted from public student practice; verify source/transcription and obtain release authorization before promotion.
APCALC-LEGACY-MCQ-1997-083,public_release_blocked,AP Calculus historical archive,115; 109,C,,Preserved in the canonical teacher/archive bank. Excluded from the public GitHub Pages student pool because the source metadata permits school-internal use only and page-by-page transcription signoff is pending.,C,verified,Keep redacted from public student practice; verify source/transcription and obtain release authorization before promotion.
APCALC-LEGACY-MCQ-1997-084,public_release_blocked,AP Calculus historical archive,115; 109,C,,Preserved in the canonical teacher/archive bank. Excluded from the public GitHub Pages student pool because the source metadata permits school-internal use only and page-by-page transcription signoff is pending.,C,verified,Keep redacted from public student practice; verify source/transcription and obtain release authorization before promotion.
APCALC-LEGACY-MCQ-1997-085,public_release_blocked,AP Calculus historical archive,116; 110,C,,Preserved in the canonical teacher/archive bank. Excluded from the public GitHub Pages student pool because the source metadata permits school-internal use only and page-by-page transcription signoff is pending.,C,verified,Keep redacted from public student practice; verify source/transcription and obtain release authorization before promotion.
APCALC-LEGACY-MCQ-1997-086,public_release_blocked,AP Calculus historical archive,116; 110,A,,Preserved in the canonical teacher/archive bank. Excluded from the public GitHub Pages student pool because the source metadata permits school-internal use only and page-by-page transcription signoff is pending.,A,verified,Keep redacted from public student practice; verify source/transcription and obtain release authorization before promotion.
APCALC-LEGACY-MCQ-1997-087,public_release_blocked,AP Calculus historical archive,116; 110,B,,Preserved in the canonical teacher/archive bank. Excluded from the public GitHub Pages student pool because the source metadata permits school-internal use only and page-by-page transcription signoff is pending.,B,verified,Keep redacted from public student practice; verify source/transcription and obtain release authorization before promotion.
APCALC-LEGACY-MCQ-1997-088,public_release_blocked,AP Calculus historical archive,117; 111,E,,Complete independent source and mathematical verification passed. Required source/choice visual is unavailable in a student-usable form; the record is preserved as teacher/archive-only until exact media is supplied.,E,verified,Keep redacted from public student practice; verify source/transcription and obtain release authorization before promotion.
APCALC-LEGACY-MCQ-1997-089,public_release_blocked,AP Calculus historical archive,118; 112,B,,Preserved in the canonical teacher/archive bank. Excluded from the public GitHub Pages student pool because the source metadata permits school-internal use only and page-by-page transcription signoff is pending.,B,verified,Keep redacted from public student practice; verify source/transcription and obtain release authorization before promotion.
APCALC-LEGACY-MCQ-1997-090,public_release_blocked,AP Calculus historical archive,118; 112,D,,Preserved in the canonical teacher/archive bank. Excluded from the public GitHub Pages student pool because the source metadata permits school-internal use only and page-by-page transcription signoff is pending.,D,verified,Keep redacted from public student practice; verify source/transcription and obtain release authorization before promotion.
APCALC-LEGACY-MCQ-1998-001,public_release_blocked,AP Calculus historical archive,131; 125,D,,Preserved in the canonical teacher/archive bank. Excluded from the public GitHub Pages student pool because the source metadata permits school-internal use only and page-by-page transcription signoff is pending.,D,verified,Keep redacted from public student practice; verify source/transcription and obtain release authorization before promotion.
APCALC-LEGACY-MCQ-1998-002,public_release_blocked,AP Calculus historical archive,131; 125,B,,Preserved in the canonical teacher/archive bank. Excluded from the public GitHub Pages student pool because the source metadata permits school-internal use only and page-by-page transcription signoff is pending.,B,verified,Keep redacted from public student practice; verify source/transcription and obtain release authorization before promotion.
APCALC-LEGACY-MCQ-1998-003,public_release_blocked,AP Calculus historical archive,131; 125,C,,Preserved in the canonical teacher/archive bank. Excluded from the public GitHub Pages student pool because the source metadata permits school-internal use only and page-by-page transcription signoff is pending.,C,verified,Keep redacted from public student practice; verify source/transcription and obtain release authorization before promotion.
APCALC-LEGACY-MCQ-1998-004,public_release_blocked,AP Calculus historical archive,132; 126,B,,Preserved in the canonical teacher/archive bank. Excluded from the public GitHub Pages student pool because the source metadata permits school-internal use only and page-by-page transcription signoff is pending.,B,verified,Keep redacted from public student practice; verify source/transcription and obtain release authorization before promotion.
APCALC-LEGACY-MCQ-1998-005,public_release_blocked,AP Calculus historical archive,132; 126,E,,Preserved in the canonical teacher/archive bank. Excluded from the public GitHub Pages student pool because the source metadata permits school-internal use only and page-by-page transcription signoff is pending.,E,verified,Keep redacted from public student practice; verify source/transcription and obtain release authorization before promotion.
APCALC-LEGACY-MCQ-1998-006,public_release_blocked,AP Calculus historical archive,132; 126,A,,Preserved in the canonical teacher/archive bank. Excluded from the public GitHub Pages student pool because the source metadata permits school-internal use only and page-by-page transcription signoff is pending.,A,verified,Keep redacted from public student practice; verify source/transcription and obtain release authorization before promotion.
APCALC-LEGACY-MCQ-1998-007,public_release_blocked,AP Calculus historical archive,132; 126,E,,Preserved in the canonical teacher/archive bank. Excluded from the public GitHub Pages student pool because the source metadata permits school-internal use only and page-by-page transcription signoff is pending.,E,verified,Keep redacted from public student practice; verify source/transcription and obtain release authorization before promotion.
APCALC-LEGACY-MCQ-1998-008,public_release_blocked,AP Calculus historical archive,132; 126,E,,Preserved in the canonical teacher/archive bank. Excluded from the public GitHub Pages student pool because the source metadata permits school-internal use only and page-by-page transcription signoff is pending.,E,verified,Keep redacted from public student practice; verify source/transcription and obtain release authorization before promotion.
APCALC-LEGACY-MCQ-1998-009,public_release_blocked,AP Calculus historical archive,133; 127,D,,Complete independent source and mathematical verification passed. Required source/choice visual is unavailable in a student-usable form; the record is preserved as teacher/archive-only until exact media is supplied.,D,verified,Keep redacted from public student practice; verify source/transcription and obtain release authorization before promotion.
APCALC-LEGACY-MCQ-1998-010,public_release_blocked,AP Calculus historical archive,133; 127,D,,Preserved in the canonical teacher/archive bank. Excluded from the public GitHub Pages student pool because the source metadata permits school-internal use only and page-by-page transcription signoff is pending.,D,verified,Keep redacted from public student practice; verify source/transcription and obtain release authorization before promotion.
APCALC-LEGACY-MCQ-1998-011,public_release_blocked,AP Calculus historical archive,133; 127,A,,Preserved in the canonical teacher/archive bank. Excluded from the public GitHub Pages student pool because the source metadata permits school-internal use only and page-by-page transcription signoff is pending.,A,verified,Keep redacted from public student practice; verify source/transcription and obtain release authorization before promotion.
APCALC-LEGACY-MCQ-1998-012,public_release_blocked,AP Calculus historical archive,133; 127,E,,Preserved in the canonical teacher/archive bank. Excluded from the public GitHub Pages student pool because the source metadata permits school-internal use only and page-by-page transcription signoff is pending.,E,verified,Keep redacted from public student practice; verify source/transcription and obtain release authorization before promotion.
APCALC-LEGACY-MCQ-1998-013,public_release_blocked,AP Calculus historical archive,134; 128,B,,Preserved in the canonical teacher/archive bank. Excluded from the public GitHub Pages student pool because the source metadata permits school-internal use only and page-by-page transcription signoff is pending.,B,verified,Keep redacted from public student practice; verify source/transcription and obtain release authorization before promotion.
APCALC-LEGACY-MCQ-1998-014,public_release_blocked,AP Calculus historical archive,134; 128,C,,Preserved in the canonical teacher/archive bank. Excluded from the public GitHub Pages student pool because the source metadata permits school-internal use only and page-by-page transcription signoff is pending.,C,verified,Keep redacted from public student practice; verify source/transcription and obtain release authorization before promotion.
APCALC-LEGACY-MCQ-1998-015,public_release_blocked,AP Calculus historical archive,134; 128,D,,Preserved in the canonical teacher/archive bank. Excluded from the public GitHub Pages student pool because the source metadata permits school-internal use only and page-by-page transcription signoff is pending.,D,verified,Keep redacted from public student practice; verify source/transcription and obtain release authorization before promotion.
APCALC-LEGACY-MCQ-1998-016,public_release_blocked,AP Calculus historical archive,134; 128,E,,Preserved in the canonical teacher/archive bank. Excluded from the public GitHub Pages student pool because the source metadata permits school-internal use only and page-by-page transcription signoff is pending.,E,verified,Keep redacted from public student practice; verify source/transcription and obtain release authorization before promotion.
APCALC-LEGACY-MCQ-1998-017,public_release_blocked,AP Calculus historical archive,135; 129,D,,Preserved in the canonical teacher/archive bank. Excluded from the public GitHub Pages student pool because the source metadata permits school-internal use only and page-by-page transcription signoff is pending.,D,verified,Keep redacted from public student practice; verify source/transcription and obtain release authorization before promotion.
APCALC-LEGACY-MCQ-1998-018,public_release_blocked,AP Calculus historical archive,135; 129,B,,Preserved in the canonical teacher/archive bank. Excluded from the public GitHub Pages student pool because the source metadata permits school-internal use only and page-by-page transcription signoff is pending.,B,verified,Keep redacted from public student practice; verify source/transcription and obtain release authorization before promotion.
APCALC-LEGACY-MCQ-1998-019,public_release_blocked,AP Calculus historical archive,135; 129,C,,Preserved in the canonical teacher/archive bank. Excluded from the public GitHub Pages student pool because the source metadata permits school-internal use only and page-by-page transcription signoff is pending.,C,verified,Keep redacted from public student practice; verify source/transcription and obtain release authorization before promotion.
APCALC-LEGACY-MCQ-1998-020,public_release_blocked,AP Calculus historical archive,135; 129,A,,Preserved in the canonical teacher/archive bank. Excluded from the public GitHub Pages student pool because the source metadata permits school-internal use only and page-by-page transcription signoff is pending.,A,verified,Keep redacted from public student practice; verify source/transcription and obtain release authorization before promotion.
APCALC-LEGACY-MCQ-1998-021,public_release_blocked,AP Calculus historical archive,135; 129,B,,Preserved in the canonical teacher/archive bank. Excluded from the public GitHub Pages student pool because the source metadata permits school-internal use only and page-by-page transcription signoff is pending.,B,verified,Keep redacted from public student practice; verify source/transcription and obtain release authorization before promotion.
APCALC-LEGACY-MCQ-1998-022,public_release_blocked,AP Calculus historical archive,136; 130,C,,Preserved in the canonical teacher/archive bank. Excluded from the public GitHub Pages student pool because the source metadata permits school-internal use only and page-by-page transcription signoff is pending.,C,verified,Keep redacted from public student practice; verify source/transcription and obtain release authorization before promotion.
APCALC-LEGACY-MCQ-1998-023,public_release_blocked,AP Calculus historical archive,137; 131,A,,Complete independent source and mathematical verification passed. Required source/choice visual is unavailable in a student-usable form; the record is preserved as teacher/archive-only until exact media is supplied.,A,verified,Keep redacted from public student practice; verify source/transcription and obtain release authorization before promotion.
APCALC-LEGACY-MCQ-1998-024,public_release_blocked,AP Calculus historical archive,138; 132,D,,Preserved in the canonical teacher/archive bank. Excluded from the public GitHub Pages student pool because the source metadata permits school-internal use only and page-by-page transcription signoff is pending.,D,verified,Keep redacted from public student practice; verify source/transcription and obtain release authorization before promotion.
APCALC-LEGACY-MCQ-1998-025,public_release_blocked,AP Calculus historical archive,138; 132,D,,Preserved in the canonical teacher/archive bank. Excluded from the public GitHub Pages student pool because the source metadata permits school-internal use only and page-by-page transcription signoff is pending.,D,verified,Keep redacted from public student practice; verify source/transcription and obtain release authorization before promotion.
APCALC-LEGACY-MCQ-1998-026,public_release_blocked,AP Calculus historical archive,138; 132,A,,Preserved in the canonical teacher/archive bank. Excluded from the public GitHub Pages student pool because the source metadata permits school-internal use only and page-by-page transcription signoff is pending.,A,verified,Keep redacted from public student practice; verify source/transcription and obtain release authorization before promotion.
APCALC-LEGACY-MCQ-1998-027,public_release_blocked,AP Calculus historical archive,138; 132,A,,Preserved in the canonical teacher/archive bank. Excluded from the public GitHub Pages student pool because the source metadata permits school-internal use only and page-by-page transcription signoff is pending.,A,verified,Keep redacted from public student practice; verify source/transcription and obtain release authorization before promotion.
APCALC-LEGACY-MCQ-1998-028,public_release_blocked,AP Calculus historical archive,138; 132,E,,Preserved in the canonical teacher/archive bank. Excluded from the public GitHub Pages student pool because the source metadata permits school-internal use only and page-by-page transcription signoff is pending.,E,verified,Keep redacted from public student practice; verify source/transcription and obtain release authorization before promotion.
APCALC-LEGACY-MCQ-1998-076,public_release_blocked,AP Calculus historical archive,139; 133,A,,Preserved in the canonical teacher/archive bank. Excluded from the public GitHub Pages student pool because the source metadata permits school-internal use only and page-by-page transcription signoff is pending.,A,verified,Keep redacted from public student practice; verify source/transcription and obtain release authorization before promotion.
APCALC-LEGACY-MCQ-1998-077,public_release_blocked,AP Calculus historical archive,139; 133,C,,Preserved in the canonical teacher/archive bank. Excluded from the public GitHub Pages student pool because the source metadata permits school-internal use only and page-by-page transcription signoff is pending.,C,verified,Keep redacted from public student practice; verify source/transcription and obtain release authorization before promotion.
APCALC-LEGACY-MCQ-1998-078,public_release_blocked,AP Calculus historical archive,140; 134,B,,Preserved in the canonical teacher/archive bank. Excluded from the public GitHub Pages student pool because the source metadata permits school-internal use only and page-by-page transcription signoff is pending.,B,verified,Keep redacted from public student practice; verify source/transcription and obtain release authorization before promotion.
APCALC-LEGACY-MCQ-1998-079,public_release_blocked,AP Calculus historical archive,140; 134,A,,Preserved in the canonical teacher/archive bank. Excluded from the public GitHub Pages student pool because the source metadata permits school-internal use only and page-by-page transcription signoff is pending.,A,verified,Keep redacted from public student practice; verify source/transcription and obtain release authorization before promotion.
APCALC-LEGACY-MCQ-1998-080,public_release_blocked,AP Calculus historical archive,140; 134,B,,Preserved in the canonical teacher/archive bank. Excluded from the public GitHub Pages student pool because the source metadata permits school-internal use only and page-by-page transcription signoff is pending.,B,verified,Keep redacted from public student practice; verify source/transcription and obtain release authorization before promotion.
APCALC-LEGACY-MCQ-1998-081,public_release_blocked,AP Calculus historical archive,141; 135,D,,Preserved in the canonical teacher/archive bank. Excluded from the public GitHub Pages student pool because the source metadata permits school-internal use only and page-by-page transcription signoff is pending.,D,verified,Keep redacted from public student practice; verify source/transcription and obtain release authorization before promotion.
APCALC-LEGACY-MCQ-1998-082,public_release_blocked,AP Calculus historical archive,141; 135,E,,Preserved in the canonical teacher/archive bank. Excluded from the public GitHub Pages student pool because the source metadata permits school-internal use only and page-by-page transcription signoff is pending.,E,verified,Keep redacted from public student practice; verify source/transcription and obtain release authorization before promotion.
APCALC-LEGACY-MCQ-1998-083,public_release_blocked,AP Calculus historical archive,141; 135,B,,Preserved in the canonical teacher/archive bank. Excluded from the public GitHub Pages student pool because the source metadata permits school-internal use only and page-by-page transcription signoff is pending.,B,verified,Keep redacted from public student practice; verify source/transcription and obtain release authorization before promotion.
APCALC-LEGACY-MCQ-1998-084,public_release_blocked,AP Calculus historical archive,141; 135,A,,Preserved in the canonical teacher/archive bank. Excluded from the public GitHub Pages student pool because the source metadata permits school-internal use only and page-by-page transcription signoff is pending.,A,verified,Keep redacted from public student practice; verify source/transcription and obtain release authorization before promotion.
APCALC-LEGACY-MCQ-1998-085,public_release_blocked,AP Calculus historical archive,142; 136,C,,Preserved in the canonical teacher/archive bank. Excluded from the public GitHub Pages student pool because the source metadata permits school-internal use only and page-by-page transcription signoff is pending.,C,verified,Keep redacted from public student practice; verify source/transcription and obtain release authorization before promotion.
APCALC-LEGACY-MCQ-1998-086,public_release_blocked,AP Calculus historical archive,142; 136,C,,Preserved in the canonical teacher/archive bank. Excluded from the public GitHub Pages student pool because the source metadata permits school-internal use only and page-by-page transcription signoff is pending.,C,verified,Keep redacted from public student practice; verify source/transcription and obtain release authorization before promotion.
APCALC-LEGACY-MCQ-1998-087,public_release_blocked,AP Calculus historical archive,142; 136,D,,Preserved in the canonical teacher/archive bank. Excluded from the public GitHub Pages student pool because the source metadata permits school-internal use only and page-by-page transcription signoff is pending.,D,verified,Keep redacted from public student practice; verify source/transcription and obtain release authorization before promotion.
APCALC-LEGACY-MCQ-1998-088,public_release_blocked,AP Calculus historical archive,142; 136,C,,Preserved in the canonical teacher/archive bank. Excluded from the public GitHub Pages student pool because the source metadata permits school-internal use only and page-by-page transcription signoff is pending.,C,verified,Keep redacted from public student practice; verify source/transcription and obtain release authorization before promotion.
APCALC-LEGACY-MCQ-1998-089,public_release_blocked,AP Calculus historical archive,143; 137,B,,Preserved in the canonical teacher/archive bank. Excluded from the public GitHub Pages student pool because the source metadata permits school-internal use only and page-by-page transcription signoff is pending.,B,verified,Keep redacted from public student practice; verify source/transcription and obtain release authorization before promotion.
APCALC-LEGACY-MCQ-1998-090,public_release_blocked,AP Calculus historical archive,143; 137,D,,Preserved in the canonical teacher/archive bank. Excluded from the public GitHub Pages student pool because the source metadata permits school-internal use only and page-by-page transcription signoff is pending.,D,verified,Keep redacted from public student practice; verify source/transcription and obtain release authorization before promotion.
APCALC-LEGACY-MCQ-1998-091,public_release_blocked,AP Calculus historical archive,143; 137,E,,Preserved in the canonical teacher/archive bank. Excluded from the public GitHub Pages student pool because the source metadata permits school-internal use only and page-by-page transcription signoff is pending.,E,verified,Keep redacted from public student practice; verify source/transcription and obtain release authorization before promotion.
APCALC-LEGACY-MCQ-1998-092,public_release_blocked,AP Calculus historical archive,143; 137,D,,Preserved in the canonical teacher/archive bank. Excluded from the public GitHub Pages student pool because the source metadata permits school-internal use only and page-by-page transcription signoff is pending.,D,verified,Keep redacted from public student practice; verify source/transcription and obtain release authorization before promotion.
APCALC-LEGACY-BC-MCQ-1969-001,public_release_blocked,AP Calculus historical archive,16; 10,C,,"Retained in the canonical/admin archive; excluded from student practice pending source, answer, KaTeX, and/or mapping verification.",,verified,Keep redacted from public student practice; verify source/transcription and obtain release authorization before promotion.
APCALC-LEGACY-BC-MCQ-1969-002,public_release_blocked,AP Calculus historical archive,16; 10,E,,"Retained in the canonical/admin archive; excluded from student practice pending source, answer, KaTeX, and/or mapping verification.",,verified,Keep redacted from public student practice; verify source/transcription and obtain release authorization before promotion.
APCALC-LEGACY-BC-MCQ-1969-003,public_release_blocked,AP Calculus historical archive,16; 10,B,,"Retained in the canonical/admin archive; excluded from student practice pending source, answer, KaTeX, and/or mapping verification.",,verified,Keep redacted from public student practice; verify source/transcription and obtain release authorization before promotion.
APCALC-LEGACY-BC-MCQ-1969-004,public_release_blocked,AP Calculus historical archive,16; 10,D,,"Retained in the canonical/admin archive; excluded from student practice pending source, answer, KaTeX, and/or mapping verification.",,verified,Keep redacted from public student practice; verify source/transcription and obtain release authorization before promotion.
APCALC-LEGACY-BC-MCQ-1969-005,public_release_blocked,AP Calculus historical archive,16; 10,E,,"Retained in the canonical/admin archive; excluded from student practice pending source, answer, KaTeX, and/or mapping verification.",,verified,Keep redacted from public student practice; verify source/transcription and obtain release authorization before promotion.
APCALC-LEGACY-BC-MCQ-1969-006,public_release_blocked,AP Calculus historical archive,17; 11,B,,"Retained in the canonical/admin archive; excluded from student practice pending source, answer, KaTeX, and/or mapping verification.",,verified,Keep redacted from public student practice; verify source/transcription and obtain release authorization before promotion.
APCALC-LEGACY-BC-MCQ-1969-007,public_release_blocked,AP Calculus historical archive,17; 11,D,,"Retained in the canonical/admin archive; excluded from student practice pending source, answer, KaTeX, and/or mapping verification.",,verified,Keep redacted from public student practice; verify source/transcription and obtain release authorization before promotion.
APCALC-LEGACY-BC-MCQ-1969-008,public_release_blocked,AP Calculus historical archive,17; 11,C,,"Retained in the canonical/admin archive; excluded from student practice pending source, answer, KaTeX, and/or mapping verification.",,verified,Keep redacted from public student practice; verify source/transcription and obtain release authorization before promotion.
APCALC-LEGACY-BC-MCQ-1969-009,public_release_blocked,AP Calculus historical archive,17; 11,D,,"Retained in the canonical/admin archive; excluded from student practice pending source, answer, KaTeX, and/or mapping verification.",,verified,Keep redacted from public student practice; verify source/transcription and obtain release authorization before promotion.
APCALC-LEGACY-BC-MCQ-1969-010,public_release_blocked,AP Calculus historical archive,17; 11,A,,"Retained in the canonical/admin archive; excluded from student practice pending source, answer, KaTeX, and/or mapping verification.",,verified,Keep redacted from public student practice; verify source/transcription and obtain release authorization before promotion.
APCALC-LEGACY-BC-MCQ-1969-011,public_release_blocked,AP Calculus historical archive,18; 12,B,,"Retained in the canonical/admin archive; excluded from student practice pending source, answer, KaTeX, and/or mapping verification.",,verified,Keep redacted from public student practice; verify source/transcription and obtain release authorization before promotion.
APCALC-LEGACY-BC-MCQ-1969-012,public_release_blocked,AP Calculus historical archive,18; 12,E,,"Retained in the canonical/admin archive; excluded from student practice pending source, answer, KaTeX, and/or mapping verification.",,verified,Keep redacted from public student practice; verify source/transcription and obtain release authorization before promotion.
APCALC-LEGACY-BC-MCQ-1969-013,public_release_blocked,AP Calculus historical archive,18; 12,C,,"Retained in the canonical/admin archive; excluded from student practice pending source, answer, KaTeX, and/or mapping verification.",,verified,Keep redacted from public student practice; verify source/transcription and obtain release authorization before promotion.
APCALC-LEGACY-BC-MCQ-1969-014,public_release_blocked,AP Calculus historical archive,18; 12,D,,"Retained in the canonical/admin archive; excluded from student practice pending source, answer, KaTeX, and/or mapping verification.",,verified,Keep redacted from public student practice; verify source/transcription and obtain release authorization before promotion.
APCALC-LEGACY-BC-MCQ-1969-015,public_release_blocked,AP Calculus historical archive,19; 13,B,,"Retained in the canonical/admin archive; excluded from student practice pending source, answer, KaTeX, and/or mapping verification.",,verified,Keep redacted from public student practice; verify source/transcription and obtain release authorization before promotion.
APCALC-LEGACY-BC-MCQ-1969-016,public_release_blocked,AP Calculus historical archive,19; 13,B,,"Retained in the canonical/admin archive; excluded from student practice pending source, answer, KaTeX, and/or mapping verification.",,verified,Keep redacted from public student practice; verify source/transcription and obtain release authorization before promotion.
APCALC-LEGACY-BC-MCQ-1969-017,public_release_blocked,AP Calculus historical archive,19; 13,B,,"Retained in the canonical/admin archive; excluded from student practice pending source, answer, KaTeX, and/or mapping verification.",,verified,Keep redacted from public student practice; verify source/transcription and obtain release authorization before promotion.
APCALC-LEGACY-BC-MCQ-1969-018,public_release_blocked,AP Calculus historical archive,19; 13,E,,"Retained in the canonical/admin archive; excluded from student practice pending source, answer, KaTeX, and/or mapping verification.",,verified,Keep redacted from public student practice; verify source/transcription and obtain release authorization before promotion.
APCALC-LEGACY-BC-MCQ-1969-019,public_release_blocked,AP Calculus historical archive,20; 14,C,,"Retained in the canonical/admin archive; excluded from student practice pending source, answer, KaTeX, and/or mapping verification.",,verified,Keep redacted from public student practice; verify source/transcription and obtain release authorization before promotion.
APCALC-LEGACY-BC-MCQ-1969-020,public_release_blocked,AP Calculus historical archive,20; 14,A,,"Retained in the canonical/admin archive; excluded from student practice pending source, answer, KaTeX, and/or mapping verification.",,verified,Keep redacted from public student practice; verify source/transcription and obtain release authorization before promotion.
APCALC-LEGACY-BC-MCQ-1969-021,public_release_blocked,AP Calculus historical archive,20; 14,B,,"Retained in the canonical/admin archive; excluded from student practice pending source, answer, KaTeX, and/or mapping verification.",,verified,Keep redacted from public student practice; verify source/transcription and obtain release authorization before promotion.
APCALC-LEGACY-BC-MCQ-1969-022,public_release_blocked,AP Calculus historical archive,20; 14,E,,"Retained in the canonical/admin archive; excluded from student practice pending source, answer, KaTeX, and/or mapping verification.",,verified,Keep redacted from public student practice; verify source/transcription and obtain release authorization before promotion.
APCALC-LEGACY-BC-MCQ-1969-023,public_release_blocked,AP Calculus historical archive,21; 15,D,,"Retained in the canonical/admin archive; excluded from student practice pending source, answer, KaTeX, and/or mapping verification.",,verified,Keep redacted from public student practice; verify source/transcription and obtain release authorization before promotion.
APCALC-LEGACY-BC-MCQ-1969-024,public_release_blocked,AP Calculus historical archive,21; 15,C,,"Retained in the canonical/admin archive; excluded from student practice pending source, answer, KaTeX, and/or mapping verification.",,verified,Keep redacted from public student practice; verify source/transcription and obtain release authorization before promotion.
APCALC-LEGACY-BC-MCQ-1969-025,public_release_blocked,AP Calculus historical archive,21; 15,A,,"Retained in the canonical/admin archive; excluded from student practice pending source, answer, KaTeX, and/or mapping verification.",,verified,Keep redacted from public student practice; verify source/transcription and obtain release authorization before promotion.
APCALC-LEGACY-BC-MCQ-1969-026,public_release_blocked,AP Calculus historical archive,21; 15,C,,"Retained in the canonical/admin archive; excluded from student practice pending source, answer, KaTeX, and/or mapping verification.",,verified,Keep redacted from public student practice; verify source/transcription and obtain release authorization before promotion.
APCALC-LEGACY-BC-MCQ-1969-027,public_release_blocked,AP Calculus historical archive,22; 16,C,,"Retained in the canonical/admin archive; excluded from student practice pending source, answer, KaTeX, and/or mapping verification.",,verified,Keep redacted from public student practice; verify source/transcription and obtain release authorization before promotion.
APCALC-LEGACY-BC-MCQ-1969-028,public_release_blocked,AP Calculus historical archive,22; 16,D,,"Retained in the canonical/admin archive; excluded from student practice pending source, answer, KaTeX, and/or mapping verification.",,verified,Keep redacted from public student practice; verify source/transcription and obtain release authorization before promotion.
APCALC-LEGACY-BC-MCQ-1969-029,public_release_blocked,AP Calculus historical archive,22; 16,C,,"Retained in the canonical/admin archive; excluded from student practice pending source, answer, KaTeX, and/or mapping verification.",,verified,Keep redacted from public student practice; verify source/transcription and obtain release authorization before promotion.
APCALC-LEGACY-BC-MCQ-1969-030,public_release_blocked,AP Calculus historical archive,22; 16,D,,"Retained in the canonical/admin archive; excluded from student practice pending source, answer, KaTeX, and/or mapping verification.",,verified,Keep redacted from public student practice; verify source/transcription and obtain release authorization before promotion.
APCALC-LEGACY-BC-MCQ-1969-031,public_release_blocked,AP Calculus historical archive,22; 16,C,,"Retained in the canonical/admin archive; excluded from student practice pending source, answer, KaTeX, and/or mapping verification.",,verified,Keep redacted from public student practice; verify source/transcription and obtain release authorization before promotion.
APCALC-LEGACY-BC-MCQ-1969-032,public_release_blocked,AP Calculus historical archive,22; 16,B,,"Retained in the canonical/admin archive; excluded from student practice pending source, answer, KaTeX, and/or mapping verification.",,verified,Keep redacted from public student practice; verify source/transcription and obtain release authorization before promotion.
APCALC-LEGACY-BC-MCQ-1969-033,public_release_blocked,AP Calculus historical archive,22; 16,A,,"Retained in the canonical/admin archive; excluded from student practice pending source, answer, KaTeX, and/or mapping verification.",,verified,Keep redacted from public student practice; verify source/transcription and obtain release authorization before promotion.
APCALC-LEGACY-BC-MCQ-1969-034,public_release_blocked,AP Calculus historical archive,23; 17,D,,"Retained in the canonical/admin archive; excluded from student practice pending source, answer, KaTeX, and/or mapping verification.",,verified,Keep redacted from public student practice; verify source/transcription and obtain release authorization before promotion.
APCALC-LEGACY-BC-MCQ-1969-035,public_release_blocked,AP Calculus historical archive,23; 17,A,,"Retained in the canonical/admin archive; excluded from student practice pending source, answer, KaTeX, and/or mapping verification.",,verified,Keep redacted from public student practice; verify source/transcription and obtain release authorization before promotion.
APCALC-LEGACY-BC-MCQ-1969-036,public_release_blocked,AP Calculus historical archive,23; 17,B,,"Retained in the canonical/admin archive; excluded from student practice pending source, answer, KaTeX, and/or mapping verification.",,verified,Keep redacted from public student practice; verify source/transcription and obtain release authorization before promotion.
APCALC-LEGACY-BC-MCQ-1969-037,public_release_blocked,AP Calculus historical archive,23; 17,D,,"Retained in the canonical/admin archive; excluded from student practice pending source, answer, KaTeX, and/or mapping verification.",,verified,Keep redacted from public student practice; verify source/transcription and obtain release authorization before promotion.
APCALC-LEGACY-BC-MCQ-1969-038,public_release_blocked,AP Calculus historical archive,23; 17,A,,"Retained in the canonical/admin archive; excluded from student practice pending source, answer, KaTeX, and/or mapping verification.",,verified,Keep redacted from public student practice; verify source/transcription and obtain release authorization before promotion.
APCALC-LEGACY-BC-MCQ-1969-039,public_release_blocked,AP Calculus historical archive,23; 17,D,,"Retained in the canonical/admin archive; excluded from student practice pending source, answer, KaTeX, and/or mapping verification.",,verified,Keep redacted from public student practice; verify source/transcription and obtain release authorization before promotion.
APCALC-LEGACY-BC-MCQ-1969-040,public_release_blocked,AP Calculus historical archive,24; 18,E,,"Retained in the canonical/admin archive; excluded from student practice pending source, answer, KaTeX, and/or mapping verification.",,verified,Keep redacted from public student practice; verify source/transcription and obtain release authorization before promotion.
APCALC-LEGACY-BC-MCQ-1969-041,public_release_blocked,AP Calculus historical archive,24; 18,D,,"Retained in the canonical/admin archive; excluded from student practice pending source, answer, KaTeX, and/or mapping verification.",,verified,Keep redacted from public student practice; verify source/transcription and obtain release authorization before promotion.
APCALC-LEGACY-BC-MCQ-1969-042,public_release_blocked,AP Calculus historical archive,24; 18,B,,"Retained in the canonical/admin archive; excluded from student practice pending source, answer, KaTeX, and/or mapping verification.",,verified,Keep redacted from public student practice; verify source/transcription and obtain release authorization before promotion.
APCALC-LEGACY-BC-MCQ-1969-043,public_release_blocked,AP Calculus historical archive,24; 18,E,,"Retained in the canonical/admin archive; excluded from student practice pending source, answer, KaTeX, and/or mapping verification.",,verified,Keep redacted from public student practice; verify source/transcription and obtain release authorization before promotion.
APCALC-LEGACY-BC-MCQ-1969-044,public_release_blocked,AP Calculus historical archive,25; 19,E,,"Retained in the canonical/admin archive; excluded from student practice pending source, answer, KaTeX, and/or mapping verification.",,verified,Keep redacted from public student practice; verify source/transcription and obtain release authorization before promotion.
APCALC-LEGACY-BC-MCQ-1969-045,public_release_blocked,AP Calculus historical archive,25; 19,E,,"Retained in the canonical/admin archive; excluded from student practice pending source, answer, KaTeX, and/or mapping verification.",,verified,Keep redacted from public student practice; verify source/transcription and obtain release authorization before promotion.
APCALC-LEGACY-BC-MCQ-1973-001,public_release_blocked,AP Calculus historical archive,35; 29,A,,"Retained in the canonical/admin archive; excluded from student practice pending source, answer, KaTeX, and/or mapping verification.",,verified,Keep redacted from public student practice; verify source/transcription and obtain release authorization before promotion.
APCALC-LEGACY-BC-MCQ-1973-002,public_release_blocked,AP Calculus historical archive,35; 29,D,,"Retained in the canonical/admin archive; excluded from student practice pending source, answer, KaTeX, and/or mapping verification.",,verified,Keep redacted from public student practice; verify source/transcription and obtain release authorization before promotion.
APCALC-LEGACY-BC-MCQ-1973-003,public_release_blocked,AP Calculus historical archive,35; 29,A,,"Retained in the canonical/admin archive; excluded from student practice pending source, answer, KaTeX, and/or mapping verification.",,verified,Keep redacted from public student practice; verify source/transcription and obtain release authorization before promotion.
APCALC-LEGACY-BC-MCQ-1973-004,public_release_blocked,AP Calculus historical archive,35; 29,C,,"Retained in the canonical/admin archive; excluded from student practice pending source, answer, KaTeX, and/or mapping verification.",,verified,Keep redacted from public student practice; verify source/transcription and obtain release authorization before promotion.
APCALC-LEGACY-BC-MCQ-1973-005,public_release_blocked,AP Calculus historical archive,35; 29,B,,"Retained in the canonical/admin archive; excluded from student practice pending source, answer, KaTeX, and/or mapping verification.",,verified,Keep redacted from public student practice; verify source/transcription and obtain release authorization before promotion.
APCALC-LEGACY-BC-MCQ-1973-006,public_release_blocked,AP Calculus historical archive,35; 29,D,,"Retained in the canonical/admin archive; excluded from student practice pending source, answer, KaTeX, and/or mapping verification.",,verified,Keep redacted from public student practice; verify source/transcription and obtain release authorization before promotion.
APCALC-LEGACY-BC-MCQ-1973-007,public_release_blocked,AP Calculus historical archive,36; 30,D,,"Retained in the canonical/admin archive; excluded from student practice pending source, answer, KaTeX, and/or mapping verification.",,verified,Keep redacted from public student practice; verify source/transcription and obtain release authorization before promotion.
APCALC-LEGACY-BC-MCQ-1973-008,public_release_blocked,AP Calculus historical archive,36; 30,B,,"Retained in the canonical/admin archive; excluded from student practice pending source, answer, KaTeX, and/or mapping verification.",,verified,Keep redacted from public student practice; verify source/transcription and obtain release authorization before promotion.
APCALC-LEGACY-BC-MCQ-1973-009,public_release_blocked,AP Calculus historical archive,36; 30,A,,"Retained in the canonical/admin archive; excluded from student practice pending source, answer, KaTeX, and/or mapping verification.",,verified,Keep redacted from public student practice; verify source/transcription and obtain release authorization before promotion.
APCALC-LEGACY-BC-MCQ-1973-010,public_release_blocked,AP Calculus historical archive,36; 30,A,,"Retained in the canonical/admin archive; excluded from student practice pending source, answer, KaTeX, and/or mapping verification.",,verified,Keep redacted from public student practice; verify source/transcription and obtain release authorization before promotion.
APCALC-LEGACY-BC-MCQ-1973-011,public_release_blocked,AP Calculus historical archive,36; 30,E,,"Retained in the canonical/admin archive; excluded from student practice pending source, answer, KaTeX, and/or mapping verification.",,verified,Keep redacted from public student practice; verify source/transcription and obtain release authorization before promotion.
APCALC-LEGACY-BC-MCQ-1973-012,public_release_blocked,AP Calculus historical archive,37; 31,D,,"Retained in the canonical/admin archive; excluded from student practice pending source, answer, KaTeX, and/or mapping verification.",,verified,Keep redacted from public student practice; verify source/transcription and obtain release authorization before promotion.
APCALC-LEGACY-BC-MCQ-1973-013,public_release_blocked,AP Calculus historical archive,37; 31,D,,"Retained in the canonical/admin archive; excluded from student practice pending source, answer, KaTeX, and/or mapping verification.",,verified,Keep redacted from public student practice; verify source/transcription and obtain release authorization before promotion.
APCALC-LEGACY-BC-MCQ-1973-014,public_release_blocked,AP Calculus historical archive,37; 31,A,,"Retained in the canonical/admin archive; excluded from student practice pending source, answer, KaTeX, and/or mapping verification.",,verified,Keep redacted from public student practice; verify source/transcription and obtain release authorization before promotion.
APCALC-LEGACY-BC-MCQ-1973-015,public_release_blocked,AP Calculus historical archive,37; 31,C,,"Retained in the canonical/admin archive; excluded from student practice pending source, answer, KaTeX, and/or mapping verification.",,verified,Keep redacted from public student practice; verify source/transcription and obtain release authorization before promotion.
APCALC-LEGACY-BC-MCQ-1973-016,public_release_blocked,AP Calculus historical archive,37; 31,A,,"Retained in the canonical/admin archive; excluded from student practice pending source, answer, KaTeX, and/or mapping verification.",,verified,Keep redacted from public student practice; verify source/transcription and obtain release authorization before promotion.
APCALC-LEGACY-BC-MCQ-1973-017,public_release_blocked,AP Calculus historical archive,38; 32,C,,"Retained in the canonical/admin archive; excluded from student practice pending source, answer, KaTeX, and/or mapping verification.",,verified,Keep redacted from public student practice; verify source/transcription and obtain release authorization before promotion.
APCALC-LEGACY-BC-MCQ-1973-018,public_release_blocked,AP Calculus historical archive,38; 32,D,,"Retained in the canonical/admin archive; excluded from student practice pending source, answer, KaTeX, and/or mapping verification.",,verified,Keep redacted from public student practice; verify source/transcription and obtain release authorization before promotion.
APCALC-LEGACY-BC-MCQ-1973-019,public_release_blocked,AP Calculus historical archive,38; 32,D,,"Retained in the canonical/admin archive; excluded from student practice pending source, answer, KaTeX, and/or mapping verification.",,verified,Keep redacted from public student practice; verify source/transcription and obtain release authorization before promotion.
APCALC-LEGACY-BC-MCQ-1973-020,public_release_blocked,AP Calculus historical archive,38; 32,E,,"Retained in the canonical/admin archive; excluded from student practice pending source, answer, KaTeX, and/or mapping verification.",,verified,Keep redacted from public student practice; verify source/transcription and obtain release authorization before promotion.
APCALC-LEGACY-BC-MCQ-1973-021,public_release_blocked,AP Calculus historical archive,38; 32,B,,"Retained in the canonical/admin archive; excluded from student practice pending source, answer, KaTeX, and/or mapping verification.",,verified,Keep redacted from public student practice; verify source/transcription and obtain release authorization before promotion.
APCALC-LEGACY-BC-MCQ-1973-022,public_release_blocked,AP Calculus historical archive,39; 33,C,,"Retained in the canonical/admin archive; excluded from student practice pending source, answer, KaTeX, and/or mapping verification.",,verified,Keep redacted from public student practice; verify source/transcription and obtain release authorization before promotion.
APCALC-LEGACY-BC-MCQ-1973-023,public_release_blocked,AP Calculus historical archive,39; 33,C,,"Retained in the canonical/admin archive; excluded from student practice pending source, answer, KaTeX, and/or mapping verification.",,verified,Keep redacted from public student practice; verify source/transcription and obtain release authorization before promotion.
APCALC-LEGACY-BC-MCQ-1973-024,public_release_blocked,AP Calculus historical archive,39; 33,A,,"Retained in the canonical/admin archive; excluded from student practice pending source, answer, KaTeX, and/or mapping verification.",,verified,Keep redacted from public student practice; verify source/transcription and obtain release authorization before promotion.
APCALC-LEGACY-BC-MCQ-1973-025,public_release_blocked,AP Calculus historical archive,39; 33,B,,"Retained in the canonical/admin archive; excluded from student practice pending source, answer, KaTeX, and/or mapping verification.",,verified,Keep redacted from public student practice; verify source/transcription and obtain release authorization before promotion.
APCALC-LEGACY-BC-MCQ-1973-026,public_release_blocked,AP Calculus historical archive,39; 33,D,,"Retained in the canonical/admin archive; excluded from student practice pending source, answer, KaTeX, and/or mapping verification.",,verified,Keep redacted from public student practice; verify source/transcription and obtain release authorization before promotion.
APCALC-LEGACY-BC-MCQ-1973-027,public_release_blocked,AP Calculus historical archive,39; 33,E,,"Retained in the canonical/admin archive; excluded from student practice pending source, answer, KaTeX, and/or mapping verification.",,verified,Keep redacted from public student practice; verify source/transcription and obtain release authorization before promotion.
APCALC-LEGACY-BC-MCQ-1973-028,public_release_blocked,AP Calculus historical archive,40; 34,C,,"Retained in the canonical/admin archive; excluded from student practice pending source, answer, KaTeX, and/or mapping verification.",,verified,Keep redacted from public student practice; verify source/transcription and obtain release authorization before promotion.
APCALC-LEGACY-BC-MCQ-1973-029,public_release_blocked,AP Calculus historical archive,40; 34,A,,"Retained in the canonical/admin archive; excluded from student practice pending source, answer, KaTeX, and/or mapping verification.",,verified,Keep redacted from public student practice; verify source/transcription and obtain release authorization before promotion.
APCALC-LEGACY-BC-MCQ-1973-030,public_release_blocked,AP Calculus historical archive,40; 34,B,,"Retained in the canonical/admin archive; excluded from student practice pending source, answer, KaTeX, and/or mapping verification.",,verified,Keep redacted from public student practice; verify source/transcription and obtain release authorization before promotion.
APCALC-LEGACY-BC-MCQ-1973-031,public_release_blocked,AP Calculus historical archive,40; 34,E,,"Retained in the canonical/admin archive; excluded from student practice pending source, answer, KaTeX, and/or mapping verification.",,verified,Keep redacted from public student practice; verify source/transcription and obtain release authorization before promotion.
APCALC-LEGACY-BC-MCQ-1973-032,public_release_blocked,AP Calculus historical archive,40; 34,C,,"Retained in the canonical/admin archive; excluded from student practice pending source, answer, KaTeX, and/or mapping verification.",,verified,Keep redacted from public student practice; verify source/transcription and obtain release authorization before promotion.
APCALC-LEGACY-BC-MCQ-1973-033,public_release_blocked,AP Calculus historical archive,41; 35,A,,"Retained in the canonical/admin archive; excluded from student practice pending source, answer, KaTeX, and/or mapping verification.",,verified,Keep redacted from public student practice; verify source/transcription and obtain release authorization before promotion.
APCALC-LEGACY-BC-MCQ-1973-034,public_release_blocked,AP Calculus historical archive,41; 35,C,,"Retained in the canonical/admin archive; excluded from student practice pending source, answer, KaTeX, and/or mapping verification.",,verified,Keep redacted from public student practice; verify source/transcription and obtain release authorization before promotion.
APCALC-LEGACY-BC-MCQ-1973-035,public_release_blocked,AP Calculus historical archive,35; 29,C,,"Retained in the canonical/admin archive; excluded from student practice pending source, answer, KaTeX, and/or mapping verification.",,verified,Keep redacted from public student practice; verify source/transcription and obtain release authorization before promotion.
APCALC-LEGACY-BC-MCQ-1973-036,public_release_blocked,AP Calculus historical archive,41; 35,E,,"Retained in the canonical/admin archive; excluded from student practice pending source, answer, KaTeX, and/or mapping verification.",,verified,Keep redacted from public student practice; verify source/transcription and obtain release authorization before promotion.
APCALC-LEGACY-BC-MCQ-1973-037,public_release_blocked,AP Calculus historical archive,41; 35,E,,"Retained in the canonical/admin archive; excluded from student practice pending source, answer, KaTeX, and/or mapping verification.",,verified,Keep redacted from public student practice; verify source/transcription and obtain release authorization before promotion.
APCALC-LEGACY-BC-MCQ-1973-038,public_release_blocked,AP Calculus historical archive,41; 35,B,,"Retained in the canonical/admin archive; excluded from student practice pending source, answer, KaTeX, and/or mapping verification.",,verified,Keep redacted from public student practice; verify source/transcription and obtain release authorization before promotion.
APCALC-LEGACY-BC-MCQ-1973-039,public_release_blocked,AP Calculus historical archive,42; 36,D,,"Retained in the canonical/admin archive; excluded from student practice pending source, answer, KaTeX, and/or mapping verification.",,verified,Keep redacted from public student practice; verify source/transcription and obtain release authorization before promotion.
APCALC-LEGACY-BC-MCQ-1973-040,public_release_blocked,AP Calculus historical archive,42; 36,C,,"Retained in the canonical/admin archive; excluded from student practice pending source, answer, KaTeX, and/or mapping verification.",,verified,Keep redacted from public student practice; verify source/transcription and obtain release authorization before promotion.
APCALC-LEGACY-BC-MCQ-1973-041,public_release_blocked,AP Calculus historical archive,42; 36,D,,"Retained in the canonical/admin archive; excluded from student practice pending source, answer, KaTeX, and/or mapping verification.",,verified,Keep redacted from public student practice; verify source/transcription and obtain release authorization before promotion.
APCALC-LEGACY-BC-MCQ-1973-042,public_release_blocked,AP Calculus historical archive,42; 36,D,,"Retained in the canonical/admin archive; excluded from student practice pending source, answer, KaTeX, and/or mapping verification.",,verified,Keep redacted from public student practice; verify source/transcription and obtain release authorization before promotion.
APCALC-LEGACY-BC-MCQ-1973-043,public_release_blocked,AP Calculus historical archive,43; 37,E,,"Retained in the canonical/admin archive; excluded from student practice pending source, answer, KaTeX, and/or mapping verification.",,verified,Keep redacted from public student practice; verify source/transcription and obtain release authorization before promotion.
APCALC-LEGACY-BC-MCQ-1973-044,public_release_blocked,AP Calculus historical archive,43; 37,A,,"Retained in the canonical/admin archive; excluded from student practice pending source, answer, KaTeX, and/or mapping verification.",,verified,Keep redacted from public student practice; verify source/transcription and obtain release authorization before promotion.
APCALC-LEGACY-BC-MCQ-1973-045,public_release_blocked,AP Calculus historical archive,43; 37,E,,"Retained in the canonical/admin archive; excluded from student practice pending source, answer, KaTeX, and/or mapping verification.",,verified,Keep redacted from public student practice; verify source/transcription and obtain release authorization before promotion.
APCALC-LEGACY-BC-MCQ-1985-001,public_release_blocked,AP Calculus historical archive,53; 47,D,,"Retained in the canonical/admin archive; excluded from student practice pending source, answer, KaTeX, and/or mapping verification.",,verified,Keep redacted from public student practice; verify source/transcription and obtain release authorization before promotion.
APCALC-LEGACY-BC-MCQ-1985-002,public_release_blocked,AP Calculus historical archive,53; 47,A,,"Retained in the canonical/admin archive; excluded from student practice pending source, answer, KaTeX, and/or mapping verification.",,verified,Keep redacted from public student practice; verify source/transcription and obtain release authorization before promotion.
APCALC-LEGACY-BC-MCQ-1985-003,public_release_blocked,AP Calculus historical archive,53; 47,B,,"Retained in the canonical/admin archive; excluded from student practice pending source, answer, KaTeX, and/or mapping verification.",,verified,Keep redacted from public student practice; verify source/transcription and obtain release authorization before promotion.
APCALC-LEGACY-BC-MCQ-1985-004,public_release_blocked,AP Calculus historical archive,53; 47,D,,"Retained in the canonical/admin archive; excluded from student practice pending source, answer, KaTeX, and/or mapping verification.",,verified,Keep redacted from public student practice; verify source/transcription and obtain release authorization before promotion.
APCALC-LEGACY-BC-MCQ-1985-005,public_release_blocked,AP Calculus historical archive,54; 48,D,,"Retained in the canonical/admin archive; excluded from student practice pending source, answer, KaTeX, and/or mapping verification.",,verified,Keep redacted from public student practice; verify source/transcription and obtain release authorization before promotion.
APCALC-LEGACY-BC-MCQ-1985-006,public_release_blocked,AP Calculus historical archive,54; 48,E,,"Retained in the canonical/admin archive; excluded from student practice pending source, answer, KaTeX, and/or mapping verification.",,verified,Keep redacted from public student practice; verify source/transcription and obtain release authorization before promotion.
APCALC-LEGACY-BC-MCQ-1985-007,public_release_blocked,AP Calculus historical archive,55; 49,A,,"Retained in the canonical/admin archive; excluded from student practice pending source, answer, KaTeX, and/or mapping verification.",,verified,Keep redacted from public student practice; verify source/transcription and obtain release authorization before promotion.
APCALC-LEGACY-BC-MCQ-1985-008,public_release_blocked,AP Calculus historical archive,55; 49,C,,"Retained in the canonical/admin archive; excluded from student practice pending source, answer, KaTeX, and/or mapping verification.",,verified,Keep redacted from public student practice; verify source/transcription and obtain release authorization before promotion.
APCALC-LEGACY-BC-MCQ-1985-009,public_release_blocked,AP Calculus historical archive,55; 49,B,,"Retained in the canonical/admin archive; excluded from student practice pending source, answer, KaTeX, and/or mapping verification.",,verified,Keep redacted from public student practice; verify source/transcription and obtain release authorization before promotion.
APCALC-LEGACY-BC-MCQ-1985-010,public_release_blocked,AP Calculus historical archive,55; 49,A,,"Retained in the canonical/admin archive; excluded from student practice pending source, answer, KaTeX, and/or mapping verification.",,verified,Keep redacted from public student practice; verify source/transcription and obtain release authorization before promotion.
APCALC-LEGACY-BC-MCQ-1985-011,public_release_blocked,AP Calculus historical archive,56; 50,A,,"Retained in the canonical/admin archive; excluded from student practice pending source, answer, KaTeX, and/or mapping verification.",,verified,Keep redacted from public student practice; verify source/transcription and obtain release authorization before promotion.
APCALC-LEGACY-BC-MCQ-1985-012,public_release_blocked,AP Calculus historical archive,56; 50,A,,"Retained in the canonical/admin archive; excluded from student practice pending source, answer, KaTeX, and/or mapping verification.",,verified,Keep redacted from public student practice; verify source/transcription and obtain release authorization before promotion.
APCALC-LEGACY-BC-MCQ-1985-013,public_release_blocked,AP Calculus historical archive,56; 50,B,,"Retained in the canonical/admin archive; excluded from student practice pending source, answer, KaTeX, and/or mapping verification.",,verified,Keep redacted from public student practice; verify source/transcription and obtain release authorization before promotion.
APCALC-LEGACY-BC-MCQ-1985-014,public_release_blocked,AP Calculus historical archive,56; 50,C,,"Retained in the canonical/admin archive; excluded from student practice pending source, answer, KaTeX, and/or mapping verification.",,verified,Keep redacted from public student practice; verify source/transcription and obtain release authorization before promotion.
APCALC-LEGACY-BC-MCQ-1985-015,public_release_blocked,AP Calculus historical archive,56; 50,C,,"Retained in the canonical/admin archive; excluded from student practice pending source, answer, KaTeX, and/or mapping verification.",,verified,Keep redacted from public student practice; verify source/transcription and obtain release authorization before promotion.
APCALC-LEGACY-BC-MCQ-1985-016,public_release_blocked,AP Calculus historical archive,57; 51,C,,"Retained in the canonical/admin archive; excluded from student practice pending source, answer, KaTeX, and/or mapping verification.",,verified,Keep redacted from public student practice; verify source/transcription and obtain release authorization before promotion.
APCALC-LEGACY-BC-MCQ-1985-017,public_release_blocked,AP Calculus historical archive,57; 51,B,,"Retained in the canonical/admin archive; excluded from student practice pending source, answer, KaTeX, and/or mapping verification.",,verified,Keep redacted from public student practice; verify source/transcription and obtain release authorization before promotion.
APCALC-LEGACY-BC-MCQ-1985-018,public_release_blocked,AP Calculus historical archive,57; 51,C,,"Retained in the canonical/admin archive; excluded from student practice pending source, answer, KaTeX, and/or mapping verification.",,verified,Keep redacted from public student practice; verify source/transcription and obtain release authorization before promotion.
APCALC-LEGACY-BC-MCQ-1985-019,public_release_blocked,AP Calculus historical archive,57; 51,D,,"Retained in the canonical/admin archive; excluded from student practice pending source, answer, KaTeX, and/or mapping verification.",,verified,Keep redacted from public student practice; verify source/transcription and obtain release authorization before promotion.
APCALC-LEGACY-BC-MCQ-1985-020,public_release_blocked,AP Calculus historical archive,57; 51,C,,"Retained in the canonical/admin archive; excluded from student practice pending source, answer, KaTeX, and/or mapping verification.",,verified,Keep redacted from public student practice; verify source/transcription and obtain release authorization before promotion.
APCALC-LEGACY-BC-MCQ-1985-021,public_release_blocked,AP Calculus historical archive,58; 52,B,,"Retained in the canonical/admin archive; excluded from student practice pending source, answer, KaTeX, and/or mapping verification.",,verified,Keep redacted from public student practice; verify source/transcription and obtain release authorization before promotion.
APCALC-LEGACY-BC-MCQ-1985-022,public_release_blocked,AP Calculus historical archive,58; 52,A,,"Retained in the canonical/admin archive; excluded from student practice pending source, answer, KaTeX, and/or mapping verification.",,verified,Keep redacted from public student practice; verify source/transcription and obtain release authorization before promotion.
APCALC-LEGACY-BC-MCQ-1985-023,public_release_blocked,AP Calculus historical archive,58; 52,C,,"Retained in the canonical/admin archive; excluded from student practice pending source, answer, KaTeX, and/or mapping verification.",,verified,Keep redacted from public student practice; verify source/transcription and obtain release authorization before promotion.
APCALC-LEGACY-BC-MCQ-1985-024,public_release_blocked,AP Calculus historical archive,58; 52,D,,"Retained in the canonical/admin archive; excluded from student practice pending source, answer, KaTeX, and/or mapping verification.",,verified,Keep redacted from public student practice; verify source/transcription and obtain release authorization before promotion.
APCALC-LEGACY-BC-MCQ-1985-025,public_release_blocked,AP Calculus historical archive,58; 52,C,,"Retained in the canonical/admin archive; excluded from student practice pending source, answer, KaTeX, and/or mapping verification.",,verified,Keep redacted from public student practice; verify source/transcription and obtain release authorization before promotion.
APCALC-LEGACY-BC-MCQ-1985-026,public_release_blocked,AP Calculus historical archive,58; 52,E,,"Retained in the canonical/admin archive; excluded from student practice pending source, answer, KaTeX, and/or mapping verification.",,verified,Keep redacted from public student practice; verify source/transcription and obtain release authorization before promotion.
APCALC-LEGACY-BC-MCQ-1985-027,public_release_blocked,AP Calculus historical archive,59; 53,E,,"Retained in the canonical/admin archive; excluded from student practice pending source, answer, KaTeX, and/or mapping verification.",,verified,Keep redacted from public student practice; verify source/transcription and obtain release authorization before promotion.
APCALC-LEGACY-BC-MCQ-1985-028,public_release_blocked,AP Calculus historical archive,59; 53,E,,"Retained in the canonical/admin archive; excluded from student practice pending source, answer, KaTeX, and/or mapping verification.",,verified,Keep redacted from public student practice; verify source/transcription and obtain release authorization before promotion.
APCALC-LEGACY-BC-MCQ-1985-029,public_release_blocked,AP Calculus historical archive,59; 53,D,,"Retained in the canonical/admin archive; excluded from student practice pending source, answer, KaTeX, and/or mapping verification.",,verified,Keep redacted from public student practice; verify source/transcription and obtain release authorization before promotion.
APCALC-LEGACY-BC-MCQ-1985-030,public_release_blocked,AP Calculus historical archive,59; 53,B,,"Retained in the canonical/admin archive; excluded from student practice pending source, answer, KaTeX, and/or mapping verification.",,verified,Keep redacted from public student practice; verify source/transcription and obtain release authorization before promotion.
APCALC-LEGACY-BC-MCQ-1985-031,public_release_blocked,AP Calculus historical archive,59; 53,D,,"Retained in the canonical/admin archive; excluded from student practice pending source, answer, KaTeX, and/or mapping verification.",,verified,Keep redacted from public student practice; verify source/transcription and obtain release authorization before promotion.
APCALC-LEGACY-BC-MCQ-1985-032,public_release_blocked,AP Calculus historical archive,60; 54,E,,"Retained in the canonical/admin archive; excluded from student practice pending source, answer, KaTeX, and/or mapping verification.",,verified,Keep redacted from public student practice; verify source/transcription and obtain release authorization before promotion.
APCALC-LEGACY-BC-MCQ-1985-033,public_release_blocked,AP Calculus historical archive,60; 54,C,,"Retained in the canonical/admin archive; excluded from student practice pending source, answer, KaTeX, and/or mapping verification.",,verified,Keep redacted from public student practice; verify source/transcription and obtain release authorization before promotion.
APCALC-LEGACY-BC-MCQ-1985-034,public_release_blocked,AP Calculus historical archive,60; 54,A,,"Retained in the canonical/admin archive; excluded from student practice pending source, answer, KaTeX, and/or mapping verification.",,verified,Keep redacted from public student practice; verify source/transcription and obtain release authorization before promotion.
APCALC-LEGACY-BC-MCQ-1985-035,public_release_blocked,AP Calculus historical archive,60; 54,B,,"Retained in the canonical/admin archive; excluded from student practice pending source, answer, KaTeX, and/or mapping verification.",,verified,Keep redacted from public student practice; verify source/transcription and obtain release authorization before promotion.
APCALC-LEGACY-BC-MCQ-1985-036,public_release_blocked,AP Calculus historical archive,61; 55,E,,"Retained in the canonical/admin archive; excluded from student practice pending source, answer, KaTeX, and/or mapping verification.",,verified,Keep redacted from public student practice; verify source/transcription and obtain release authorization before promotion.
APCALC-LEGACY-BC-MCQ-1985-037,public_release_blocked,AP Calculus historical archive,61; 55,A,,"Retained in the canonical/admin archive; excluded from student practice pending source, answer, KaTeX, and/or mapping verification.",,verified,Keep redacted from public student practice; verify source/transcription and obtain release authorization before promotion.
APCALC-LEGACY-BC-MCQ-1985-038,public_release_blocked,AP Calculus historical archive,61; 55,C,,"Retained in the canonical/admin archive; excluded from student practice pending source, answer, KaTeX, and/or mapping verification.",,verified,Keep redacted from public student practice; verify source/transcription and obtain release authorization before promotion.
APCALC-LEGACY-BC-MCQ-1985-039,public_release_blocked,AP Calculus historical archive,61; 55,A,,"Retained in the canonical/admin archive; excluded from student practice pending source, answer, KaTeX, and/or mapping verification.",,verified,Keep redacted from public student practice; verify source/transcription and obtain release authorization before promotion.
APCALC-LEGACY-BC-MCQ-1985-040,public_release_blocked,AP Calculus historical archive,61; 55,A,,"Retained in the canonical/admin archive; excluded from student practice pending source, answer, KaTeX, and/or mapping verification.",,verified,Keep redacted from public student practice; verify source/transcription and obtain release authorization before promotion.
APCALC-LEGACY-BC-MCQ-1985-041,public_release_blocked,AP Calculus historical archive,62; 56,C,,"Retained in the canonical/admin archive; excluded from student practice pending source, answer, KaTeX, and/or mapping verification.",,verified,Keep redacted from public student practice; verify source/transcription and obtain release authorization before promotion.
APCALC-LEGACY-BC-MCQ-1985-042,public_release_blocked,AP Calculus historical archive,62; 56,E,,"Retained in the canonical/admin archive; excluded from student practice pending source, answer, KaTeX, and/or mapping verification.",,verified,Keep redacted from public student practice; verify source/transcription and obtain release authorization before promotion.
APCALC-LEGACY-BC-MCQ-1985-043,public_release_blocked,AP Calculus historical archive,62; 56,E,,"Retained in the canonical/admin archive; excluded from student practice pending source, answer, KaTeX, and/or mapping verification.",,verified,Keep redacted from public student practice; verify source/transcription and obtain release authorization before promotion.
APCALC-LEGACY-BC-MCQ-1985-044,public_release_blocked,AP Calculus historical archive,62; 56,A,,"Retained in the canonical/admin archive; excluded from student practice pending source, answer, KaTeX, and/or mapping verification.",,verified,Keep redacted from public student practice; verify source/transcription and obtain release authorization before promotion.
APCALC-LEGACY-BC-MCQ-1985-045,public_release_blocked,AP Calculus historical archive,62; 56,D,,"Retained in the canonical/admin archive; excluded from student practice pending source, answer, KaTeX, and/or mapping verification.",,verified,Keep redacted from public student practice; verify source/transcription and obtain release authorization before promotion.
APCALC-LEGACY-BC-MCQ-1988-001,public_release_blocked,AP Calculus historical archive,73; 67,A,,"Retained in the canonical/admin archive; excluded from student practice pending source, answer, KaTeX, and/or mapping verification.",,verified,Keep redacted from public student practice; verify source/transcription and obtain release authorization before promotion.
APCALC-LEGACY-BC-MCQ-1988-002,public_release_blocked,AP Calculus historical archive,73; 67,D,,"Retained in the canonical/admin archive; excluded from student practice pending source, answer, KaTeX, and/or mapping verification.",,verified,Keep redacted from public student practice; verify source/transcription and obtain release authorization before promotion.
APCALC-LEGACY-BC-MCQ-1988-003,public_release_blocked,AP Calculus historical archive,73; 67,B,,"Retained in the canonical/admin archive; excluded from student practice pending source, answer, KaTeX, and/or mapping verification.",,verified,Keep redacted from public student practice; verify source/transcription and obtain release authorization before promotion.
APCALC-LEGACY-BC-MCQ-1988-004,public_release_blocked,AP Calculus historical archive,73; 67,E,,"Retained in the canonical/admin archive; excluded from student practice pending source, answer, KaTeX, and/or mapping verification.",,verified,Keep redacted from public student practice; verify source/transcription and obtain release authorization before promotion.
APCALC-LEGACY-BC-MCQ-1988-005,public_release_blocked,AP Calculus historical archive,74; 68,C,,"Retained in the canonical/admin archive; excluded from student practice pending source, answer, KaTeX, and/or mapping verification.",,verified,Keep redacted from public student practice; verify source/transcription and obtain release authorization before promotion.
APCALC-LEGACY-BC-MCQ-1988-006,public_release_blocked,AP Calculus historical archive,74; 68,C,,"Retained in the canonical/admin archive; excluded from student practice pending source, answer, KaTeX, and/or mapping verification.",,verified,Keep redacted from public student practice; verify source/transcription and obtain release authorization before promotion.
APCALC-LEGACY-BC-MCQ-1988-007,public_release_blocked,AP Calculus historical archive,74; 68,A,,"Retained in the canonical/admin archive; excluded from student practice pending source, answer, KaTeX, and/or mapping verification.",,verified,Keep redacted from public student practice; verify source/transcription and obtain release authorization before promotion.
APCALC-LEGACY-BC-MCQ-1988-008,public_release_blocked,AP Calculus historical archive,74; 68,A,,"Retained in the canonical/admin archive; excluded from student practice pending source, answer, KaTeX, and/or mapping verification.",,verified,Keep redacted from public student practice; verify source/transcription and obtain release authorization before promotion.
APCALC-LEGACY-BC-MCQ-1988-009,public_release_blocked,AP Calculus historical archive,75; 69,D,,"Retained in the canonical/admin archive; excluded from student practice pending source, answer, KaTeX, and/or mapping verification.",,verified,Keep redacted from public student practice; verify source/transcription and obtain release authorization before promotion.
APCALC-LEGACY-BC-MCQ-1988-010,public_release_blocked,AP Calculus historical archive,75; 69,D,,"Retained in the canonical/admin archive; excluded from student practice pending source, answer, KaTeX, and/or mapping verification.",,verified,Keep redacted from public student practice; verify source/transcription and obtain release authorization before promotion.
APCALC-LEGACY-BC-MCQ-1988-011,public_release_blocked,AP Calculus historical archive,75; 69,A,,"Retained in the canonical/admin archive; excluded from student practice pending source, answer, KaTeX, and/or mapping verification.",,verified,Keep redacted from public student practice; verify source/transcription and obtain release authorization before promotion.
APCALC-LEGACY-BC-MCQ-1988-012,public_release_blocked,AP Calculus historical archive,75; 69,B,,"Retained in the canonical/admin archive; excluded from student practice pending source, answer, KaTeX, and/or mapping verification.",,verified,Keep redacted from public student practice; verify source/transcription and obtain release authorization before promotion.
APCALC-LEGACY-BC-MCQ-1988-013,public_release_blocked,AP Calculus historical archive,76; 70,B,,"Retained in the canonical/admin archive; excluded from student practice pending source, answer, KaTeX, and/or mapping verification.",,verified,Keep redacted from public student practice; verify source/transcription and obtain release authorization before promotion.
APCALC-LEGACY-BC-MCQ-1988-014,public_release_blocked,AP Calculus historical archive,76; 70,A,,"Retained in the canonical/admin archive; excluded from student practice pending source, answer, KaTeX, and/or mapping verification.",,verified,Keep redacted from public student practice; verify source/transcription and obtain release authorization before promotion.
APCALC-LEGACY-BC-MCQ-1988-015,public_release_blocked,AP Calculus historical archive,76; 70,E,,"Retained in the canonical/admin archive; excluded from student practice pending source, answer, KaTeX, and/or mapping verification.",,verified,Keep redacted from public student practice; verify source/transcription and obtain release authorization before promotion.
APCALC-LEGACY-BC-MCQ-1988-016,public_release_blocked,AP Calculus historical archive,77; 71,A,,"Retained in the canonical/admin archive; excluded from student practice pending source, answer, KaTeX, and/or mapping verification.",,verified,Keep redacted from public student practice; verify source/transcription and obtain release authorization before promotion.
APCALC-LEGACY-BC-MCQ-1988-017,public_release_blocked,AP Calculus historical archive,77; 71,D,,"Retained in the canonical/admin archive; excluded from student practice pending source, answer, KaTeX, and/or mapping verification.",,verified,Keep redacted from public student practice; verify source/transcription and obtain release authorization before promotion.
APCALC-LEGACY-BC-MCQ-1988-018,public_release_blocked,AP Calculus historical archive,77; 71,E,,"Retained in the canonical/admin archive; excluded from student practice pending source, answer, KaTeX, and/or mapping verification.",,verified,Keep redacted from public student practice; verify source/transcription and obtain release authorization before promotion.
APCALC-LEGACY-BC-MCQ-1988-019,public_release_blocked,AP Calculus historical archive,77; 71,B,,"Retained in the canonical/admin archive; excluded from student practice pending source, answer, KaTeX, and/or mapping verification.",,verified,Keep redacted from public student practice; verify source/transcription and obtain release authorization before promotion.
APCALC-LEGACY-BC-MCQ-1988-020,public_release_blocked,AP Calculus historical archive,77; 71,E,,"Retained in the canonical/admin archive; excluded from student practice pending source, answer, KaTeX, and/or mapping verification.",,verified,Keep redacted from public student practice; verify source/transcription and obtain release authorization before promotion.
APCALC-LEGACY-BC-MCQ-1988-021,public_release_blocked,AP Calculus historical archive,78; 72,D,,"Retained in the canonical/admin archive; excluded from student practice pending source, answer, KaTeX, and/or mapping verification.",,verified,Keep redacted from public student practice; verify source/transcription and obtain release authorization before promotion.
APCALC-LEGACY-BC-MCQ-1988-022,public_release_blocked,AP Calculus historical archive,78; 72,E,,"Retained in the canonical/admin archive; excluded from student practice pending source, answer, KaTeX, and/or mapping verification.",,verified,Keep redacted from public student practice; verify source/transcription and obtain release authorization before promotion.
APCALC-LEGACY-BC-MCQ-1988-023,public_release_blocked,AP Calculus historical archive,78; 72,E,,"Retained in the canonical/admin archive; excluded from student practice pending source, answer, KaTeX, and/or mapping verification.",,verified,Keep redacted from public student practice; verify source/transcription and obtain release authorization before promotion.
APCALC-LEGACY-BC-MCQ-1988-024,public_release_blocked,AP Calculus historical archive,79; 73,D,,"Retained in the canonical/admin archive; excluded from student practice pending source, answer, KaTeX, and/or mapping verification.",,verified,Keep redacted from public student practice; verify source/transcription and obtain release authorization before promotion.
APCALC-LEGACY-BC-MCQ-1988-025,public_release_blocked,AP Calculus historical archive,79; 73,D,,"Retained in the canonical/admin archive; excluded from student practice pending source, answer, KaTeX, and/or mapping verification.",,verified,Keep redacted from public student practice; verify source/transcription and obtain release authorization before promotion.
APCALC-LEGACY-BC-MCQ-1988-026,public_release_blocked,AP Calculus historical archive,79; 73,C,,"Retained in the canonical/admin archive; excluded from student practice pending source, answer, KaTeX, and/or mapping verification.",,verified,Keep redacted from public student practice; verify source/transcription and obtain release authorization before promotion.
APCALC-LEGACY-BC-MCQ-1988-027,public_release_blocked,AP Calculus historical archive,79; 73,B,,"Retained in the canonical/admin archive; excluded from student practice pending source, answer, KaTeX, and/or mapping verification.",,verified,Keep redacted from public student practice; verify source/transcription and obtain release authorization before promotion.
APCALC-LEGACY-BC-MCQ-1988-028,public_release_blocked,AP Calculus historical archive,80; 74,E,,"Retained in the canonical/admin archive; excluded from student practice pending source, answer, KaTeX, and/or mapping verification.",,verified,Keep redacted from public student practice; verify source/transcription and obtain release authorization before promotion.
APCALC-LEGACY-BC-MCQ-1988-029,public_release_blocked,AP Calculus historical archive,80; 74,B,,"Retained in the canonical/admin archive; excluded from student practice pending source, answer, KaTeX, and/or mapping verification.",,verified,Keep redacted from public student practice; verify source/transcription and obtain release authorization before promotion.
APCALC-LEGACY-BC-MCQ-1988-030,public_release_blocked,AP Calculus historical archive,80; 74,C,,"Retained in the canonical/admin archive; excluded from student practice pending source, answer, KaTeX, and/or mapping verification.",,verified,Keep redacted from public student practice; verify source/transcription and obtain release authorization before promotion.
APCALC-LEGACY-BC-MCQ-1988-031,public_release_blocked,AP Calculus historical archive,80; 74,C,,"Retained in the canonical/admin archive; excluded from student practice pending source, answer, KaTeX, and/or mapping verification.",,verified,Keep redacted from public student practice; verify source/transcription and obtain release authorization before promotion.
APCALC-LEGACY-BC-MCQ-1988-032,public_release_blocked,AP Calculus historical archive,80; 74,E,,"Retained in the canonical/admin archive; excluded from student practice pending source, answer, KaTeX, and/or mapping verification.",,verified,Keep redacted from public student practice; verify source/transcription and obtain release authorization before promotion.
APCALC-LEGACY-BC-MCQ-1988-033,public_release_blocked,AP Calculus historical archive,81; 75,E,,"Retained in the canonical/admin archive; excluded from student practice pending source, answer, KaTeX, and/or mapping verification.",,verified,Keep redacted from public student practice; verify source/transcription and obtain release authorization before promotion.
APCALC-LEGACY-BC-MCQ-1988-034,public_release_blocked,AP Calculus historical archive,81; 75,C,,"Retained in the canonical/admin archive; excluded from student practice pending source, answer, KaTeX, and/or mapping verification.",,verified,Keep redacted from public student practice; verify source/transcription and obtain release authorization before promotion.
APCALC-LEGACY-BC-MCQ-1988-035,public_release_blocked,AP Calculus historical archive,81; 75,A,,"Retained in the canonical/admin archive; excluded from student practice pending source, answer, KaTeX, and/or mapping verification.",,verified,Keep redacted from public student practice; verify source/transcription and obtain release authorization before promotion.
APCALC-LEGACY-BC-MCQ-1988-036,public_release_blocked,AP Calculus historical archive,81; 75,EorD,,"Retained in the canonical/admin archive; excluded from student practice pending source, answer, KaTeX, and/or mapping verification.",,verified,Keep redacted from public student practice; verify source/transcription and obtain release authorization before promotion.
APCALC-LEGACY-BC-MCQ-1988-037,public_release_blocked,AP Calculus historical archive,81; 75,D,,"Retained in the canonical/admin archive; excluded from student practice pending source, answer, KaTeX, and/or mapping verification.",,verified,Keep redacted from public student practice; verify source/transcription and obtain release authorization before promotion.
APCALC-LEGACY-BC-MCQ-1988-038,public_release_blocked,AP Calculus historical archive,82; 76,C,,"Retained in the canonical/admin archive; excluded from student practice pending source, answer, KaTeX, and/or mapping verification.",,verified,Keep redacted from public student practice; verify source/transcription and obtain release authorization before promotion.
APCALC-LEGACY-BC-MCQ-1988-039,public_release_blocked,AP Calculus historical archive,82; 76,C,,"Retained in the canonical/admin archive; excluded from student practice pending source, answer, KaTeX, and/or mapping verification.",,verified,Keep redacted from public student practice; verify source/transcription and obtain release authorization before promotion.
APCALC-LEGACY-BC-MCQ-1988-040,public_release_blocked,AP Calculus historical archive,82; 76,E,,"Retained in the canonical/admin archive; excluded from student practice pending source, answer, KaTeX, and/or mapping verification.",,verified,Keep redacted from public student practice; verify source/transcription and obtain release authorization before promotion.
APCALC-LEGACY-BC-MCQ-1988-041,public_release_blocked,AP Calculus historical archive,82; 76,B,,"Retained in the canonical/admin archive; excluded from student practice pending source, answer, KaTeX, and/or mapping verification.",,verified,Keep redacted from public student practice; verify source/transcription and obtain release authorization before promotion.
APCALC-LEGACY-BC-MCQ-1988-042,public_release_blocked,AP Calculus historical archive,82; 76,A,,"Retained in the canonical/admin archive; excluded from student practice pending source, answer, KaTeX, and/or mapping verification.",,verified,Keep redacted from public student practice; verify source/transcription and obtain release authorization before promotion.
APCALC-LEGACY-BC-MCQ-1988-043,public_release_blocked,AP Calculus historical archive,83; 77,A,,"Retained in the canonical/admin archive; excluded from student practice pending source, answer, KaTeX, and/or mapping verification.",,verified,Keep redacted from public student practice; verify source/transcription and obtain release authorization before promotion.
APCALC-LEGACY-BC-MCQ-1988-044,public_release_blocked,AP Calculus historical archive,83; 77,A,,"Retained in the canonical/admin archive; excluded from student practice pending source, answer, KaTeX, and/or mapping verification.",,verified,Keep redacted from public student practice; verify source/transcription and obtain release authorization before promotion.
APCALC-LEGACY-BC-MCQ-1988-045,public_release_blocked,AP Calculus historical archive,83; 77,B,,"Retained in the canonical/admin archive; excluded from student practice pending source, answer, KaTeX, and/or mapping verification.",,verified,Keep redacted from public student practice; verify source/transcription and obtain release authorization before promotion.
APCALC-LEGACY-BC-MCQ-1993-001,public_release_blocked,AP Calculus historical archive,95; 89,A,,"Retained in the canonical/admin archive; excluded from student practice pending source, answer, KaTeX, and/or mapping verification.",,verified,Keep redacted from public student practice; verify source/transcription and obtain release authorization before promotion.
APCALC-LEGACY-BC-MCQ-1993-002,public_release_blocked,AP Calculus historical archive,95; 89,C,,"Retained in the canonical/admin archive; excluded from student practice pending source, answer, KaTeX, and/or mapping verification.",,verified,Keep redacted from public student practice; verify source/transcription and obtain release authorization before promotion.
APCALC-LEGACY-BC-MCQ-1993-003,public_release_blocked,AP Calculus historical archive,95; 89,E,,"Retained in the canonical/admin archive; excluded from student practice pending source, answer, KaTeX, and/or mapping verification.",,verified,Keep redacted from public student practice; verify source/transcription and obtain release authorization before promotion.
APCALC-LEGACY-BC-MCQ-1993-004,public_release_blocked,AP Calculus historical archive,95; 89,B,,"Retained in the canonical/admin archive; excluded from student practice pending source, answer, KaTeX, and/or mapping verification.",,verified,Keep redacted from public student practice; verify source/transcription and obtain release authorization before promotion.
APCALC-LEGACY-BC-MCQ-1993-005,public_release_blocked,AP Calculus historical archive,96; 90,D,,"Retained in the canonical/admin archive; excluded from student practice pending source, answer, KaTeX, and/or mapping verification.",,verified,Keep redacted from public student practice; verify source/transcription and obtain release authorization before promotion.
APCALC-LEGACY-BC-MCQ-1993-006,public_release_blocked,AP Calculus historical archive,96; 90,A,,"Retained in the canonical/admin archive; excluded from student practice pending source, answer, KaTeX, and/or mapping verification.",,verified,Keep redacted from public student practice; verify source/transcription and obtain release authorization before promotion.
APCALC-LEGACY-BC-MCQ-1993-007,public_release_blocked,AP Calculus historical archive,96; 90,A,,"Retained in the canonical/admin archive; excluded from student practice pending source, answer, KaTeX, and/or mapping verification.",,verified,Keep redacted from public student practice; verify source/transcription and obtain release authorization before promotion.
APCALC-LEGACY-BC-MCQ-1993-008,public_release_blocked,AP Calculus historical archive,96; 90,B,,"Retained in the canonical/admin archive; excluded from student practice pending source, answer, KaTeX, and/or mapping verification.",,verified,Keep redacted from public student practice; verify source/transcription and obtain release authorization before promotion.
APCALC-LEGACY-BC-MCQ-1993-009,public_release_blocked,AP Calculus historical archive,97; 91,D,,"Retained in the canonical/admin archive; excluded from student practice pending source, answer, KaTeX, and/or mapping verification.",,verified,Keep redacted from public student practice; verify source/transcription and obtain release authorization before promotion.
APCALC-LEGACY-BC-MCQ-1993-010,public_release_blocked,AP Calculus historical archive,97; 91,E,,"Retained in the canonical/admin archive; excluded from student practice pending source, answer, KaTeX, and/or mapping verification.",,verified,Keep redacted from public student practice; verify source/transcription and obtain release authorization before promotion.
APCALC-LEGACY-BC-MCQ-1993-011,public_release_blocked,AP Calculus historical archive,97; 91,E,,"Retained in the canonical/admin archive; excluded from student practice pending source, answer, KaTeX, and/or mapping verification.",,verified,Keep redacted from public student practice; verify source/transcription and obtain release authorization before promotion.
APCALC-LEGACY-BC-MCQ-1993-012,public_release_blocked,AP Calculus historical archive,97; 91,E,,"Retained in the canonical/admin archive; excluded from student practice pending source, answer, KaTeX, and/or mapping verification.",,verified,Keep redacted from public student practice; verify source/transcription and obtain release authorization before promotion.
APCALC-LEGACY-BC-MCQ-1993-013,public_release_blocked,AP Calculus historical archive,97; 91,C,,"Retained in the canonical/admin archive; excluded from student practice pending source, answer, KaTeX, and/or mapping verification.",,verified,Keep redacted from public student practice; verify source/transcription and obtain release authorization before promotion.
APCALC-LEGACY-BC-MCQ-1993-014,public_release_blocked,AP Calculus historical archive,98; 92,B,,"Retained in the canonical/admin archive; excluded from student practice pending source, answer, KaTeX, and/or mapping verification.",,verified,Keep redacted from public student practice; verify source/transcription and obtain release authorization before promotion.
APCALC-LEGACY-BC-MCQ-1993-015,public_release_blocked,AP Calculus historical archive,98; 92,D,,"Retained in the canonical/admin archive; excluded from student practice pending source, answer, KaTeX, and/or mapping verification.",,verified,Keep redacted from public student practice; verify source/transcription and obtain release authorization before promotion.
APCALC-LEGACY-BC-MCQ-1993-016,public_release_blocked,AP Calculus historical archive,98; 92,A,,"Retained in the canonical/admin archive; excluded from student practice pending source, answer, KaTeX, and/or mapping verification.",,verified,Keep redacted from public student practice; verify source/transcription and obtain release authorization before promotion.
APCALC-LEGACY-BC-MCQ-1993-017,public_release_blocked,AP Calculus historical archive,98; 92,A,,"Retained in the canonical/admin archive; excluded from student practice pending source, answer, KaTeX, and/or mapping verification.",,verified,Keep redacted from public student practice; verify source/transcription and obtain release authorization before promotion.
APCALC-LEGACY-BC-MCQ-1993-018,public_release_blocked,AP Calculus historical archive,98; 92,B,,"Retained in the canonical/admin archive; excluded from student practice pending source, answer, KaTeX, and/or mapping verification.",,verified,Keep redacted from public student practice; verify source/transcription and obtain release authorization before promotion.
APCALC-LEGACY-BC-MCQ-1993-019,public_release_blocked,AP Calculus historical archive,99; 93,B,,"Retained in the canonical/admin archive; excluded from student practice pending source, answer, KaTeX, and/or mapping verification.",,verified,Keep redacted from public student practice; verify source/transcription and obtain release authorization before promotion.
APCALC-LEGACY-BC-MCQ-1993-020,public_release_blocked,AP Calculus historical archive,99; 93,E,,"Retained in the canonical/admin archive; excluded from student practice pending source, answer, KaTeX, and/or mapping verification.",,verified,Keep redacted from public student practice; verify source/transcription and obtain release authorization before promotion.
APCALC-LEGACY-BC-MCQ-1993-021,public_release_blocked,AP Calculus historical archive,99; 93,A,,"Retained in the canonical/admin archive; excluded from student practice pending source, answer, KaTeX, and/or mapping verification.",,verified,Keep redacted from public student practice; verify source/transcription and obtain release authorization before promotion.
APCALC-LEGACY-BC-MCQ-1993-022,public_release_blocked,AP Calculus historical archive,100; 94,B,,"Retained in the canonical/admin archive; excluded from student practice pending source, answer, KaTeX, and/or mapping verification.",,verified,Keep redacted from public student practice; verify source/transcription and obtain release authorization before promotion.
APCALC-LEGACY-BC-MCQ-1993-023,public_release_blocked,AP Calculus historical archive,100; 94,D,,"Retained in the canonical/admin archive; excluded from student practice pending source, answer, KaTeX, and/or mapping verification.",,verified,Keep redacted from public student practice; verify source/transcription and obtain release authorization before promotion.
APCALC-LEGACY-BC-MCQ-1993-024,public_release_blocked,AP Calculus historical archive,100; 94,C,,"Retained in the canonical/admin archive; excluded from student practice pending source, answer, KaTeX, and/or mapping verification.",,verified,Keep redacted from public student practice; verify source/transcription and obtain release authorization before promotion.
APCALC-LEGACY-BC-MCQ-1993-025,public_release_blocked,AP Calculus historical archive,100; 94,D,,"Retained in the canonical/admin archive; excluded from student practice pending source, answer, KaTeX, and/or mapping verification.",,verified,Keep redacted from public student practice; verify source/transcription and obtain release authorization before promotion.
APCALC-LEGACY-BC-MCQ-1993-026,public_release_blocked,AP Calculus historical archive,101; 95,B,,"Retained in the canonical/admin archive; excluded from student practice pending source, answer, KaTeX, and/or mapping verification.",,verified,Keep redacted from public student practice; verify source/transcription and obtain release authorization before promotion.
APCALC-LEGACY-BC-MCQ-1993-027,public_release_blocked,AP Calculus historical archive,96; 90,C,,"Retained in the canonical/admin archive; excluded from student practice pending source, answer, KaTeX, and/or mapping verification.",,verified,Keep redacted from public student practice; verify source/transcription and obtain release authorization before promotion.
APCALC-LEGACY-BC-MCQ-1993-028,public_release_blocked,AP Calculus historical archive,101; 95,A,,"Retained in the canonical/admin archive; excluded from student practice pending source, answer, KaTeX, and/or mapping verification.",,verified,Keep redacted from public student practice; verify source/transcription and obtain release authorization before promotion.
APCALC-LEGACY-BC-MCQ-1993-029,public_release_blocked,AP Calculus historical archive,101; 95,E,,"Retained in the canonical/admin archive; excluded from student practice pending source, answer, KaTeX, and/or mapping verification.",,verified,Keep redacted from public student practice; verify source/transcription and obtain release authorization before promotion.
APCALC-LEGACY-BC-MCQ-1993-030,public_release_blocked,AP Calculus historical archive,101; 95,C,,"Retained in the canonical/admin archive; excluded from student practice pending source, answer, KaTeX, and/or mapping verification.",,verified,Keep redacted from public student practice; verify source/transcription and obtain release authorization before promotion.
APCALC-LEGACY-BC-MCQ-1993-031,public_release_blocked,AP Calculus historical archive,102; 96,A,,"Retained in the canonical/admin archive; excluded from student practice pending source, answer, KaTeX, and/or mapping verification.",,verified,Keep redacted from public student practice; verify source/transcription and obtain release authorization before promotion.
APCALC-LEGACY-BC-MCQ-1993-032,public_release_blocked,AP Calculus historical archive,102; 96,B,,"Retained in the canonical/admin archive; excluded from student practice pending source, answer, KaTeX, and/or mapping verification.",,verified,Keep redacted from public student practice; verify source/transcription and obtain release authorization before promotion.
APCALC-LEGACY-BC-MCQ-1993-033,public_release_blocked,AP Calculus historical archive,102; 96,A,,"Retained in the canonical/admin archive; excluded from student practice pending source, answer, KaTeX, and/or mapping verification.",,verified,Keep redacted from public student practice; verify source/transcription and obtain release authorization before promotion.
APCALC-LEGACY-BC-MCQ-1993-034,public_release_blocked,AP Calculus historical archive,103; 97,E,,"Retained in the canonical/admin archive; excluded from student practice pending source, answer, KaTeX, and/or mapping verification.",,verified,Keep redacted from public student practice; verify source/transcription and obtain release authorization before promotion.
APCALC-LEGACY-BC-MCQ-1993-035,public_release_blocked,AP Calculus historical archive,103; 97,A,,"Retained in the canonical/admin archive; excluded from student practice pending source, answer, KaTeX, and/or mapping verification.",,verified,Keep redacted from public student practice; verify source/transcription and obtain release authorization before promotion.
APCALC-LEGACY-BC-MCQ-1993-036,public_release_blocked,AP Calculus historical archive,103; 97,E,,"Retained in the canonical/admin archive; excluded from student practice pending source, answer, KaTeX, and/or mapping verification.",,verified,Keep redacted from public student practice; verify source/transcription and obtain release authorization before promotion.
APCALC-LEGACY-BC-MCQ-1993-037,public_release_blocked,AP Calculus historical archive,104; 98,B,,"Retained in the canonical/admin archive; excluded from student practice pending source, answer, KaTeX, and/or mapping verification.",,verified,Keep redacted from public student practice; verify source/transcription and obtain release authorization before promotion.
APCALC-LEGACY-BC-MCQ-1993-038,public_release_blocked,AP Calculus historical archive,104; 98,C,,"Retained in the canonical/admin archive; excluded from student practice pending source, answer, KaTeX, and/or mapping verification.",,verified,Keep redacted from public student practice; verify source/transcription and obtain release authorization before promotion.
APCALC-LEGACY-BC-MCQ-1993-039,public_release_blocked,AP Calculus historical archive,104; 98,C,,"Retained in the canonical/admin archive; excluded from student practice pending source, answer, KaTeX, and/or mapping verification.",,verified,Keep redacted from public student practice; verify source/transcription and obtain release authorization before promotion.
APCALC-LEGACY-BC-MCQ-1993-040,public_release_blocked,AP Calculus historical archive,104; 98,C,,"Retained in the canonical/admin archive; excluded from student practice pending source, answer, KaTeX, and/or mapping verification.",,verified,Keep redacted from public student practice; verify source/transcription and obtain release authorization before promotion.
APCALC-LEGACY-BC-MCQ-1993-041,public_release_blocked,AP Calculus historical archive,104; 98,C,,"Retained in the canonical/admin archive; excluded from student practice pending source, answer, KaTeX, and/or mapping verification.",,verified,Keep redacted from public student practice; verify source/transcription and obtain release authorization before promotion.
APCALC-LEGACY-BC-MCQ-1993-042,public_release_blocked,AP Calculus historical archive,104; 98,E,,"Retained in the canonical/admin archive; excluded from student practice pending source, answer, KaTeX, and/or mapping verification.",,verified,Keep redacted from public student practice; verify source/transcription and obtain release authorization before promotion.
APCALC-LEGACY-BC-MCQ-1993-043,public_release_blocked,AP Calculus historical archive,105; 99,A,,"Retained in the canonical/admin archive; excluded from student practice pending source, answer, KaTeX, and/or mapping verification.",,verified,Keep redacted from public student practice; verify source/transcription and obtain release authorization before promotion.
APCALC-LEGACY-BC-MCQ-1993-044,public_release_blocked,AP Calculus historical archive,105; 99,E,,"Retained in the canonical/admin archive; excluded from student practice pending source, answer, KaTeX, and/or mapping verification.",,verified,Keep redacted from public student practice; verify source/transcription and obtain release authorization before promotion.
APCALC-LEGACY-BC-MCQ-1993-045,public_release_blocked,AP Calculus historical archive,105; 99,D,,"Retained in the canonical/admin archive; excluded from student practice pending source, answer, KaTeX, and/or mapping verification.",,verified,Keep redacted from public student practice; verify source/transcription and obtain release authorization before promotion.
APCALC-LEGACY-BC-MCQ-1997-001,public_release_blocked,AP Calculus historical archive,119; 113,C,,"Retained in the canonical/admin archive; excluded from student practice pending source, answer, KaTeX, and/or mapping verification.",,verified,Keep redacted from public student practice; verify source/transcription and obtain release authorization before promotion.
APCALC-LEGACY-BC-MCQ-1997-002,public_release_blocked,AP Calculus historical archive,119; 113,E,,"Retained in the canonical/admin archive; excluded from student practice pending source, answer, KaTeX, and/or mapping verification.",,verified,Keep redacted from public student practice; verify source/transcription and obtain release authorization before promotion.
APCALC-LEGACY-BC-MCQ-1997-003,public_release_blocked,AP Calculus historical archive,119; 113,A,,"Retained in the canonical/admin archive; excluded from student practice pending source, answer, KaTeX, and/or mapping verification.",,verified,Keep redacted from public student practice; verify source/transcription and obtain release authorization before promotion.
APCALC-LEGACY-BC-MCQ-1997-004,public_release_blocked,AP Calculus historical archive,119; 113,C,,"Retained in the canonical/admin archive; excluded from student practice pending source, answer, KaTeX, and/or mapping verification.",,verified,Keep redacted from public student practice; verify source/transcription and obtain release authorization before promotion.
APCALC-LEGACY-BC-MCQ-1997-005,public_release_blocked,AP Calculus historical archive,119; 113,C,,"Retained in the canonical/admin archive; excluded from student practice pending source, answer, KaTeX, and/or mapping verification.",,verified,Keep redacted from public student practice; verify source/transcription and obtain release authorization before promotion.
APCALC-LEGACY-BC-MCQ-1997-006,public_release_blocked,AP Calculus historical archive,119; 113,A,,"Retained in the canonical/admin archive; excluded from student practice pending source, answer, KaTeX, and/or mapping verification.",,verified,Keep redacted from public student practice; verify source/transcription and obtain release authorization before promotion.
APCALC-LEGACY-BC-MCQ-1997-007,public_release_blocked,AP Calculus historical archive,120; 114,C,,"Retained in the canonical/admin archive; excluded from student practice pending source, answer, KaTeX, and/or mapping verification.",,verified,Keep redacted from public student practice; verify source/transcription and obtain release authorization before promotion.
APCALC-LEGACY-BC-MCQ-1997-008,public_release_blocked,AP Calculus historical archive,120; 114,E,,"Retained in the canonical/admin archive; excluded from student practice pending source, answer, KaTeX, and/or mapping verification.",,verified,Keep redacted from public student practice; verify source/transcription and obtain release authorization before promotion.
APCALC-LEGACY-BC-MCQ-1997-009,public_release_blocked,AP Calculus historical archive,121; 115,A,,"Retained in the canonical/admin archive; excluded from student practice pending source, answer, KaTeX, and/or mapping verification.",,verified,Keep redacted from public student practice; verify source/transcription and obtain release authorization before promotion.
APCALC-LEGACY-BC-MCQ-1997-010,public_release_blocked,AP Calculus historical archive,121; 115,B,,"Retained in the canonical/admin archive; excluded from student practice pending source, answer, KaTeX, and/or mapping verification.",,verified,Keep redacted from public student practice; verify source/transcription and obtain release authorization before promotion.
APCALC-LEGACY-BC-MCQ-1997-011,public_release_blocked,AP Calculus historical archive,121; 115,C,,"Retained in the canonical/admin archive; excluded from student practice pending source, answer, KaTeX, and/or mapping verification.",,verified,Keep redacted from public student practice; verify source/transcription and obtain release authorization before promotion.
APCALC-LEGACY-BC-MCQ-1997-012,public_release_blocked,AP Calculus historical archive,121; 115,A,,"Retained in the canonical/admin archive; excluded from student practice pending source, answer, KaTeX, and/or mapping verification.",,verified,Keep redacted from public student practice; verify source/transcription and obtain release authorization before promotion.
APCALC-LEGACY-BC-MCQ-1997-013,public_release_blocked,AP Calculus historical archive,122; 116,B,,"Retained in the canonical/admin archive; excluded from student practice pending source, answer, KaTeX, and/or mapping verification.",,verified,Keep redacted from public student practice; verify source/transcription and obtain release authorization before promotion.
APCALC-LEGACY-BC-MCQ-1997-014,public_release_blocked,AP Calculus historical archive,122; 116,C,,"Retained in the canonical/admin archive; excluded from student practice pending source, answer, KaTeX, and/or mapping verification.",,verified,Keep redacted from public student practice; verify source/transcription and obtain release authorization before promotion.
APCALC-LEGACY-BC-MCQ-1997-015,public_release_blocked,AP Calculus historical archive,122; 116,D,,"Retained in the canonical/admin archive; excluded from student practice pending source, answer, KaTeX, and/or mapping verification.",,verified,Keep redacted from public student practice; verify source/transcription and obtain release authorization before promotion.
APCALC-LEGACY-BC-MCQ-1997-016,public_release_blocked,AP Calculus historical archive,122; 116,B,,"Retained in the canonical/admin archive; excluded from student practice pending source, answer, KaTeX, and/or mapping verification.",,verified,Keep redacted from public student practice; verify source/transcription and obtain release authorization before promotion.
APCALC-LEGACY-BC-MCQ-1997-017,public_release_blocked,AP Calculus historical archive,123; 117,B,,"Retained in the canonical/admin archive; excluded from student practice pending source, answer, KaTeX, and/or mapping verification.",,verified,Keep redacted from public student practice; verify source/transcription and obtain release authorization before promotion.
APCALC-LEGACY-BC-MCQ-1997-018,public_release_blocked,AP Calculus historical archive,123; 117,C,,"Retained in the canonical/admin archive; excluded from student practice pending source, answer, KaTeX, and/or mapping verification.",,verified,Keep redacted from public student practice; verify source/transcription and obtain release authorization before promotion.
APCALC-LEGACY-BC-MCQ-1997-019,public_release_blocked,AP Calculus historical archive,123; 117,D,,"Retained in the canonical/admin archive; excluded from student practice pending source, answer, KaTeX, and/or mapping verification.",,verified,Keep redacted from public student practice; verify source/transcription and obtain release authorization before promotion.
APCALC-LEGACY-BC-MCQ-1997-020,public_release_blocked,AP Calculus historical archive,124; 118,E,,"Retained in the canonical/admin archive; excluded from student practice pending source, answer, KaTeX, and/or mapping verification.",,verified,Keep redacted from public student practice; verify source/transcription and obtain release authorization before promotion.
APCALC-LEGACY-BC-MCQ-1997-021,public_release_blocked,AP Calculus historical archive,124; 118,A,,"Retained in the canonical/admin archive; excluded from student practice pending source, answer, KaTeX, and/or mapping verification.",,verified,Keep redacted from public student practice; verify source/transcription and obtain release authorization before promotion.
APCALC-LEGACY-BC-MCQ-1997-022,public_release_blocked,AP Calculus historical archive,124; 118,C,,"Retained in the canonical/admin archive; excluded from student practice pending source, answer, KaTeX, and/or mapping verification.",,verified,Keep redacted from public student practice; verify source/transcription and obtain release authorization before promotion.
APCALC-LEGACY-BC-MCQ-1997-023,public_release_blocked,AP Calculus historical archive,125; 119,E,,"Retained in the canonical/admin archive; excluded from student practice pending source, answer, KaTeX, and/or mapping verification.",,verified,Keep redacted from public student practice; verify source/transcription and obtain release authorization before promotion.
APCALC-LEGACY-BC-MCQ-1997-024,public_release_blocked,AP Calculus historical archive,125; 119,D,,"Retained in the canonical/admin archive; excluded from student practice pending source, answer, KaTeX, and/or mapping verification.",,verified,Keep redacted from public student practice; verify source/transcription and obtain release authorization before promotion.
APCALC-LEGACY-BC-MCQ-1997-025,public_release_blocked,AP Calculus historical archive,125; 119,A,,"Retained in the canonical/admin archive; excluded from student practice pending source, answer, KaTeX, and/or mapping verification.",,verified,Keep redacted from public student practice; verify source/transcription and obtain release authorization before promotion.
APCALC-LEGACY-BC-MCQ-1997-076,public_release_blocked,AP Calculus historical archive,126; 120,D,,"Retained in the canonical/admin archive; excluded from student practice pending source, answer, KaTeX, and/or mapping verification.",,verified,Keep redacted from public student practice; verify source/transcription and obtain release authorization before promotion.
APCALC-LEGACY-BC-MCQ-1997-077,public_release_blocked,AP Calculus historical archive,126; 120,E,,"Retained in the canonical/admin archive; excluded from student practice pending source, answer, KaTeX, and/or mapping verification.",,verified,Keep redacted from public student practice; verify source/transcription and obtain release authorization before promotion.
APCALC-LEGACY-BC-MCQ-1997-078,public_release_blocked,AP Calculus historical archive,127; 121,A,,"Retained in the canonical/admin archive; excluded from student practice pending source, answer, KaTeX, and/or mapping verification.",,verified,Keep redacted from public student practice; verify source/transcription and obtain release authorization before promotion.
APCALC-LEGACY-BC-MCQ-1997-079,public_release_blocked,AP Calculus historical archive,127; 121,D,,"Retained in the canonical/admin archive; excluded from student practice pending source, answer, KaTeX, and/or mapping verification.",,verified,Keep redacted from public student practice; verify source/transcription and obtain release authorization before promotion.
APCALC-LEGACY-BC-MCQ-1997-080,public_release_blocked,AP Calculus historical archive,127; 121,B,,"Retained in the canonical/admin archive; excluded from student practice pending source, answer, KaTeX, and/or mapping verification.",,verified,Keep redacted from public student practice; verify source/transcription and obtain release authorization before promotion.
APCALC-LEGACY-BC-MCQ-1997-081,public_release_blocked,AP Calculus historical archive,127; 121,D,,"Retained in the canonical/admin archive; excluded from student practice pending source, answer, KaTeX, and/or mapping verification.",,verified,Keep redacted from public student practice; verify source/transcription and obtain release authorization before promotion.
APCALC-LEGACY-BC-MCQ-1997-082,public_release_blocked,AP Calculus historical archive,128; 122,B,,"Retained in the canonical/admin archive; excluded from student practice pending source, answer, KaTeX, and/or mapping verification.",,verified,Keep redacted from public student practice; verify source/transcription and obtain release authorization before promotion.
APCALC-LEGACY-BC-MCQ-1997-083,public_release_blocked,AP Calculus historical archive,128; 122,E,,"Retained in the canonical/admin archive; excluded from student practice pending source, answer, KaTeX, and/or mapping verification.",,verified,Keep redacted from public student practice; verify source/transcription and obtain release authorization before promotion.
APCALC-LEGACY-BC-MCQ-1997-084,public_release_blocked,AP Calculus historical archive,128; 122,C,,"Retained in the canonical/admin archive; excluded from student practice pending source, answer, KaTeX, and/or mapping verification.",,verified,Keep redacted from public student practice; verify source/transcription and obtain release authorization before promotion.
APCALC-LEGACY-BC-MCQ-1997-085,public_release_blocked,AP Calculus historical archive,128; 122,D,,"Retained in the canonical/admin archive; excluded from student practice pending source, answer, KaTeX, and/or mapping verification.",,verified,Keep redacted from public student practice; verify source/transcription and obtain release authorization before promotion.
APCALC-LEGACY-BC-MCQ-1997-086,public_release_blocked,AP Calculus historical archive,129; 123,A,,"Retained in the canonical/admin archive; excluded from student practice pending source, answer, KaTeX, and/or mapping verification.",,verified,Keep redacted from public student practice; verify source/transcription and obtain release authorization before promotion.
APCALC-LEGACY-BC-MCQ-1997-087,public_release_blocked,AP Calculus historical archive,129; 123,B,,"Retained in the canonical/admin archive; excluded from student practice pending source, answer, KaTeX, and/or mapping verification.",,verified,Keep redacted from public student practice; verify source/transcription and obtain release authorization before promotion.
APCALC-LEGACY-BC-MCQ-1997-088,public_release_blocked,AP Calculus historical archive,130; 124,C,,"Retained in the canonical/admin archive; excluded from student practice pending source, answer, KaTeX, and/or mapping verification.",,verified,Keep redacted from public student practice; verify source/transcription and obtain release authorization before promotion.
APCALC-LEGACY-BC-MCQ-1997-089,public_release_blocked,AP Calculus historical archive,130; 124,D,,"Retained in the canonical/admin archive; excluded from student practice pending source, answer, KaTeX, and/or mapping verification.",,verified,Keep redacted from public student practice; verify source/transcription and obtain release authorization before promotion.
APCALC-LEGACY-BC-MCQ-1997-090,public_release_blocked,AP Calculus historical archive,130; 124,B,,"Retained in the canonical/admin archive; excluded from student practice pending source, answer, KaTeX, and/or mapping verification.",,verified,Keep redacted from public student practice; verify source/transcription and obtain release authorization before promotion.
APCALC-LEGACY-BC-MCQ-1998-001,public_release_blocked,AP Calculus historical archive,144; 138,C,,"Retained in the canonical/admin archive; excluded from student practice pending source, answer, KaTeX, and/or mapping verification.",,verified,Keep redacted from public student practice; verify source/transcription and obtain release authorization before promotion.
APCALC-LEGACY-BC-MCQ-1998-002,public_release_blocked,AP Calculus historical archive,144; 138,A,,"Retained in the canonical/admin archive; excluded from student practice pending source, answer, KaTeX, and/or mapping verification.",,verified,Keep redacted from public student practice; verify source/transcription and obtain release authorization before promotion.
APCALC-LEGACY-BC-MCQ-1998-003,public_release_blocked,AP Calculus historical archive,144; 138,D,,"Retained in the canonical/admin archive; excluded from student practice pending source, answer, KaTeX, and/or mapping verification.",,verified,Keep redacted from public student practice; verify source/transcription and obtain release authorization before promotion.
APCALC-LEGACY-BC-MCQ-1998-004,public_release_blocked,AP Calculus historical archive,144; 138,A,,"Retained in the canonical/admin archive; excluded from student practice pending source, answer, KaTeX, and/or mapping verification.",,verified,Keep redacted from public student practice; verify source/transcription and obtain release authorization before promotion.
APCALC-LEGACY-BC-MCQ-1998-005,public_release_blocked,AP Calculus historical archive,145; 139,A,,"Retained in the canonical/admin archive; excluded from student practice pending source, answer, KaTeX, and/or mapping verification.",,verified,Keep redacted from public student practice; verify source/transcription and obtain release authorization before promotion.
APCALC-LEGACY-BC-MCQ-1998-006,public_release_blocked,AP Calculus historical archive,146; 140,E,,"Retained in the canonical/admin archive; excluded from student practice pending source, answer, KaTeX, and/or mapping verification.",,verified,Keep redacted from public student practice; verify source/transcription and obtain release authorization before promotion.
APCALC-LEGACY-BC-MCQ-1998-007,public_release_blocked,AP Calculus historical archive,147; 141,E,,"Retained in the canonical/admin archive; excluded from student practice pending source, answer, KaTeX, and/or mapping verification.",,verified,Keep redacted from public student practice; verify source/transcription and obtain release authorization before promotion.
APCALC-LEGACY-BC-MCQ-1998-008,public_release_blocked,AP Calculus historical archive,147; 141,B,,"Retained in the canonical/admin archive; excluded from student practice pending source, answer, KaTeX, and/or mapping verification.",,verified,Keep redacted from public student practice; verify source/transcription and obtain release authorization before promotion.
APCALC-LEGACY-BC-MCQ-1998-009,public_release_blocked,AP Calculus historical archive,147; 141,D,,"Retained in the canonical/admin archive; excluded from student practice pending source, answer, KaTeX, and/or mapping verification.",,verified,Keep redacted from public student practice; verify source/transcription and obtain release authorization before promotion.
APCALC-LEGACY-BC-MCQ-1998-010,public_release_blocked,AP Calculus historical archive,147; 141,E,,"Retained in the canonical/admin archive; excluded from student practice pending source, answer, KaTeX, and/or mapping verification.",,verified,Keep redacted from public student practice; verify source/transcription and obtain release authorization before promotion.
APCALC-LEGACY-BC-MCQ-1998-011,public_release_blocked,AP Calculus historical archive,147; 141,A,,"Retained in the canonical/admin archive; excluded from student practice pending source, answer, KaTeX, and/or mapping verification.",,verified,Keep redacted from public student practice; verify source/transcription and obtain release authorization before promotion.
APCALC-LEGACY-BC-MCQ-1998-012,public_release_blocked,AP Calculus historical archive,148; 142,E,,"Retained in the canonical/admin archive; excluded from student practice pending source, answer, KaTeX, and/or mapping verification.",,verified,Keep redacted from public student practice; verify source/transcription and obtain release authorization before promotion.
APCALC-LEGACY-BC-MCQ-1998-013,public_release_blocked,AP Calculus historical archive,148; 142,B,,"Retained in the canonical/admin archive; excluded from student practice pending source, answer, KaTeX, and/or mapping verification.",,verified,Keep redacted from public student practice; verify source/transcription and obtain release authorization before promotion.
APCALC-LEGACY-BC-MCQ-1998-014,public_release_blocked,AP Calculus historical archive,148; 142,E,,"Retained in the canonical/admin archive; excluded from student practice pending source, answer, KaTeX, and/or mapping verification.",,verified,Keep redacted from public student practice; verify source/transcription and obtain release authorization before promotion.
APCALC-LEGACY-BC-MCQ-1998-015,public_release_blocked,AP Calculus historical archive,149; 143,B,,"Retained in the canonical/admin archive; excluded from student practice pending source, answer, KaTeX, and/or mapping verification.",,verified,Keep redacted from public student practice; verify source/transcription and obtain release authorization before promotion.
APCALC-LEGACY-BC-MCQ-1998-016,public_release_blocked,AP Calculus historical archive,149; 143,C,,"Retained in the canonical/admin archive; excluded from student practice pending source, answer, KaTeX, and/or mapping verification.",,verified,Keep redacted from public student practice; verify source/transcription and obtain release authorization before promotion.
APCALC-LEGACY-BC-MCQ-1998-017,public_release_blocked,AP Calculus historical archive,149; 143,D,,"Retained in the canonical/admin archive; excluded from student practice pending source, answer, KaTeX, and/or mapping verification.",,verified,Keep redacted from public student practice; verify source/transcription and obtain release authorization before promotion.
APCALC-LEGACY-BC-MCQ-1998-018,public_release_blocked,AP Calculus historical archive,150; 144,B,,"Retained in the canonical/admin archive; excluded from student practice pending source, answer, KaTeX, and/or mapping verification.",,verified,Keep redacted from public student practice; verify source/transcription and obtain release authorization before promotion.
APCALC-LEGACY-BC-MCQ-1998-019,public_release_blocked,AP Calculus historical archive,150; 144,D,,"Retained in the canonical/admin archive; excluded from student practice pending source, answer, KaTeX, and/or mapping verification.",,verified,Keep redacted from public student practice; verify source/transcription and obtain release authorization before promotion.
APCALC-LEGACY-BC-MCQ-1998-020,public_release_blocked,AP Calculus historical archive,150; 144,E,,"Retained in the canonical/admin archive; excluded from student practice pending source, answer, KaTeX, and/or mapping verification.",,verified,Keep redacted from public student practice; verify source/transcription and obtain release authorization before promotion.
APCALC-LEGACY-BC-MCQ-1998-021,public_release_blocked,AP Calculus historical archive,150; 144,C,,"Retained in the canonical/admin archive; excluded from student practice pending source, answer, KaTeX, and/or mapping verification.",,verified,Keep redacted from public student practice; verify source/transcription and obtain release authorization before promotion.
APCALC-LEGACY-BC-MCQ-1998-022,public_release_blocked,AP Calculus historical archive,151; 145,A,,"Retained in the canonical/admin archive; excluded from student practice pending source, answer, KaTeX, and/or mapping verification.",,verified,Keep redacted from public student practice; verify source/transcription and obtain release authorization before promotion.
APCALC-LEGACY-BC-MCQ-1998-023,public_release_blocked,AP Calculus historical archive,151; 145,E,,"Retained in the canonical/admin archive; excluded from student practice pending source, answer, KaTeX, and/or mapping verification.",,verified,Keep redacted from public student practice; verify source/transcription and obtain release authorization before promotion.
APCALC-LEGACY-BC-MCQ-1998-024,public_release_blocked,AP Calculus historical archive,144; 138,C,,"Retained in the canonical/admin archive; excluded from student practice pending source, answer, KaTeX, and/or mapping verification.",,verified,Keep redacted from public student practice; verify source/transcription and obtain release authorization before promotion.
APCALC-LEGACY-BC-MCQ-1998-025,public_release_blocked,AP Calculus historical archive,152; 146,C,,"Retained in the canonical/admin archive; excluded from student practice pending source, answer, KaTeX, and/or mapping verification.",,verified,Keep redacted from public student practice; verify source/transcription and obtain release authorization before promotion.
APCALC-LEGACY-BC-MCQ-1998-026,public_release_blocked,AP Calculus historical archive,152; 146,E,,"Retained in the canonical/admin archive; excluded from student practice pending source, answer, KaTeX, and/or mapping verification.",,verified,Keep redacted from public student practice; verify source/transcription and obtain release authorization before promotion.
APCALC-LEGACY-BC-MCQ-1998-027,public_release_blocked,AP Calculus historical archive,152; 146,D,,"Retained in the canonical/admin archive; excluded from student practice pending source, answer, KaTeX, and/or mapping verification.",,verified,Keep redacted from public student practice; verify source/transcription and obtain release authorization before promotion.
APCALC-LEGACY-BC-MCQ-1998-028,public_release_blocked,AP Calculus historical archive,152; 146,C,,"Retained in the canonical/admin archive; excluded from student practice pending source, answer, KaTeX, and/or mapping verification.",,verified,Keep redacted from public student practice; verify source/transcription and obtain release authorization before promotion.
APCALC-LEGACY-BC-MCQ-1998-076,public_release_blocked,AP Calculus historical archive,153; 147,D,,"Retained in the canonical/admin archive; excluded from student practice pending source, answer, KaTeX, and/or mapping verification.",,verified,Keep redacted from public student practice; verify source/transcription and obtain release authorization before promotion.
APCALC-LEGACY-BC-MCQ-1998-077,public_release_blocked,AP Calculus historical archive,153; 147,E,,"Retained in the canonical/admin archive; excluded from student practice pending source, answer, KaTeX, and/or mapping verification.",,verified,Keep redacted from public student practice; verify source/transcription and obtain release authorization before promotion.
APCALC-LEGACY-BC-MCQ-1998-078,public_release_blocked,AP Calculus historical archive,153; 147,B,,"Retained in the canonical/admin archive; excluded from student practice pending source, answer, KaTeX, and/or mapping verification.",,verified,Keep redacted from public student practice; verify source/transcription and obtain release authorization before promotion.
APCALC-LEGACY-BC-MCQ-1998-079,public_release_blocked,AP Calculus historical archive,154; 148,A,,"Retained in the canonical/admin archive; excluded from student practice pending source, answer, KaTeX, and/or mapping verification.",,verified,Keep redacted from public student practice; verify source/transcription and obtain release authorization before promotion.
APCALC-LEGACY-BC-MCQ-1998-080,public_release_blocked,AP Calculus historical archive,154; 148,B,,"Retained in the canonical/admin archive; excluded from student practice pending source, answer, KaTeX, and/or mapping verification.",,verified,Keep redacted from public student practice; verify source/transcription and obtain release authorization before promotion.
APCALC-LEGACY-BC-MCQ-1998-081,public_release_blocked,AP Calculus historical archive,154; 148,B,,"Retained in the canonical/admin archive; excluded from student practice pending source, answer, KaTeX, and/or mapping verification.",,verified,Keep redacted from public student practice; verify source/transcription and obtain release authorization before promotion.
APCALC-LEGACY-BC-MCQ-1998-082,public_release_blocked,AP Calculus historical archive,154; 148,B,,"Retained in the canonical/admin archive; excluded from student practice pending source, answer, KaTeX, and/or mapping verification.",,verified,Keep redacted from public student practice; verify source/transcription and obtain release authorization before promotion.
APCALC-LEGACY-BC-MCQ-1998-083,public_release_blocked,AP Calculus historical archive,155; 149,C,,"Retained in the canonical/admin archive; excluded from student practice pending source, answer, KaTeX, and/or mapping verification.",,verified,Keep redacted from public student practice; verify source/transcription and obtain release authorization before promotion.
APCALC-LEGACY-BC-MCQ-1998-084,public_release_blocked,AP Calculus historical archive,155; 149,B,,"Retained in the canonical/admin archive; excluded from student practice pending source, answer, KaTeX, and/or mapping verification.",,verified,Keep redacted from public student practice; verify source/transcription and obtain release authorization before promotion.
APCALC-LEGACY-BC-MCQ-1998-085,public_release_blocked,AP Calculus historical archive,155; 149,C,,"Retained in the canonical/admin archive; excluded from student practice pending source, answer, KaTeX, and/or mapping verification.",,verified,Keep redacted from public student practice; verify source/transcription and obtain release authorization before promotion.
APCALC-LEGACY-BC-MCQ-1998-086,public_release_blocked,AP Calculus historical archive,155; 149,C,,"Retained in the canonical/admin archive; excluded from student practice pending source, answer, KaTeX, and/or mapping verification.",,verified,Keep redacted from public student practice; verify source/transcription and obtain release authorization before promotion.
APCALC-LEGACY-BC-MCQ-1998-087,public_release_blocked,AP Calculus historical archive,156; 150,D,,"Retained in the canonical/admin archive; excluded from student practice pending source, answer, KaTeX, and/or mapping verification.",,verified,Keep redacted from public student practice; verify source/transcription and obtain release authorization before promotion.
APCALC-LEGACY-BC-MCQ-1998-088,public_release_blocked,AP Calculus historical archive,156; 150,C,,"Retained in the canonical/admin archive; excluded from student practice pending source, answer, KaTeX, and/or mapping verification.",,verified,Keep redacted from public student practice; verify source/transcription and obtain release authorization before promotion.
APCALC-LEGACY-BC-MCQ-1998-089,public_release_blocked,AP Calculus historical archive,157; 151,A,,"Retained in the canonical/admin archive; excluded from student practice pending source, answer, KaTeX, and/or mapping verification.",,verified,Keep redacted from public student practice; verify source/transcription and obtain release authorization before promotion.
APCALC-LEGACY-BC-MCQ-1998-090,public_release_blocked,AP Calculus historical archive,157; 151,A,,"Retained in the canonical/admin archive; excluded from student practice pending source, answer, KaTeX, and/or mapping verification.",,verified,Keep redacted from public student practice; verify source/transcription and obtain release authorization before promotion.
APCALC-LEGACY-BC-MCQ-1998-091,public_release_blocked,AP Calculus historical archive,158; 152,E,,"Retained in the canonical/admin archive; excluded from student practice pending source, answer, KaTeX, and/or mapping verification.",,verified,Keep redacted from public student practice; verify source/transcription and obtain release authorization before promotion.
APCALC-LEGACY-BC-MCQ-1998-092,public_release_blocked,AP Calculus historical archive,158; 152,D,,"Retained in the canonical/admin archive; excluded from student practice pending source, answer, KaTeX, and/or mapping verification.",,verified,Keep redacted from public student practice; verify source/transcription and obtain release authorization before promotion.
ECHS-G9PRECALC-ORIGINAL-G9-U5-001,verification_or_mapping_incomplete,ECHS Original Question Bank,,B,,The current G9 portal has no exact distance-formula lesson. The record is mathematically verified but remains archive-only rather than being attached to a merely related coordinate-plane lesson.,B,low,"Complete the outstanding source, mathematics, media, or exact mapping review."
APCALC-BC-FRQ-1974-03,public_release_blocked,historical-frq-1969-2010,12,,,"Retained in the canonical/admin archive; excluded from student practice pending source, answer, KaTeX, and/or mapping verification.",,verified,Keep redacted from public student practice; verify source/transcription and obtain release authorization before promotion.
APCALC-AB-FRQ-1981-01,public_release_blocked,historical-frq-1969-2010,22,,,"Retained in the canonical/admin archive; excluded from student practice pending source, answer, KaTeX, and/or mapping verification.",,verified,Keep redacted from public student practice; verify source/transcription and obtain release authorization before promotion.
APCALC-AB-FRQ-1981-02,public_release_blocked,historical-frq-1969-2010,22,,,"Retained in the canonical/admin archive; excluded from student practice pending source, answer, KaTeX, and/or mapping verification.",,verified,Keep redacted from public student practice; verify source/transcription and obtain release authorization before promotion.
APCALC-AB-FRQ-1981-03,public_release_blocked,historical-frq-1969-2010,22,,,"Retained in the canonical/admin archive; excluded from student practice pending source, answer, KaTeX, and/or mapping verification.",,verified,Keep redacted from public student practice; verify source/transcription and obtain release authorization before promotion.
APCALC-AB-FRQ-1981-04,public_release_blocked,historical-frq-1969-2010,22,,,"Retained in the canonical/admin archive; excluded from student practice pending source, answer, KaTeX, and/or mapping verification.",,verified,Keep redacted from public student practice; verify source/transcription and obtain release authorization before promotion.
APCALC-AB-FRQ-1981-05,public_release_blocked,historical-frq-1969-2010,22; 23,,,"Retained in the canonical/admin archive; excluded from student practice pending source, answer, KaTeX, and/or mapping verification.",,verified,Keep redacted from public student practice; verify source/transcription and obtain release authorization before promotion.
APCALC-AB-FRQ-1981-06,public_release_blocked,historical-frq-1969-2010,23,,,"Retained in the canonical/admin archive; excluded from student practice pending source, answer, KaTeX, and/or mapping verification.",,verified,Keep redacted from public student practice; verify source/transcription and obtain release authorization before promotion.
APCALC-AB-FRQ-1981-07,public_release_blocked,historical-frq-1969-2010,23,,,"Retained in the canonical/admin archive; excluded from student practice pending source, answer, KaTeX, and/or mapping verification.",,verified,Keep redacted from public student practice; verify source/transcription and obtain release authorization before promotion.
APCALC-AB-FRQ-1982-01,public_release_blocked,historical-frq-1969-2010,23,,,"Retained in the canonical/admin archive; excluded from student practice pending source, answer, KaTeX, and/or mapping verification.",,verified,Keep redacted from public student practice; verify source/transcription and obtain release authorization before promotion.
APCALC-AB-FRQ-1982-02,public_release_blocked,historical-frq-1969-2010,23; 24,,,"Retained in the canonical/admin archive; excluded from student practice pending source, answer, KaTeX, and/or mapping verification.",,verified,Keep redacted from public student practice; verify source/transcription and obtain release authorization before promotion.
APCALC-AB-FRQ-1982-03,public_release_blocked,historical-frq-1969-2010,24,,,"Retained in the canonical/admin archive; excluded from student practice pending source, answer, KaTeX, and/or mapping verification.",,verified,Keep redacted from public student practice; verify source/transcription and obtain release authorization before promotion.
APCALC-AB-FRQ-1982-04,public_release_blocked,historical-frq-1969-2010,24,,,"Retained in the canonical/admin archive; excluded from student practice pending source, answer, KaTeX, and/or mapping verification.",,verified,Keep redacted from public student practice; verify source/transcription and obtain release authorization before promotion.
APCALC-AB-FRQ-1982-05,public_release_blocked,historical-frq-1969-2010,24,,,"Retained in the canonical/admin archive; excluded from student practice pending source, answer, KaTeX, and/or mapping verification.",,verified,Keep redacted from public student practice; verify source/transcription and obtain release authorization before promotion.
APCALC-AB-FRQ-1982-06,public_release_blocked,historical-frq-1969-2010,24,,,"Retained in the canonical/admin archive; excluded from student practice pending source, answer, KaTeX, and/or mapping verification.",,verified,Keep redacted from public student practice; verify source/transcription and obtain release authorization before promotion.
APCALC-AB-FRQ-1982-07,public_release_blocked,historical-frq-1969-2010,24; 25,,,"Retained in the canonical/admin archive; excluded from student practice pending source, answer, KaTeX, and/or mapping verification.",,verified,Keep redacted from public student practice; verify source/transcription and obtain release authorization before promotion.
APCALC-AB-FRQ-1983-01,public_release_blocked,historical-frq-1969-2010,25,,,"Retained in the canonical/admin archive; excluded from student practice pending source, answer, KaTeX, and/or mapping verification.",,verified,Keep redacted from public student practice; verify source/transcription and obtain release authorization before promotion.
APCALC-AB-FRQ-1983-02,public_release_blocked,historical-frq-1969-2010,25,,,"Retained in the canonical/admin archive; excluded from student practice pending source, answer, KaTeX, and/or mapping verification.",,verified,Keep redacted from public student practice; verify source/transcription and obtain release authorization before promotion.
APCALC-AB-FRQ-1983-03,public_release_blocked,historical-frq-1969-2010,25,,,"Retained in the canonical/admin archive; excluded from student practice pending source, answer, KaTeX, and/or mapping verification.",,verified,Keep redacted from public student practice; verify source/transcription and obtain release authorization before promotion.
APCALC-AB-FRQ-1983-04,public_release_blocked,historical-frq-1969-2010,25,,,"Retained in the canonical/admin archive; excluded from student practice pending source, answer, KaTeX, and/or mapping verification.",,verified,Keep redacted from public student practice; verify source/transcription and obtain release authorization before promotion.
APCALC-AB-FRQ-1983-05,public_release_blocked,historical-frq-1969-2010,25; 26,,,"Retained in the canonical/admin archive; excluded from student practice pending source, answer, KaTeX, and/or mapping verification.",,verified,Keep redacted from public student practice; verify source/transcription and obtain release authorization before promotion.
APCALC-AB-FRQ-1983-06,public_release_blocked,historical-frq-1969-2010,26,,,"Retained in the canonical/admin archive; excluded from student practice pending source, answer, KaTeX, and/or mapping verification.",,verified,Keep redacted from public student practice; verify source/transcription and obtain release authorization before promotion.
APCALC-AB-FRQ-1984-01,public_release_blocked,historical-frq-1969-2010,26,,,"Retained in the canonical/admin archive; excluded from student practice pending source, answer, KaTeX, and/or mapping verification.",,verified,Keep redacted from public student practice; verify source/transcription and obtain release authorization before promotion.
APCALC-AB-FRQ-1984-02,public_release_blocked,historical-frq-1969-2010,26,,,"Retained in the canonical/admin archive; excluded from student practice pending source, answer, KaTeX, and/or mapping verification.",,verified,Keep redacted from public student practice; verify source/transcription and obtain release authorization before promotion.
APCALC-AB-FRQ-1984-03,public_release_blocked,historical-frq-1969-2010,26; 27,,,"Retained in the canonical/admin archive; excluded from student practice pending source, answer, KaTeX, and/or mapping verification.",,verified,Keep redacted from public student practice; verify source/transcription and obtain release authorization before promotion.
APCALC-AB-FRQ-1984-04,public_release_blocked,historical-frq-1969-2010,27,,,"Retained in the canonical/admin archive; excluded from student practice pending source, answer, KaTeX, and/or mapping verification.",,verified,Keep redacted from public student practice; verify source/transcription and obtain release authorization before promotion.
APCALC-AB-FRQ-1984-05,public_release_blocked,historical-frq-1969-2010,27,,,"Retained in the canonical/admin archive; excluded from student practice pending source, answer, KaTeX, and/or mapping verification.",,verified,Keep redacted from public student practice; verify source/transcription and obtain release authorization before promotion.
APCALC-AB-FRQ-1985-01,public_release_blocked,historical-frq-1969-2010,27; 28,,,"Retained in the canonical/admin archive; excluded from student practice pending source, answer, KaTeX, and/or mapping verification.",,verified,Keep redacted from public student practice; verify source/transcription and obtain release authorization before promotion.
APCALC-AB-FRQ-1985-02,public_release_blocked,historical-frq-1969-2010,28,,,"Retained in the canonical/admin archive; excluded from student practice pending source, answer, KaTeX, and/or mapping verification.",,verified,Keep redacted from public student practice; verify source/transcription and obtain release authorization before promotion.
APCALC-AB-FRQ-1985-03,public_release_blocked,historical-frq-1969-2010,28,,,"Retained in the canonical/admin archive; excluded from student practice pending source, answer, KaTeX, and/or mapping verification.",,verified,Keep redacted from public student practice; verify source/transcription and obtain release authorization before promotion.
APCALC-AB-FRQ-1985-04,public_release_blocked,historical-frq-1969-2010,28,,,"Retained in the canonical/admin archive; excluded from student practice pending source, answer, KaTeX, and/or mapping verification.",,verified,Keep redacted from public student practice; verify source/transcription and obtain release authorization before promotion.
APCALC-AB-FRQ-1985-05,public_release_blocked,historical-frq-1969-2010,28; 29,,,"Retained in the canonical/admin archive; excluded from student practice pending source, answer, KaTeX, and/or mapping verification.",,verified,Keep redacted from public student practice; verify source/transcription and obtain release authorization before promotion.
APCALC-AB-FRQ-1985-06,public_release_blocked,historical-frq-1969-2010,29,,,"Retained in the canonical/admin archive; excluded from student practice pending source, answer, KaTeX, and/or mapping verification.",,verified,Keep redacted from public student practice; verify source/transcription and obtain release authorization before promotion.
APCALC-AB-FRQ-1986-01,public_release_blocked,historical-frq-1969-2010,29,,,"Retained in the canonical/admin archive; excluded from student practice pending source, answer, KaTeX, and/or mapping verification.",,verified,Keep redacted from public student practice; verify source/transcription and obtain release authorization before promotion.
APCALC-AB-FRQ-1986-02,public_release_blocked,historical-frq-1969-2010,29,,,"Retained in the canonical/admin archive; excluded from student practice pending source, answer, KaTeX, and/or mapping verification.",,verified,Keep redacted from public student practice; verify source/transcription and obtain release authorization before promotion.
APCALC-AB-FRQ-1986-03,public_release_blocked,historical-frq-1969-2010,29; 30,,,"Retained in the canonical/admin archive; excluded from student practice pending source, answer, KaTeX, and/or mapping verification.",,verified,Keep redacted from public student practice; verify source/transcription and obtain release authorization before promotion.
APCALC-AB-FRQ-1986-04,public_release_blocked,historical-frq-1969-2010,30,,,"Retained in the canonical/admin archive; excluded from student practice pending source, answer, KaTeX, and/or mapping verification.",,verified,Keep redacted from public student practice; verify source/transcription and obtain release authorization before promotion.
APCALC-AB-FRQ-1986-05,public_release_blocked,historical-frq-1969-2010,30,,,"Retained in the canonical/admin archive; excluded from student practice pending source, answer, KaTeX, and/or mapping verification.",,verified,Keep redacted from public student practice; verify source/transcription and obtain release authorization before promotion.
APCALC-AB-FRQ-1986-06,public_release_blocked,historical-frq-1969-2010,30,,,"Retained in the canonical/admin archive; excluded from student practice pending source, answer, KaTeX, and/or mapping verification.",,verified,Keep redacted from public student practice; verify source/transcription and obtain release authorization before promotion.
APCALC-AB-FRQ-1987-01,public_release_blocked,historical-frq-1969-2010,30,,,"Retained in the canonical/admin archive; excluded from student practice pending source, answer, KaTeX, and/or mapping verification.",,verified,Keep redacted from public student practice; verify source/transcription and obtain release authorization before promotion.
APCALC-AB-FRQ-1987-02,public_release_blocked,historical-frq-1969-2010,30,,,"Retained in the canonical/admin archive; excluded from student practice pending source, answer, KaTeX, and/or mapping verification.",,verified,Keep redacted from public student practice; verify source/transcription and obtain release authorization before promotion.
APCALC-AB-FRQ-1987-03,public_release_blocked,historical-frq-1969-2010,30; 31,,,"Retained in the canonical/admin archive; excluded from student practice pending source, answer, KaTeX, and/or mapping verification.",,verified,Keep redacted from public student practice; verify source/transcription and obtain release authorization before promotion.
APCALC-AB-FRQ-1987-04,public_release_blocked,historical-frq-1969-2010,31,,,"Retained in the canonical/admin archive; excluded from student practice pending source, answer, KaTeX, and/or mapping verification.",,verified,Keep redacted from public student practice; verify source/transcription and obtain release authorization before promotion.
APCALC-AB-FRQ-1987-05,public_release_blocked,historical-frq-1969-2010,31,,,"Retained in the canonical/admin archive; excluded from student practice pending source, answer, KaTeX, and/or mapping verification.",,verified,Keep redacted from public student practice; verify source/transcription and obtain release authorization before promotion.
APCALC-AB-FRQ-1987-06,public_release_blocked,historical-frq-1969-2010,31,,,"Retained in the canonical/admin archive; excluded from student practice pending source, answer, KaTeX, and/or mapping verification.",,verified,Keep redacted from public student practice; verify source/transcription and obtain release authorization before promotion.
APCALC-AB-FRQ-1988-01,public_release_blocked,historical-frq-1969-2010,31; 32,,,"Retained in the canonical/admin archive; excluded from student practice pending source, answer, KaTeX, and/or mapping verification.",,verified,Keep redacted from public student practice; verify source/transcription and obtain release authorization before promotion.
APCALC-AB-FRQ-1988-02,public_release_blocked,historical-frq-1969-2010,32,,,"Retained in the canonical/admin archive; excluded from student practice pending source, answer, KaTeX, and/or mapping verification.",,verified,Keep redacted from public student practice; verify source/transcription and obtain release authorization before promotion.
APCALC-AB-FRQ-1988-03,public_release_blocked,historical-frq-1969-2010,32,,,"Retained in the canonical/admin archive; excluded from student practice pending source, answer, KaTeX, and/or mapping verification.",,verified,Keep redacted from public student practice; verify source/transcription and obtain release authorization before promotion.
APCALC-AB-FRQ-1988-04,public_release_blocked,historical-frq-1969-2010,32,,,"Retained in the canonical/admin archive; excluded from student practice pending source, answer, KaTeX, and/or mapping verification.",,verified,Keep redacted from public student practice; verify source/transcription and obtain release authorization before promotion.
APCALC-AB-FRQ-1988-05,public_release_blocked,historical-frq-1969-2010,32; 33,,,"Retained in the canonical/admin archive; excluded from student practice pending source, answer, KaTeX, and/or mapping verification.",,verified,Keep redacted from public student practice; verify source/transcription and obtain release authorization before promotion.
APCALC-AB-FRQ-1988-06,public_release_blocked,historical-frq-1969-2010,33,,,"Retained in the canonical/admin archive; excluded from student practice pending source, answer, KaTeX, and/or mapping verification.",,verified,Keep redacted from public student practice; verify source/transcription and obtain release authorization before promotion.
APCALC-AB-FRQ-1989-01,public_release_blocked,historical-frq-1969-2010,33,,,"Retained in the canonical/admin archive; excluded from student practice pending source, answer, KaTeX, and/or mapping verification.",,verified,Keep redacted from public student practice; verify source/transcription and obtain release authorization before promotion.
APCALC-AB-FRQ-1989-02,public_release_blocked,historical-frq-1969-2010,33; 26; 27,,,"Retained in the canonical/admin archive; excluded from student practice pending source, answer, KaTeX, and/or mapping verification.",,verified,Keep redacted from public student practice; verify source/transcription and obtain release authorization before promotion.
APCALC-AB-FRQ-1989-03,public_release_blocked,historical-frq-1969-2010,33; 107; 108,,,"Retained in the canonical/admin archive; excluded from student practice pending source, answer, KaTeX, and/or mapping verification.",,verified,Keep redacted from public student practice; verify source/transcription and obtain release authorization before promotion.
APCALC-AB-FRQ-1989-04,public_release_blocked,historical-frq-1969-2010,33; 34,,,"Retained in the canonical/admin archive; excluded from student practice pending source, answer, KaTeX, and/or mapping verification.",,verified,Keep redacted from public student practice; verify source/transcription and obtain release authorization before promotion.
APCALC-AB-FRQ-1989-05,public_release_blocked,historical-frq-1969-2010,34; 59; 60,,,"Retained in the canonical/admin archive; excluded from student practice pending source, answer, KaTeX, and/or mapping verification.",,verified,Keep redacted from public student practice; verify source/transcription and obtain release authorization before promotion.
APCALC-AB-FRQ-1989-06,public_release_blocked,historical-frq-1969-2010,34; 38; 39,,,"Retained in the canonical/admin archive; excluded from student practice pending source, answer, KaTeX, and/or mapping verification.",,verified,Keep redacted from public student practice; verify source/transcription and obtain release authorization before promotion.
APCALC-AB-FRQ-1990-01,public_release_blocked,historical-frq-1969-2010,34; 35,,,"Retained in the canonical/admin archive; excluded from student practice pending source, answer, KaTeX, and/or mapping verification.",,verified,Keep redacted from public student practice; verify source/transcription and obtain release authorization before promotion.
APCALC-AB-FRQ-1990-02,public_release_blocked,historical-frq-1969-2010,35,,,"Retained in the canonical/admin archive; excluded from student practice pending source, answer, KaTeX, and/or mapping verification.",,verified,Keep redacted from public student practice; verify source/transcription and obtain release authorization before promotion.
APCALC-AB-FRQ-1990-03,public_release_blocked,historical-frq-1969-2010,35; 24; 25,,,"Retained in the canonical/admin archive; excluded from student practice pending source, answer, KaTeX, and/or mapping verification.",,verified,Keep redacted from public student practice; verify source/transcription and obtain release authorization before promotion.
APCALC-AB-FRQ-1990-04,public_release_blocked,historical-frq-1969-2010,35; 77; 78,,,"Retained in the canonical/admin archive; excluded from student practice pending source, answer, KaTeX, and/or mapping verification.",,verified,Keep redacted from public student practice; verify source/transcription and obtain release authorization before promotion.
APCALC-AB-FRQ-1990-05,public_release_blocked,historical-frq-1969-2010,35,,,"Retained in the canonical/admin archive; excluded from student practice pending source, answer, KaTeX, and/or mapping verification.",,verified,Keep redacted from public student practice; verify source/transcription and obtain release authorization before promotion.
APCALC-AB-FRQ-1990-06,public_release_blocked,historical-frq-1969-2010,35; 36,,,"Retained in the canonical/admin archive; excluded from student practice pending source, answer, KaTeX, and/or mapping verification.",,verified,Keep redacted from public student practice; verify source/transcription and obtain release authorization before promotion.
APCALC-AB-FRQ-1991-01,public_release_blocked,historical-frq-1969-2010,36,,,"Retained in the canonical/admin archive; excluded from student practice pending source, answer, KaTeX, and/or mapping verification.",,verified,Keep redacted from public student practice; verify source/transcription and obtain release authorization before promotion.
APCALC-AB-FRQ-1991-02,public_release_blocked,historical-frq-1969-2010,36; 22; 23,,,"Retained in the canonical/admin archive; excluded from student practice pending source, answer, KaTeX, and/or mapping verification.",,verified,Keep redacted from public student practice; verify source/transcription and obtain release authorization before promotion.
APCALC-AB-FRQ-1991-03,public_release_blocked,historical-frq-1969-2010,36; 37,,,"Retained in the canonical/admin archive; excluded from student practice pending source, answer, KaTeX, and/or mapping verification.",,verified,Keep redacted from public student practice; verify source/transcription and obtain release authorization before promotion.
APCALC-AB-FRQ-1991-04,public_release_blocked,historical-frq-1969-2010,37,,,"Retained in the canonical/admin archive; excluded from student practice pending source, answer, KaTeX, and/or mapping verification.",,verified,Keep redacted from public student practice; verify source/transcription and obtain release authorization before promotion.
APCALC-AB-FRQ-1991-05,public_release_blocked,historical-frq-1969-2010,37; 111; 112,,,"Retained in the canonical/admin archive; excluded from student practice pending source, answer, KaTeX, and/or mapping verification.",,verified,Keep redacted from public student practice; verify source/transcription and obtain release authorization before promotion.
APCALC-AB-FRQ-1991-06,public_release_blocked,historical-frq-1969-2010,37; 38,,,"Retained in the canonical/admin archive; excluded from student practice pending source, answer, KaTeX, and/or mapping verification.",,verified,Keep redacted from public student practice; verify source/transcription and obtain release authorization before promotion.
APCALC-AB-FRQ-1992-01,public_release_blocked,historical-frq-1969-2010,38,,,"Retained in the canonical/admin archive; excluded from student practice pending source, answer, KaTeX, and/or mapping verification.",,verified,Keep redacted from public student practice; verify source/transcription and obtain release authorization before promotion.
APCALC-AB-FRQ-1992-02,public_release_blocked,historical-frq-1969-2010,38,,,"Retained in the canonical/admin archive; excluded from student practice pending source, answer, KaTeX, and/or mapping verification.",,verified,Keep redacted from public student practice; verify source/transcription and obtain release authorization before promotion.
APCALC-AB-FRQ-1992-03,public_release_blocked,historical-frq-1969-2010,38,,,"Retained in the canonical/admin archive; excluded from student practice pending source, answer, KaTeX, and/or mapping verification.",,verified,Keep redacted from public student practice; verify source/transcription and obtain release authorization before promotion.
APCALC-AB-FRQ-1992-04,public_release_blocked,historical-frq-1969-2010,38; 20; 21,,,"Retained in the canonical/admin archive; excluded from student practice pending source, answer, KaTeX, and/or mapping verification.",,verified,Keep redacted from public student practice; verify source/transcription and obtain release authorization before promotion.
APCALC-AB-FRQ-1992-05,public_release_blocked,historical-frq-1969-2010,38; 39,,,"Retained in the canonical/admin archive; excluded from student practice pending source, answer, KaTeX, and/or mapping verification.",,verified,Keep redacted from public student practice; verify source/transcription and obtain release authorization before promotion.
APCALC-AB-FRQ-1992-06,public_release_blocked,historical-frq-1969-2010,39; 75; 76,,,"Retained in the canonical/admin archive; excluded from student practice pending source, answer, KaTeX, and/or mapping verification.",,verified,Keep redacted from public student practice; verify source/transcription and obtain release authorization before promotion.
APCALC-AB-FRQ-1993-01,public_release_blocked,historical-frq-1969-2010,39,,,"Retained in the canonical/admin archive; excluded from student practice pending source, answer, KaTeX, and/or mapping verification.",,verified,Keep redacted from public student practice; verify source/transcription and obtain release authorization before promotion.
APCALC-AB-FRQ-1993-02,public_release_blocked,historical-frq-1969-2010,39,,,"Retained in the canonical/admin archive; excluded from student practice pending source, answer, KaTeX, and/or mapping verification.",,verified,Keep redacted from public student practice; verify source/transcription and obtain release authorization before promotion.
APCALC-AB-FRQ-1993-03,public_release_blocked,historical-frq-1969-2010,39,,,"Retained in the canonical/admin archive; excluded from student practice pending source, answer, KaTeX, and/or mapping verification.",,verified,Keep redacted from public student practice; verify source/transcription and obtain release authorization before promotion.
APCALC-AB-FRQ-1993-04,public_release_blocked,historical-frq-1969-2010,39; 40,,,"Retained in the canonical/admin archive; excluded from student practice pending source, answer, KaTeX, and/or mapping verification.",,verified,Keep redacted from public student practice; verify source/transcription and obtain release authorization before promotion.
APCALC-AB-FRQ-1993-05,public_release_blocked,historical-frq-1969-2010,40,,,"Retained in the canonical/admin archive; excluded from student practice pending source, answer, KaTeX, and/or mapping verification.",,verified,Keep redacted from public student practice; verify source/transcription and obtain release authorization before promotion.
APCALC-AB-FRQ-1993-06,public_release_blocked,historical-frq-1969-2010,40,,,"Retained in the canonical/admin archive; excluded from student practice pending source, answer, KaTeX, and/or mapping verification.",,verified,Keep redacted from public student practice; verify source/transcription and obtain release authorization before promotion.
APCALC-AB-FRQ-1994-01,public_release_blocked,historical-frq-1969-2010,40,,,"Retained in the canonical/admin archive; excluded from student practice pending source, answer, KaTeX, and/or mapping verification.",,verified,Keep redacted from public student practice; verify source/transcription and obtain release authorization before promotion.
APCALC-AB-FRQ-1994-02,public_release_blocked,historical-frq-1969-2010,40; 41,,,"Retained in the canonical/admin archive; excluded from student practice pending source, answer, KaTeX, and/or mapping verification.",,verified,Keep redacted from public student practice; verify source/transcription and obtain release authorization before promotion.
APCALC-AB-FRQ-1994-03,public_release_blocked,historical-frq-1969-2010,41,,,"Retained in the canonical/admin archive; excluded from student practice pending source, answer, KaTeX, and/or mapping verification.",,verified,Keep redacted from public student practice; verify source/transcription and obtain release authorization before promotion.
APCALC-AB-FRQ-1994-04,public_release_blocked,historical-frq-1969-2010,41,,,"Retained in the canonical/admin archive; excluded from student practice pending source, answer, KaTeX, and/or mapping verification.",,verified,Keep redacted from public student practice; verify source/transcription and obtain release authorization before promotion.
APCALC-AB-FRQ-1994-05,public_release_blocked,historical-frq-1969-2010,41,,,"Retained in the canonical/admin archive; excluded from student practice pending source, answer, KaTeX, and/or mapping verification.",,verified,Keep redacted from public student practice; verify source/transcription and obtain release authorization before promotion.
APCALC-AB-FRQ-1994-06,public_release_blocked,historical-frq-1969-2010,41; 42,,,"Retained in the canonical/admin archive; excluded from student practice pending source, answer, KaTeX, and/or mapping verification.",,verified,Keep redacted from public student practice; verify source/transcription and obtain release authorization before promotion.
APCALC-AB-FRQ-1995-01,public_release_blocked,historical-frq-1969-2010,42,,,"Retained in the canonical/admin archive; excluded from student practice pending source, answer, KaTeX, and/or mapping verification.",,verified,Keep redacted from public student practice; verify source/transcription and obtain release authorization before promotion.
APCALC-AB-FRQ-1995-02,public_release_blocked,historical-frq-1969-2010,42,,,"Retained in the canonical/admin archive; excluded from student practice pending source, answer, KaTeX, and/or mapping verification.",,verified,Keep redacted from public student practice; verify source/transcription and obtain release authorization before promotion.
APCALC-AB-FRQ-1995-03,public_release_blocked,historical-frq-1969-2010,42; 43,,,"Retained in the canonical/admin archive; excluded from student practice pending source, answer, KaTeX, and/or mapping verification.",,verified,Keep redacted from public student practice; verify source/transcription and obtain release authorization before promotion.
APCALC-AB-FRQ-1995-04,public_release_blocked,historical-frq-1969-2010,43,,,"Retained in the canonical/admin archive; excluded from student practice pending source, answer, KaTeX, and/or mapping verification.",,verified,Keep redacted from public student practice; verify source/transcription and obtain release authorization before promotion.
APCALC-AB-FRQ-1995-05,public_release_blocked,historical-frq-1969-2010,43; 44,,,"Retained in the canonical/admin archive; excluded from student practice pending source, answer, KaTeX, and/or mapping verification.",,verified,Keep redacted from public student practice; verify source/transcription and obtain release authorization before promotion.
APCALC-AB-FRQ-1995-06,public_release_blocked,historical-frq-1969-2010,44,,,"Retained in the canonical/admin archive; excluded from student practice pending source, answer, KaTeX, and/or mapping verification.",,verified,Keep redacted from public student practice; verify source/transcription and obtain release authorization before promotion.
APCALC-AB-FRQ-1996-01,public_release_blocked,historical-frq-1969-2010,44; 45,,,"Retained in the canonical/admin archive; excluded from student practice pending source, answer, KaTeX, and/or mapping verification.",,verified,Keep redacted from public student practice; verify source/transcription and obtain release authorization before promotion.
APCALC-AB-FRQ-1996-02,public_release_blocked,historical-frq-1969-2010,45,,,"Retained in the canonical/admin archive; excluded from student practice pending source, answer, KaTeX, and/or mapping verification.",,verified,Keep redacted from public student practice; verify source/transcription and obtain release authorization before promotion.
APCALC-AB-FRQ-1996-03,public_release_blocked,historical-frq-1969-2010,45,,,"Retained in the canonical/admin archive; excluded from student practice pending source, answer, KaTeX, and/or mapping verification.",,verified,Keep redacted from public student practice; verify source/transcription and obtain release authorization before promotion.
APCALC-AB-FRQ-1996-04,public_release_blocked,historical-frq-1969-2010,45; 46,,,"Retained in the canonical/admin archive; excluded from student practice pending source, answer, KaTeX, and/or mapping verification.",,verified,Keep redacted from public student practice; verify source/transcription and obtain release authorization before promotion.
APCALC-AB-FRQ-1996-05,public_release_blocked,historical-frq-1969-2010,46,,,"Retained in the canonical/admin archive; excluded from student practice pending source, answer, KaTeX, and/or mapping verification.",,verified,Keep redacted from public student practice; verify source/transcription and obtain release authorization before promotion.
APCALC-AB-FRQ-1996-06,public_release_blocked,historical-frq-1969-2010,46; 47,,,"Retained in the canonical/admin archive; excluded from student practice pending source, answer, KaTeX, and/or mapping verification.",,verified,Keep redacted from public student practice; verify source/transcription and obtain release authorization before promotion.
APCALC-AB-FRQ-1997-01,public_release_blocked,historical-frq-1969-2010,47,,,"Retained in the canonical/admin archive; excluded from student practice pending source, answer, KaTeX, and/or mapping verification.",,verified,Keep redacted from public student practice; verify source/transcription and obtain release authorization before promotion.
APCALC-AB-FRQ-1997-02,public_release_blocked,historical-frq-1969-2010,47,,,"Retained in the canonical/admin archive; excluded from student practice pending source, answer, KaTeX, and/or mapping verification.",,verified,Keep redacted from public student practice; verify source/transcription and obtain release authorization before promotion.
APCALC-AB-FRQ-1997-03,public_release_blocked,historical-frq-1969-2010,47; 48,,,"Retained in the canonical/admin archive; excluded from student practice pending source, answer, KaTeX, and/or mapping verification.",,verified,Keep redacted from public student practice; verify source/transcription and obtain release authorization before promotion.
APCALC-AB-FRQ-1997-04,public_release_blocked,historical-frq-1969-2010,48,,,"Retained in the canonical/admin archive; excluded from student practice pending source, answer, KaTeX, and/or mapping verification.",,verified,Keep redacted from public student practice; verify source/transcription and obtain release authorization before promotion.
APCALC-AB-FRQ-1997-05,public_release_blocked,historical-frq-1969-2010,48; 49,,,"Retained in the canonical/admin archive; excluded from student practice pending source, answer, KaTeX, and/or mapping verification.",,verified,Keep redacted from public student practice; verify source/transcription and obtain release authorization before promotion.
APCALC-AB-FRQ-1997-06,public_release_blocked,historical-frq-1969-2010,49,,,"Retained in the canonical/admin archive; excluded from student practice pending source, answer, KaTeX, and/or mapping verification.",,verified,Keep redacted from public student practice; verify source/transcription and obtain release authorization before promotion.
APCALC-AB-FRQ-1998-01,public_release_blocked,historical-frq-1969-2010,49; 3,,,"Retained in the canonical/admin archive; excluded from student practice pending source, answer, KaTeX, and/or mapping verification.",,verified,Keep redacted from public student practice; verify source/transcription and obtain release authorization before promotion.
APCALC-AB-FRQ-1998-02,public_release_blocked,historical-frq-1969-2010,49; 50,,,"Retained in the canonical/admin archive; excluded from student practice pending source, answer, KaTeX, and/or mapping verification.",,verified,Keep redacted from public student practice; verify source/transcription and obtain release authorization before promotion.
APCALC-AB-FRQ-1998-03,public_release_blocked,historical-frq-1969-2010,50,,,"Retained in the canonical/admin archive; excluded from student practice pending source, answer, KaTeX, and/or mapping verification.",,verified,Keep redacted from public student practice; verify source/transcription and obtain release authorization before promotion.
APCALC-AB-FRQ-1998-04,public_release_blocked,historical-frq-1969-2010,50; 51; 69,,,"Retained in the canonical/admin archive; excluded from student practice pending source, answer, KaTeX, and/or mapping verification.",,verified,Keep redacted from public student practice; verify source/transcription and obtain release authorization before promotion.
APCALC-AB-FRQ-1998-05,public_release_blocked,historical-frq-1969-2010,51,,,"Retained in the canonical/admin archive; excluded from student practice pending source, answer, KaTeX, and/or mapping verification.",,verified,Keep redacted from public student practice; verify source/transcription and obtain release authorization before promotion.
APCALC-AB-FRQ-1998-06,public_release_blocked,historical-frq-1969-2010,51; 93,,,"Retained in the canonical/admin archive; excluded from student practice pending source, answer, KaTeX, and/or mapping verification.",,verified,Keep redacted from public student practice; verify source/transcription and obtain release authorization before promotion.
APCALC-AB-FRQ-1999-01,public_release_blocked,historical-frq-1969-2010,51,,,"Retained in the canonical/admin archive; excluded from student practice pending source, answer, KaTeX, and/or mapping verification.",,verified,Keep redacted from public student practice; verify source/transcription and obtain release authorization before promotion.
APCALC-AB-FRQ-1999-02,public_release_blocked,historical-frq-1969-2010,51; 52,,,"Retained in the canonical/admin archive; excluded from student practice pending source, answer, KaTeX, and/or mapping verification.",,verified,Keep redacted from public student practice; verify source/transcription and obtain release authorization before promotion.
APCALC-AB-FRQ-1999-03,public_release_blocked,historical-frq-1969-2010,52,,,"Retained in the canonical/admin archive; excluded from student practice pending source, answer, KaTeX, and/or mapping verification.",,verified,Keep redacted from public student practice; verify source/transcription and obtain release authorization before promotion.
APCALC-AB-FRQ-1999-04,public_release_blocked,historical-frq-1969-2010,52; 53,,,"Retained in the canonical/admin archive; excluded from student practice pending source, answer, KaTeX, and/or mapping verification.",,verified,Keep redacted from public student practice; verify source/transcription and obtain release authorization before promotion.
APCALC-AB-FRQ-1999-05,public_release_blocked,historical-frq-1969-2010,53,,,"Retained in the canonical/admin archive; excluded from student practice pending source, answer, KaTeX, and/or mapping verification.",,verified,Keep redacted from public student practice; verify source/transcription and obtain release authorization before promotion.
APCALC-AB-FRQ-1999-06,public_release_blocked,historical-frq-1969-2010,53; 54,,,"Retained in the canonical/admin archive; excluded from student practice pending source, answer, KaTeX, and/or mapping verification.",,verified,Keep redacted from public student practice; verify source/transcription and obtain release authorization before promotion.
APCALC-AB-FRQ-2000-01,public_release_blocked,historical-frq-1969-2010,54,,,"Retained in the canonical/admin archive; excluded from student practice pending source, answer, KaTeX, and/or mapping verification.",,verified,Keep redacted from public student practice; verify source/transcription and obtain release authorization before promotion.
APCALC-AB-FRQ-2000-02,public_release_blocked,historical-frq-1969-2010,54; 55,,,"Retained in the canonical/admin archive; excluded from student practice pending source, answer, KaTeX, and/or mapping verification.",,verified,Keep redacted from public student practice; verify source/transcription and obtain release authorization before promotion.
APCALC-AB-FRQ-2000-03,public_release_blocked,historical-frq-1969-2010,55; 56,,,"Retained in the canonical/admin archive; excluded from student practice pending source, answer, KaTeX, and/or mapping verification.",,verified,Keep redacted from public student practice; verify source/transcription and obtain release authorization before promotion.
APCALC-AB-FRQ-2000-04,public_release_blocked,historical-frq-1969-2010,56,,,"Retained in the canonical/admin archive; excluded from student practice pending source, answer, KaTeX, and/or mapping verification.",,verified,Keep redacted from public student practice; verify source/transcription and obtain release authorization before promotion.
APCALC-AB-FRQ-2000-05,public_release_blocked,historical-frq-1969-2010,56,,,"Retained in the canonical/admin archive; excluded from student practice pending source, answer, KaTeX, and/or mapping verification.",,verified,Keep redacted from public student practice; verify source/transcription and obtain release authorization before promotion.
APCALC-AB-FRQ-2000-06,public_release_blocked,historical-frq-1969-2010,56; 57,,,"Retained in the canonical/admin archive; excluded from student practice pending source, answer, KaTeX, and/or mapping verification.",,verified,Keep redacted from public student practice; verify source/transcription and obtain release authorization before promotion.
APCALC-AB-FRQ-2001-01,public_release_blocked,historical-frq-1969-2010,57; 6,,,"Retained in the canonical/admin archive; excluded from student practice pending source, answer, KaTeX, and/or mapping verification.",,verified,Keep redacted from public student practice; verify source/transcription and obtain release authorization before promotion.
APCALC-AB-FRQ-2001-02,public_release_blocked,historical-frq-1969-2010,57; 58; 45,,,"Retained in the canonical/admin archive; excluded from student practice pending source, answer, KaTeX, and/or mapping verification.",,verified,Keep redacted from public student practice; verify source/transcription and obtain release authorization before promotion.
APCALC-AB-FRQ-2001-03,public_release_blocked,historical-frq-1969-2010,58; 80,,,"Retained in the canonical/admin archive; excluded from student practice pending source, answer, KaTeX, and/or mapping verification.",,verified,Keep redacted from public student practice; verify source/transcription and obtain release authorization before promotion.
APCALC-AB-FRQ-2001-04,public_release_blocked,historical-frq-1969-2010,58; 116,,,"Retained in the canonical/admin archive; excluded from student practice pending source, answer, KaTeX, and/or mapping verification.",,verified,Keep redacted from public student practice; verify source/transcription and obtain release authorization before promotion.
APCALC-AB-FRQ-2001-05,public_release_blocked,historical-frq-1969-2010,58; 59; 115,,,"Retained in the canonical/admin archive; excluded from student practice pending source, answer, KaTeX, and/or mapping verification.",,verified,Keep redacted from public student practice; verify source/transcription and obtain release authorization before promotion.
APCALC-AB-FRQ-2001-06,public_release_blocked,historical-frq-1969-2010,59; 95,,,"Retained in the canonical/admin archive; excluded from student practice pending source, answer, KaTeX, and/or mapping verification.",,verified,Keep redacted from public student practice; verify source/transcription and obtain release authorization before promotion.
APCALC-AB-FRQ-2002-01,public_release_blocked,historical-frq-1969-2010,59; 8,,,"Retained in the canonical/admin archive; excluded from student practice pending source, answer, KaTeX, and/or mapping verification.",,verified,Keep redacted from public student practice; verify source/transcription and obtain release authorization before promotion.
APCALC-AB-FRQ-2002-02,public_release_blocked,historical-frq-1969-2010,59; 60; 28,,,"Retained in the canonical/admin archive; excluded from student practice pending source, answer, KaTeX, and/or mapping verification.",,verified,Keep redacted from public student practice; verify source/transcription and obtain release authorization before promotion.
APCALC-AB-FRQ-2002-03,public_release_blocked,historical-frq-1969-2010,60; 61; 100,,,"Retained in the canonical/admin archive; excluded from student practice pending source, answer, KaTeX, and/or mapping verification.",,verified,Keep redacted from public student practice; verify source/transcription and obtain release authorization before promotion.
APCALC-AB-FRQ-2002-04,public_release_blocked,historical-frq-1969-2010,61; 82,,,"Retained in the canonical/admin archive; excluded from student practice pending source, answer, KaTeX, and/or mapping verification.",,verified,Keep redacted from public student practice; verify source/transcription and obtain release authorization before promotion.
APCALC-AB-FRQ-2002-05,public_release_blocked,historical-frq-1969-2010,61; 62; 73,,,"Retained in the canonical/admin archive; excluded from student practice pending source, answer, KaTeX, and/or mapping verification.",,verified,Keep redacted from public student practice; verify source/transcription and obtain release authorization before promotion.
APCALC-AB-FRQ-2002-06,public_release_blocked,historical-frq-1969-2010,62; 63; 113,,,"Retained in the canonical/admin archive; excluded from student practice pending source, answer, KaTeX, and/or mapping verification.",,verified,Keep redacted from public student practice; verify source/transcription and obtain release authorization before promotion.
APCALC-AB-FRQ-2002-01-FORM-B,public_release_blocked,historical-frq-1969-2010,63; 7,,,"Retained in the canonical/admin archive; excluded from student practice pending source, answer, KaTeX, and/or mapping verification.",,verified,Keep redacted from public student practice; verify source/transcription and obtain release authorization before promotion.
APCALC-AB-FRQ-2002-02-FORM-B,public_release_blocked,historical-frq-1969-2010,63; 42,,,"Retained in the canonical/admin archive; excluded from student practice pending source, answer, KaTeX, and/or mapping verification.",,verified,Keep redacted from public student practice; verify source/transcription and obtain release authorization before promotion.
APCALC-AB-FRQ-2002-03-FORM-B,public_release_blocked,historical-frq-1969-2010,63; 64; 99,,,"Retained in the canonical/admin archive; excluded from student practice pending source, answer, KaTeX, and/or mapping verification.",,verified,Keep redacted from public student practice; verify source/transcription and obtain release authorization before promotion.
APCALC-AB-FRQ-2002-04-FORM-B,public_release_blocked,historical-frq-1969-2010,64; 81,,,"Retained in the canonical/admin archive; excluded from student practice pending source, answer, KaTeX, and/or mapping verification.",,verified,Keep redacted from public student practice; verify source/transcription and obtain release authorization before promotion.
APCALC-AB-FRQ-2002-05-FORM-B,public_release_blocked,historical-frq-1969-2010,64; 71,,,"Retained in the canonical/admin archive; excluded from student practice pending source, answer, KaTeX, and/or mapping verification.",,verified,Keep redacted from public student practice; verify source/transcription and obtain release authorization before promotion.
APCALC-AB-FRQ-2002-06-FORM-B,public_release_blocked,historical-frq-1969-2010,64; 65; 72,,,"Retained in the canonical/admin archive; excluded from student practice pending source, answer, KaTeX, and/or mapping verification.",,verified,Keep redacted from public student practice; verify source/transcription and obtain release authorization before promotion.
APCALC-AB-FRQ-2003-01,public_release_blocked,historical-frq-1969-2010,65; 9,,,"Retained in the canonical/admin archive; excluded from student practice pending source, answer, KaTeX, and/or mapping verification.",,verified,Keep redacted from public student practice; verify source/transcription and obtain release authorization before promotion.
APCALC-AB-FRQ-2003-02,public_release_blocked,historical-frq-1969-2010,65; 66; 102,,,"Retained in the canonical/admin archive; excluded from student practice pending source, answer, KaTeX, and/or mapping verification.",,verified,Keep redacted from public student practice; verify source/transcription and obtain release authorization before promotion.
APCALC-AB-FRQ-2003-03,public_release_blocked,historical-frq-1969-2010,66; 47,,,"Retained in the canonical/admin archive; excluded from student practice pending source, answer, KaTeX, and/or mapping verification.",,verified,Keep redacted from public student practice; verify source/transcription and obtain release authorization before promotion.
APCALC-AB-FRQ-2003-04,public_release_blocked,historical-frq-1969-2010,66; 67; 84,,,"Retained in the canonical/admin archive; excluded from student practice pending source, answer, KaTeX, and/or mapping verification.",,verified,Keep redacted from public student practice; verify source/transcription and obtain release authorization before promotion.
APCALC-AB-FRQ-2003-05,public_release_blocked,historical-frq-1969-2010,67; 68; 74,,,"Retained in the canonical/admin archive; excluded from student practice pending source, answer, KaTeX, and/or mapping verification.",,verified,Keep redacted from public student practice; verify source/transcription and obtain release authorization before promotion.
APCALC-AB-FRQ-2003-06,public_release_blocked,historical-frq-1969-2010,68; 117,,,"Retained in the canonical/admin archive; excluded from student practice pending source, answer, KaTeX, and/or mapping verification.",,verified,Keep redacted from public student practice; verify source/transcription and obtain release authorization before promotion.
APCALC-AB-FRQ-2003-01-FORM-B,public_release_blocked,historical-frq-1969-2010,68; 69; 125,,,"Retained in the canonical/admin archive; excluded from student practice pending source, answer, KaTeX, and/or mapping verification.",,verified,Keep redacted from public student practice; verify source/transcription and obtain release authorization before promotion.
APCALC-AB-FRQ-2003-02-FORM-B,public_release_blocked,historical-frq-1969-2010,69; 29,,,"Retained in the canonical/admin archive; excluded from student practice pending source, answer, KaTeX, and/or mapping verification.",,verified,Keep redacted from public student practice; verify source/transcription and obtain release authorization before promotion.
APCALC-AB-FRQ-2003-03-FORM-B,public_release_blocked,historical-frq-1969-2010,69; 46,,,"Retained in the canonical/admin archive; excluded from student practice pending source, answer, KaTeX, and/or mapping verification.",,verified,Keep redacted from public student practice; verify source/transcription and obtain release authorization before promotion.
APCALC-AB-FRQ-2003-04-FORM-B,public_release_blocked,historical-frq-1969-2010,69; 70; 101,,,"Retained in the canonical/admin archive; excluded from student practice pending source, answer, KaTeX, and/or mapping verification.",,verified,Keep redacted from public student practice; verify source/transcription and obtain release authorization before promotion.
APCALC-AB-FRQ-2003-05-FORM-B,public_release_blocked,historical-frq-1969-2010,70; 83,,,"Retained in the canonical/admin archive; excluded from student practice pending source, answer, KaTeX, and/or mapping verification.",,verified,Keep redacted from public student practice; verify source/transcription and obtain release authorization before promotion.
APCALC-AB-FRQ-2003-06-FORM-B,public_release_blocked,historical-frq-1969-2010,70; 71; 121,,,"Retained in the canonical/admin archive; excluded from student practice pending source, answer, KaTeX, and/or mapping verification.",,verified,Keep redacted from public student practice; verify source/transcription and obtain release authorization before promotion.
APCALC-AB-FRQ-2004-01,public_release_blocked,historical-frq-1969-2010,71; 31,,,"Retained in the canonical/admin archive; excluded from student practice pending source, answer, KaTeX, and/or mapping verification.",,verified,Keep redacted from public student practice; verify source/transcription and obtain release authorization before promotion.
APCALC-AB-FRQ-2004-02,public_release_blocked,historical-frq-1969-2010,71; 72; 11,,,"Retained in the canonical/admin archive; excluded from student practice pending source, answer, KaTeX, and/or mapping verification.",,verified,Keep redacted from public student practice; verify source/transcription and obtain release authorization before promotion.
APCALC-AB-FRQ-2004-03,public_release_blocked,historical-frq-1969-2010,72; 103,,,"Retained in the canonical/admin archive; excluded from student practice pending source, answer, KaTeX, and/or mapping verification.",,verified,Keep redacted from public student practice; verify source/transcription and obtain release authorization before promotion.
APCALC-AB-FRQ-2004-04,public_release_blocked,historical-frq-1969-2010,72; 96,,,"Retained in the canonical/admin archive; excluded from student practice pending source, answer, KaTeX, and/or mapping verification.",,verified,Keep redacted from public student practice; verify source/transcription and obtain release authorization before promotion.
APCALC-AB-FRQ-2004-05,public_release_blocked,historical-frq-1969-2010,72; 73; 85,,,"Retained in the canonical/admin archive; excluded from student practice pending source, answer, KaTeX, and/or mapping verification.",,verified,Keep redacted from public student practice; verify source/transcription and obtain release authorization before promotion.
APCALC-AB-FRQ-2004-06,public_release_blocked,historical-frq-1969-2010,73; 62,,,"Retained in the canonical/admin archive; excluded from student practice pending source, answer, KaTeX, and/or mapping verification.",,verified,Keep redacted from public student practice; verify source/transcription and obtain release authorization before promotion.
APCALC-AB-FRQ-2004-01-FORM-B,public_release_blocked,historical-frq-1969-2010,73; 10,,,"Retained in the canonical/admin archive; excluded from student practice pending source, answer, KaTeX, and/or mapping verification.",,verified,Keep redacted from public student practice; verify source/transcription and obtain release authorization before promotion.
APCALC-AB-FRQ-2004-02-FORM-B,public_release_blocked,historical-frq-1969-2010,73; 74; 30,,,"Retained in the canonical/admin archive; excluded from student practice pending source, answer, KaTeX, and/or mapping verification.",,verified,Keep redacted from public student practice; verify source/transcription and obtain release authorization before promotion.
APCALC-AB-FRQ-2004-03-FORM-B,public_release_blocked,historical-frq-1969-2010,74; 75; 48,,,"Retained in the canonical/admin archive; excluded from student practice pending source, answer, KaTeX, and/or mapping verification.",,verified,Keep redacted from public student practice; verify source/transcription and obtain release authorization before promotion.
APCALC-AB-FRQ-2004-04-FORM-B,public_release_blocked,historical-frq-1969-2010,75; 56,,,"Retained in the canonical/admin archive; excluded from student practice pending source, answer, KaTeX, and/or mapping verification.",,verified,Keep redacted from public student practice; verify source/transcription and obtain release authorization before promotion.
APCALC-AB-FRQ-2004-05-FORM-B,public_release_blocked,historical-frq-1969-2010,75; 76; 61,,,"Retained in the canonical/admin archive; excluded from student practice pending source, answer, KaTeX, and/or mapping verification.",,verified,Keep redacted from public student practice; verify source/transcription and obtain release authorization before promotion.
APCALC-AB-FRQ-2004-06-FORM-B,public_release_blocked,historical-frq-1969-2010,76; 77; 126,,,"Retained in the canonical/admin archive; excluded from student practice pending source, answer, KaTeX, and/or mapping verification.",,verified,Keep redacted from public student practice; verify source/transcription and obtain release authorization before promotion.
APCALC-AB-FRQ-2005-01,public_release_blocked,historical-frq-1969-2010,77; 13,,,"Retained in the canonical/admin archive; excluded from student practice pending source, answer, KaTeX, and/or mapping verification.",,verified,Keep redacted from public student practice; verify source/transcription and obtain release authorization before promotion.
APCALC-AB-FRQ-2005-02,public_release_blocked,historical-frq-1969-2010,77; 33,,,"Retained in the canonical/admin archive; excluded from student practice pending source, answer, KaTeX, and/or mapping verification.",,verified,Keep redacted from public student practice; verify source/transcription and obtain release authorization before promotion.
APCALC-AB-FRQ-2005-03,public_release_blocked,historical-frq-1969-2010,77; 78; 49,,,"Retained in the canonical/admin archive; excluded from student practice pending source, answer, KaTeX, and/or mapping verification.",,verified,Keep redacted from public student practice; verify source/transcription and obtain release authorization before promotion.
APCALC-AB-FRQ-2005-04,public_release_blocked,historical-frq-1969-2010,78; 79; 109,,,"Retained in the canonical/admin archive; excluded from student practice pending source, answer, KaTeX, and/or mapping verification.",,verified,Keep redacted from public student practice; verify source/transcription and obtain release authorization before promotion.
APCALC-AB-FRQ-2005-05,public_release_blocked,historical-frq-1969-2010,79; 80; 87,,,"Retained in the canonical/admin archive; excluded from student practice pending source, answer, KaTeX, and/or mapping verification.",,verified,Keep redacted from public student practice; verify source/transcription and obtain release authorization before promotion.
APCALC-AB-FRQ-2005-06,public_release_blocked,historical-frq-1969-2010,80; 64,,,"Retained in the canonical/admin archive; excluded from student practice pending source, answer, KaTeX, and/or mapping verification.",,verified,Keep redacted from public student practice; verify source/transcription and obtain release authorization before promotion.
APCALC-AB-FRQ-2006-01,public_release_blocked,historical-frq-1969-2010,80; 15,,,"Retained in the canonical/admin archive; excluded from student practice pending source, answer, KaTeX, and/or mapping verification.",,verified,Keep redacted from public student practice; verify source/transcription and obtain release authorization before promotion.
APCALC-AB-FRQ-2006-02,public_release_blocked,historical-frq-1969-2010,80; 81; 34,,,"Retained in the canonical/admin archive; excluded from student practice pending source, answer, KaTeX, and/or mapping verification.",,verified,Keep redacted from public student practice; verify source/transcription and obtain release authorization before promotion.
APCALC-AB-FRQ-2006-03,public_release_blocked,historical-frq-1969-2010,81; 89,,,"Retained in the canonical/admin archive; excluded from student practice pending source, answer, KaTeX, and/or mapping verification.",,verified,Keep redacted from public student practice; verify source/transcription and obtain release authorization before promotion.
APCALC-AB-FRQ-2006-04,public_release_blocked,historical-frq-1969-2010,81; 82; 51,,,"Retained in the canonical/admin archive; excluded from student practice pending source, answer, KaTeX, and/or mapping verification.",,verified,Keep redacted from public student practice; verify source/transcription and obtain release authorization before promotion.
APCALC-AB-FRQ-2006-05,public_release_blocked,historical-frq-1969-2010,82; 83; 66,,,"Retained in the canonical/admin archive; excluded from student practice pending source, answer, KaTeX, and/or mapping verification.",,verified,Keep redacted from public student practice; verify source/transcription and obtain release authorization before promotion.
APCALC-AB-FRQ-2006-06,public_release_blocked,historical-frq-1969-2010,83; 122,,,"Retained in the canonical/admin archive; excluded from student practice pending source, answer, KaTeX, and/or mapping verification.",,verified,Keep redacted from public student practice; verify source/transcription and obtain release authorization before promotion.
APCALC-AB-FRQ-2007-01,public_release_blocked,historical-frq-1969-2010,83; 84; 17,,,"Retained in the canonical/admin archive; excluded from student practice pending source, answer, KaTeX, and/or mapping verification.",,verified,Keep redacted from public student practice; verify source/transcription and obtain release authorization before promotion.
APCALC-AB-FRQ-2007-02,public_release_blocked,historical-frq-1969-2010,84; 35,,,"Retained in the canonical/admin archive; excluded from student practice pending source, answer, KaTeX, and/or mapping verification.",,verified,Keep redacted from public student practice; verify source/transcription and obtain release authorization before promotion.
APCALC-AB-FRQ-2007-03,public_release_blocked,historical-frq-1969-2010,84; 85; 110,,,"Retained in the canonical/admin archive; excluded from student practice pending source, answer, KaTeX, and/or mapping verification.",,verified,Keep redacted from public student practice; verify source/transcription and obtain release authorization before promotion.
APCALC-AB-FRQ-2007-04,public_release_blocked,historical-frq-1969-2010,85; 106,,,"Retained in the canonical/admin archive; excluded from student practice pending source, answer, KaTeX, and/or mapping verification.",,verified,Keep redacted from public student practice; verify source/transcription and obtain release authorization before promotion.
APCALC-AB-FRQ-2007-05,public_release_blocked,historical-frq-1969-2010,85; 86; 52,,,"Retained in the canonical/admin archive; excluded from student practice pending source, answer, KaTeX, and/or mapping verification.",,verified,Keep redacted from public student practice; verify source/transcription and obtain release authorization before promotion.
APCALC-AB-FRQ-2007-06,public_release_blocked,historical-frq-1969-2010,86; 118,,,"Retained in the canonical/admin archive; excluded from student practice pending source, answer, KaTeX, and/or mapping verification.",,verified,Keep redacted from public student practice; verify source/transcription and obtain release authorization before promotion.
APCALC-AB-FRQ-2007-01-FORM-B,public_release_blocked,historical-frq-1969-2010,86; 16,,,"Retained in the canonical/admin archive; excluded from student practice pending source, answer, KaTeX, and/or mapping verification.",,verified,Keep redacted from public student practice; verify source/transcription and obtain release authorization before promotion.
APCALC-AB-FRQ-2007-02-FORM-B,public_release_blocked,historical-frq-1969-2010,86; 87; 105,,,"Retained in the canonical/admin archive; excluded from student practice pending source, answer, KaTeX, and/or mapping verification.",,verified,Keep redacted from public student practice; verify source/transcription and obtain release authorization before promotion.
APCALC-AB-FRQ-2007-03-FORM-B,public_release_blocked,historical-frq-1969-2010,87,,,"Retained in the canonical/admin archive; excluded from student practice pending source, answer, KaTeX, and/or mapping verification.",,verified,Keep redacted from public student practice; verify source/transcription and obtain release authorization before promotion.
APCALC-AB-FRQ-2007-04-FORM-B,public_release_blocked,historical-frq-1969-2010,87; 90,,,"Retained in the canonical/admin archive; excluded from student practice pending source, answer, KaTeX, and/or mapping verification.",,verified,Keep redacted from public student practice; verify source/transcription and obtain release authorization before promotion.
APCALC-AB-FRQ-2007-05-FORM-B,public_release_blocked,historical-frq-1969-2010,87; 88; 67,,,"Retained in the canonical/admin archive; excluded from student practice pending source, answer, KaTeX, and/or mapping verification.",,verified,Keep redacted from public student practice; verify source/transcription and obtain release authorization before promotion.
APCALC-AB-FRQ-2007-06-FORM-B,public_release_blocked,historical-frq-1969-2010,88; 123,,,"Retained in the canonical/admin archive; excluded from student practice pending source, answer, KaTeX, and/or mapping verification.",,verified,Keep redacted from public student practice; verify source/transcription and obtain release authorization before promotion.
APCALC-AB-FRQ-2008-01,public_release_blocked,historical-frq-1969-2010,88; 89; 19,,,"Retained in the canonical/admin archive; excluded from student practice pending source, answer, KaTeX, and/or mapping verification.",,verified,Keep redacted from public student practice; verify source/transcription and obtain release authorization before promotion.
APCALC-AB-FRQ-2008-02,public_release_blocked,historical-frq-1969-2010,89; 90; 54,,,"Retained in the canonical/admin archive; excluded from student practice pending source, answer, KaTeX, and/or mapping verification.",,verified,Keep redacted from public student practice; verify source/transcription and obtain release authorization before promotion.
APCALC-AB-FRQ-2008-03,public_release_blocked,historical-frq-1969-2010,90; 91; 37,,,"Retained in the canonical/admin archive; excluded from student practice pending source, answer, KaTeX, and/or mapping verification.",,verified,Keep redacted from public student practice; verify source/transcription and obtain release authorization before promotion.
APCALC-AB-FRQ-2008-04,public_release_blocked,historical-frq-1969-2010,91; 58,,,"Retained in the canonical/admin archive; excluded from student practice pending source, answer, KaTeX, and/or mapping verification.",,verified,Keep redacted from public student practice; verify source/transcription and obtain release authorization before promotion.
APCALC-AB-FRQ-2008-05,public_release_blocked,historical-frq-1969-2010,91; 92; 68,,,"Retained in the canonical/admin archive; excluded from student practice pending source, answer, KaTeX, and/or mapping verification.",,verified,Keep redacted from public student practice; verify source/transcription and obtain release authorization before promotion.
APCALC-AB-FRQ-2008-06,public_release_blocked,historical-frq-1969-2010,92; 119,,,"Retained in the canonical/admin archive; excluded from student practice pending source, answer, KaTeX, and/or mapping verification.",,verified,Keep redacted from public student practice; verify source/transcription and obtain release authorization before promotion.
APCALC-AB-FRQ-2008-01-FORM-B,public_release_blocked,historical-frq-1969-2010,92; 93; 18,,,"Retained in the canonical/admin archive; excluded from student practice pending source, answer, KaTeX, and/or mapping verification.",,verified,Keep redacted from public student practice; verify source/transcription and obtain release authorization before promotion.
APCALC-AB-FRQ-2008-02-FORM-B,public_release_blocked,historical-frq-1969-2010,93; 36,,,"Retained in the canonical/admin archive; excluded from student practice pending source, answer, KaTeX, and/or mapping verification.",,verified,Keep redacted from public student practice; verify source/transcription and obtain release authorization before promotion.
APCALC-AB-FRQ-2008-03-FORM-B,public_release_blocked,historical-frq-1969-2010,93; 94; 53,,,"Retained in the canonical/admin archive; excluded from student practice pending source, answer, KaTeX, and/or mapping verification.",,verified,Keep redacted from public student practice; verify source/transcription and obtain release authorization before promotion.
APCALC-AB-FRQ-2008-04-FORM-B,public_release_blocked,historical-frq-1969-2010,94; 128,,,"Retained in the canonical/admin archive; excluded from student practice pending source, answer, KaTeX, and/or mapping verification.",,verified,Keep redacted from public student practice; verify source/transcription and obtain release authorization before promotion.
APCALC-AB-FRQ-2008-05-FORM-B,public_release_blocked,historical-frq-1969-2010,94; 95; 92,,,"Retained in the canonical/admin archive; excluded from student practice pending source, answer, KaTeX, and/or mapping verification.",,verified,Keep redacted from public student practice; verify source/transcription and obtain release authorization before promotion.
APCALC-AB-FRQ-2008-06-FORM-B,public_release_blocked,historical-frq-1969-2010,95,,,"Retained in the canonical/admin archive; excluded from student practice pending source, answer, KaTeX, and/or mapping verification.",,verified,Keep redacted from public student practice; verify source/transcription and obtain release authorization before promotion.
APCALC-AB-FRQ-2009-01,public_release_blocked,historical-frq-1969-2010,95; 96,,,"Retained in the canonical/admin archive; excluded from student practice pending source, answer, KaTeX, and/or mapping verification.",,verified,Keep redacted from public student practice; verify source/transcription and obtain release authorization before promotion.
APCALC-AB-FRQ-2009-02,public_release_blocked,historical-frq-1969-2010,96,,,"Retained in the canonical/admin archive; excluded from student practice pending source, answer, KaTeX, and/or mapping verification.",,verified,Keep redacted from public student practice; verify source/transcription and obtain release authorization before promotion.
APCALC-AB-FRQ-2009-03,public_release_blocked,historical-frq-1969-2010,96; 97,,,"Retained in the canonical/admin archive; excluded from student practice pending source, answer, KaTeX, and/or mapping verification.",,verified,Keep redacted from public student practice; verify source/transcription and obtain release authorization before promotion.
APCALC-AB-FRQ-2009-04,public_release_blocked,historical-frq-1969-2010,97,,,"Retained in the canonical/admin archive; excluded from student practice pending source, answer, KaTeX, and/or mapping verification.",,verified,Keep redacted from public student practice; verify source/transcription and obtain release authorization before promotion.
APCALC-AB-FRQ-2009-05,public_release_blocked,historical-frq-1969-2010,97; 98,,,"Retained in the canonical/admin archive; excluded from student practice pending source, answer, KaTeX, and/or mapping verification.",,verified,Keep redacted from public student practice; verify source/transcription and obtain release authorization before promotion.
APCALC-AB-FRQ-2009-06,public_release_blocked,historical-frq-1969-2010,98,,,"Retained in the canonical/admin archive; excluded from student practice pending source, answer, KaTeX, and/or mapping verification.",,verified,Keep redacted from public student practice; verify source/transcription and obtain release authorization before promotion.
APCALC-AB-FRQ-2009-01-FORM-B,public_release_blocked,historical-frq-1969-2010,98; 99,,,"Retained in the canonical/admin archive; excluded from student practice pending source, answer, KaTeX, and/or mapping verification.",,verified,Keep redacted from public student practice; verify source/transcription and obtain release authorization before promotion.
APCALC-AB-FRQ-2009-02-FORM-B,public_release_blocked,historical-frq-1969-2010,99,,,"Retained in the canonical/admin archive; excluded from student practice pending source, answer, KaTeX, and/or mapping verification.",,verified,Keep redacted from public student practice; verify source/transcription and obtain release authorization before promotion.
APCALC-AB-FRQ-2009-03-FORM-B,public_release_blocked,historical-frq-1969-2010,99; 100,,,"Retained in the canonical/admin archive; excluded from student practice pending source, answer, KaTeX, and/or mapping verification.",,verified,Keep redacted from public student practice; verify source/transcription and obtain release authorization before promotion.
APCALC-AB-FRQ-2009-04-FORM-B,public_release_blocked,historical-frq-1969-2010,100; 101,,,"Retained in the canonical/admin archive; excluded from student practice pending source, answer, KaTeX, and/or mapping verification.",,verified,Keep redacted from public student practice; verify source/transcription and obtain release authorization before promotion.
APCALC-AB-FRQ-2009-05-FORM-B,public_release_blocked,historical-frq-1969-2010,101,,,"Retained in the canonical/admin archive; excluded from student practice pending source, answer, KaTeX, and/or mapping verification.",,verified,Keep redacted from public student practice; verify source/transcription and obtain release authorization before promotion.
APCALC-AB-FRQ-2009-06-FORM-B,public_release_blocked,historical-frq-1969-2010,101; 102,,,"Retained in the canonical/admin archive; excluded from student practice pending source, answer, KaTeX, and/or mapping verification.",,verified,Keep redacted from public student practice; verify source/transcription and obtain release authorization before promotion.
APCALC-AB-FRQ-2010-01,public_release_blocked,historical-frq-1969-2010,102; 103,,,"Retained in the canonical/admin archive; excluded from student practice pending source, answer, KaTeX, and/or mapping verification.",,verified,Keep redacted from public student practice; verify source/transcription and obtain release authorization before promotion.
APCALC-AB-FRQ-2010-02,public_release_blocked,historical-frq-1969-2010,103,,,"Retained in the canonical/admin archive; excluded from student practice pending source, answer, KaTeX, and/or mapping verification.",,verified,Keep redacted from public student practice; verify source/transcription and obtain release authorization before promotion.
APCALC-AB-FRQ-2010-03,public_release_blocked,historical-frq-1969-2010,103; 104,,,"Retained in the canonical/admin archive; excluded from student practice pending source, answer, KaTeX, and/or mapping verification.",,verified,Keep redacted from public student practice; verify source/transcription and obtain release authorization before promotion.
APCALC-AB-FRQ-2010-04,public_release_blocked,historical-frq-1969-2010,104; 105,,,"Retained in the canonical/admin archive; excluded from student practice pending source, answer, KaTeX, and/or mapping verification.",,verified,Keep redacted from public student practice; verify source/transcription and obtain release authorization before promotion.
APCALC-AB-FRQ-2010-05,public_release_blocked,historical-frq-1969-2010,105,,,"Retained in the canonical/admin archive; excluded from student practice pending source, answer, KaTeX, and/or mapping verification.",,verified,Keep redacted from public student practice; verify source/transcription and obtain release authorization before promotion.
APCALC-AB-FRQ-2010-06,public_release_blocked,historical-frq-1969-2010,105,,,"Retained in the canonical/admin archive; excluded from student practice pending source, answer, KaTeX, and/or mapping verification.",,verified,Keep redacted from public student practice; verify source/transcription and obtain release authorization before promotion.
APCALC-AB-SAMPLE-2014-MCQ-001,public_release_blocked,framework-sample-2014,5,B,,"Retained in the canonical/admin archive; excluded from student practice pending source, answer, KaTeX, and/or mapping verification.",,verified,Keep redacted from public student practice; verify source/transcription and obtain release authorization before promotion.
APCALC-AB-SAMPLE-2014-MCQ-002,public_release_blocked,framework-sample-2014,6,B,,"Retained in the canonical/admin archive; excluded from student practice pending source, answer, KaTeX, and/or mapping verification.",,verified,Keep redacted from public student practice; verify source/transcription and obtain release authorization before promotion.
APCALC-AB-SAMPLE-2014-MCQ-003,public_release_blocked,framework-sample-2014,7,C,,"Retained in the canonical/admin archive; excluded from student practice pending source, answer, KaTeX, and/or mapping verification.",,verified,Keep redacted from public student practice; verify source/transcription and obtain release authorization before promotion.
APCALC-AB-SAMPLE-2014-MCQ-004,public_release_blocked,framework-sample-2014,8,A,,"Retained in the canonical/admin archive; excluded from student practice pending source, answer, KaTeX, and/or mapping verification.",,verified,Keep redacted from public student practice; verify source/transcription and obtain release authorization before promotion.
APCALC-AB-SAMPLE-2014-MCQ-005,public_release_blocked,framework-sample-2014,9,A,,"Retained in the canonical/admin archive; excluded from student practice pending source, answer, KaTeX, and/or mapping verification.",,verified,Keep redacted from public student practice; verify source/transcription and obtain release authorization before promotion.
APCALC-AB-SAMPLE-2014-MCQ-006,public_release_blocked,framework-sample-2014,10,B,,"Retained in the canonical/admin archive; excluded from student practice pending source, answer, KaTeX, and/or mapping verification.",,verified,Keep redacted from public student practice; verify source/transcription and obtain release authorization before promotion.
APCALC-AB-SAMPLE-2014-MCQ-007,public_release_blocked,framework-sample-2014,11,D,,"Retained in the canonical/admin archive; excluded from student practice pending source, answer, KaTeX, and/or mapping verification.",,verified,Keep redacted from public student practice; verify source/transcription and obtain release authorization before promotion.
APCALC-AB-SAMPLE-2014-MCQ-008,public_release_blocked,framework-sample-2014,12,D,,"Retained in the canonical/admin archive; excluded from student practice pending source, answer, KaTeX, and/or mapping verification.",,verified,Keep redacted from public student practice; verify source/transcription and obtain release authorization before promotion.
APCALC-AB-SAMPLE-2014-MCQ-009,public_release_blocked,framework-sample-2014,13,B,,"Retained in the canonical/admin archive; excluded from student practice pending source, answer, KaTeX, and/or mapping verification.",,verified,Keep redacted from public student practice; verify source/transcription and obtain release authorization before promotion.
APCALC-AB-SAMPLE-2014-MCQ-010,public_release_blocked,framework-sample-2014,14,A,,"Retained in the canonical/admin archive; excluded from student practice pending source, answer, KaTeX, and/or mapping verification.",,verified,Keep redacted from public student practice; verify source/transcription and obtain release authorization before promotion.
APCALC-AB-SAMPLE-2014-MCQ-011,public_release_blocked,framework-sample-2014,15,A,,"Retained in the canonical/admin archive; excluded from student practice pending source, answer, KaTeX, and/or mapping verification.",,verified,Keep redacted from public student practice; verify source/transcription and obtain release authorization before promotion.
APCALC-AB-SAMPLE-2014-MCQ-012,public_release_blocked,framework-sample-2014,17,A,,"Retained in the canonical/admin archive; excluded from student practice pending source, answer, KaTeX, and/or mapping verification.",,verified,Keep redacted from public student practice; verify source/transcription and obtain release authorization before promotion.
APCALC-AB-SAMPLE-2014-MCQ-013,public_release_blocked,framework-sample-2014,18,D,,"Retained in the canonical/admin archive; excluded from student practice pending source, answer, KaTeX, and/or mapping verification.",,verified,Keep redacted from public student practice; verify source/transcription and obtain release authorization before promotion.
APCALC-AB-SAMPLE-2014-MCQ-014,public_release_blocked,framework-sample-2014,19,C,,"Retained in the canonical/admin archive; excluded from student practice pending source, answer, KaTeX, and/or mapping verification.",,verified,Keep redacted from public student practice; verify source/transcription and obtain release authorization before promotion.
APCALC-AB-SAMPLE-2014-MCQ-015,public_release_blocked,framework-sample-2014,20,D,,"Retained in the canonical/admin archive; excluded from student practice pending source, answer, KaTeX, and/or mapping verification.",,verified,Keep redacted from public student practice; verify source/transcription and obtain release authorization before promotion.
APCALC-AB-SAMPLE-2014-MCQ-016,public_release_blocked,framework-sample-2014,21,B,,"Retained in the canonical/admin archive; excluded from student practice pending source, answer, KaTeX, and/or mapping verification.",,verified,Keep redacted from public student practice; verify source/transcription and obtain release authorization before promotion.
APCALC-AB-SAMPLE-2014-FRQ-01,public_release_blocked,framework-sample-2014,22; 27,,,"Retained in the canonical/admin archive; excluded from student practice pending source, answer, KaTeX, and/or mapping verification.",,verified,Keep redacted from public student practice; verify source/transcription and obtain release authorization before promotion.
APCALC-AB-SAMPLE-2014-FRQ-02,public_release_blocked,framework-sample-2014,24; 28,,,"Retained in the canonical/admin archive; excluded from student practice pending source, answer, KaTeX, and/or mapping verification.",,verified,Keep redacted from public student practice; verify source/transcription and obtain release authorization before promotion.
APCALC-BC-SAMPLE-2014-MCQ-001,public_release_blocked,framework-sample-2014,29,C,,"Retained in the canonical/admin archive; excluded from student practice pending source, answer, KaTeX, and/or mapping verification.",,verified,Keep redacted from public student practice; verify source/transcription and obtain release authorization before promotion.
APCALC-BC-SAMPLE-2014-MCQ-002,public_release_blocked,framework-sample-2014,30,D,,"Retained in the canonical/admin archive; excluded from student practice pending source, answer, KaTeX, and/or mapping verification.",,verified,Keep redacted from public student practice; verify source/transcription and obtain release authorization before promotion.
APCALC-BC-SAMPLE-2014-MCQ-003,public_release_blocked,framework-sample-2014,31,C,,"Retained in the canonical/admin archive; excluded from student practice pending source, answer, KaTeX, and/or mapping verification.",,verified,Keep redacted from public student practice; verify source/transcription and obtain release authorization before promotion.
APCALC-BC-SAMPLE-2014-MCQ-004,public_release_blocked,framework-sample-2014,32,C,,"Retained in the canonical/admin archive; excluded from student practice pending source, answer, KaTeX, and/or mapping verification.",,verified,Keep redacted from public student practice; verify source/transcription and obtain release authorization before promotion.
APCALC-BC-SAMPLE-2014-MCQ-005,public_release_blocked,framework-sample-2014,33,B,,"Retained in the canonical/admin archive; excluded from student practice pending source, answer, KaTeX, and/or mapping verification.",,verified,Keep redacted from public student practice; verify source/transcription and obtain release authorization before promotion.
APCALC-BC-SAMPLE-2014-MCQ-006,public_release_blocked,framework-sample-2014,34,B,,"Retained in the canonical/admin archive; excluded from student practice pending source, answer, KaTeX, and/or mapping verification.",,verified,Keep redacted from public student practice; verify source/transcription and obtain release authorization before promotion.
APCALC-BC-SAMPLE-2014-MCQ-007,public_release_blocked,framework-sample-2014,35,A,,"Retained in the canonical/admin archive; excluded from student practice pending source, answer, KaTeX, and/or mapping verification.",,verified,Keep redacted from public student practice; verify source/transcription and obtain release authorization before promotion.
APCALC-BC-SAMPLE-2014-MCQ-008,public_release_blocked,framework-sample-2014,36,C,,"Retained in the canonical/admin archive; excluded from student practice pending source, answer, KaTeX, and/or mapping verification.",,verified,Keep redacted from public student practice; verify source/transcription and obtain release authorization before promotion.
APCALC-BC-SAMPLE-2014-FRQ-01,public_release_blocked,framework-sample-2014,37; 43,,,"Retained in the canonical/admin archive; excluded from student practice pending source, answer, KaTeX, and/or mapping verification.",,verified,Keep redacted from public student practice; verify source/transcription and obtain release authorization before promotion.
APCALC-BC-SAMPLE-2014-FRQ-02,public_release_blocked,framework-sample-2014,39; 44; 45,,,"Retained in the canonical/admin archive; excluded from student practice pending source, answer, KaTeX, and/or mapping verification.",,verified,Keep redacted from public student practice; verify source/transcription and obtain release authorization before promotion.
APCALC-AB-PRACTICE-2012-MCQ-001,public_release_blocked,official-ab-practice-2012,22,B,,"Retained in the canonical/admin archive; excluded from student practice pending source, answer, KaTeX, and/or mapping verification.",,verified,Keep redacted from public student practice; verify source/transcription and obtain release authorization before promotion.
APCALC-AB-PRACTICE-2012-MCQ-002,public_release_blocked,official-ab-practice-2012,22,B,,"Retained in the canonical/admin archive; excluded from student practice pending source, answer, KaTeX, and/or mapping verification.",,verified,Keep redacted from public student practice; verify source/transcription and obtain release authorization before promotion.
APCALC-AB-PRACTICE-2012-MCQ-003,public_release_blocked,official-ab-practice-2012,23,A,,"Retained in the canonical/admin archive; excluded from student practice pending source, answer, KaTeX, and/or mapping verification.",,verified,Keep redacted from public student practice; verify source/transcription and obtain release authorization before promotion.
APCALC-AB-PRACTICE-2012-MCQ-004,public_release_blocked,official-ab-practice-2012,23,E,,"Retained in the canonical/admin archive; excluded from student practice pending source, answer, KaTeX, and/or mapping verification.",,verified,Keep redacted from public student practice; verify source/transcription and obtain release authorization before promotion.
APCALC-AB-PRACTICE-2012-MCQ-005,public_release_blocked,official-ab-practice-2012,24,C,,"Retained in the canonical/admin archive; excluded from student practice pending source, answer, KaTeX, and/or mapping verification.",,verified,Keep redacted from public student practice; verify source/transcription and obtain release authorization before promotion.
APCALC-AB-PRACTICE-2012-MCQ-006,public_release_blocked,official-ab-practice-2012,24,D,,"Retained in the canonical/admin archive; excluded from student practice pending source, answer, KaTeX, and/or mapping verification.",,verified,Keep redacted from public student practice; verify source/transcription and obtain release authorization before promotion.
APCALC-AB-PRACTICE-2012-MCQ-007,public_release_blocked,official-ab-practice-2012,25,E,,"Retained in the canonical/admin archive; excluded from student practice pending source, answer, KaTeX, and/or mapping verification.",,verified,Keep redacted from public student practice; verify source/transcription and obtain release authorization before promotion.
APCALC-AB-PRACTICE-2012-MCQ-008,public_release_blocked,official-ab-practice-2012,25,C,,"Retained in the canonical/admin archive; excluded from student practice pending source, answer, KaTeX, and/or mapping verification.",,verified,Keep redacted from public student practice; verify source/transcription and obtain release authorization before promotion.
APCALC-AB-PRACTICE-2012-MCQ-009,public_release_blocked,official-ab-practice-2012,26,E,,"Retained in the canonical/admin archive; excluded from student practice pending source, answer, KaTeX, and/or mapping verification.",,verified,Keep redacted from public student practice; verify source/transcription and obtain release authorization before promotion.
APCALC-AB-PRACTICE-2012-MCQ-010,public_release_blocked,official-ab-practice-2012,26,A,,"Retained in the canonical/admin archive; excluded from student practice pending source, answer, KaTeX, and/or mapping verification.",,verified,Keep redacted from public student practice; verify source/transcription and obtain release authorization before promotion.
APCALC-AB-PRACTICE-2012-MCQ-011,public_release_blocked,official-ab-practice-2012,27,A,,"Retained in the canonical/admin archive; excluded from student practice pending source, answer, KaTeX, and/or mapping verification.",,verified,Keep redacted from public student practice; verify source/transcription and obtain release authorization before promotion.
APCALC-AB-PRACTICE-2012-MCQ-012,public_release_blocked,official-ab-practice-2012,27,C,,"Retained in the canonical/admin archive; excluded from student practice pending source, answer, KaTeX, and/or mapping verification.",,verified,Keep redacted from public student practice; verify source/transcription and obtain release authorization before promotion.
APCALC-AB-PRACTICE-2012-MCQ-013,public_release_blocked,official-ab-practice-2012,28,D,,"Retained in the canonical/admin archive; excluded from student practice pending source, answer, KaTeX, and/or mapping verification.",,verified,Keep redacted from public student practice; verify source/transcription and obtain release authorization before promotion.
APCALC-AB-PRACTICE-2012-MCQ-014,public_release_blocked,official-ab-practice-2012,28,A,,"Retained in the canonical/admin archive; excluded from student practice pending source, answer, KaTeX, and/or mapping verification.",,verified,Keep redacted from public student practice; verify source/transcription and obtain release authorization before promotion.
APCALC-AB-PRACTICE-2012-MCQ-015,public_release_blocked,official-ab-practice-2012,29,A,,"Retained in the canonical/admin archive; excluded from student practice pending source, answer, KaTeX, and/or mapping verification.",,verified,Keep redacted from public student practice; verify source/transcription and obtain release authorization before promotion.
APCALC-AB-PRACTICE-2012-MCQ-016,public_release_blocked,official-ab-practice-2012,30,B,,"Retained in the canonical/admin archive; excluded from student practice pending source, answer, KaTeX, and/or mapping verification.",,verified,Keep redacted from public student practice; verify source/transcription and obtain release authorization before promotion.
APCALC-AB-PRACTICE-2012-MCQ-017,public_release_blocked,official-ab-practice-2012,31,A,,"Retained in the canonical/admin archive; excluded from student practice pending source, answer, KaTeX, and/or mapping verification.",,verified,Keep redacted from public student practice; verify source/transcription and obtain release authorization before promotion.
APCALC-AB-PRACTICE-2012-MCQ-018,public_release_blocked,official-ab-practice-2012,32,B,,"Retained in the canonical/admin archive; excluded from student practice pending source, answer, KaTeX, and/or mapping verification.",,verified,Keep redacted from public student practice; verify source/transcription and obtain release authorization before promotion.
APCALC-AB-PRACTICE-2012-MCQ-019,public_release_blocked,official-ab-practice-2012,32,C,,"Retained in the canonical/admin archive; excluded from student practice pending source, answer, KaTeX, and/or mapping verification.",,verified,Keep redacted from public student practice; verify source/transcription and obtain release authorization before promotion.
APCALC-AB-PRACTICE-2012-MCQ-020,public_release_blocked,official-ab-practice-2012,33,D,,"Retained in the canonical/admin archive; excluded from student practice pending source, answer, KaTeX, and/or mapping verification.",,verified,Keep redacted from public student practice; verify source/transcription and obtain release authorization before promotion.
APCALC-AB-PRACTICE-2012-MCQ-021,public_release_blocked,official-ab-practice-2012,33,E,,"Retained in the canonical/admin archive; excluded from student practice pending source, answer, KaTeX, and/or mapping verification.",,verified,Keep redacted from public student practice; verify source/transcription and obtain release authorization before promotion.
APCALC-AB-PRACTICE-2012-MCQ-022,public_release_blocked,official-ab-practice-2012,34,B,,"Retained in the canonical/admin archive; excluded from student practice pending source, answer, KaTeX, and/or mapping verification.",,verified,Keep redacted from public student practice; verify source/transcription and obtain release authorization before promotion.
APCALC-AB-PRACTICE-2012-MCQ-023,public_release_blocked,official-ab-practice-2012,34,A,,"Retained in the canonical/admin archive; excluded from student practice pending source, answer, KaTeX, and/or mapping verification.",,verified,Keep redacted from public student practice; verify source/transcription and obtain release authorization before promotion.
APCALC-AB-PRACTICE-2012-MCQ-024,public_release_blocked,official-ab-practice-2012,35,A,,"Retained in the canonical/admin archive; excluded from student practice pending source, answer, KaTeX, and/or mapping verification.",,verified,Keep redacted from public student practice; verify source/transcription and obtain release authorization before promotion.
APCALC-AB-PRACTICE-2012-MCQ-025,public_release_blocked,official-ab-practice-2012,36,E,,"Retained in the canonical/admin archive; excluded from student practice pending source, answer, KaTeX, and/or mapping verification.",,verified,Keep redacted from public student practice; verify source/transcription and obtain release authorization before promotion.
APCALC-AB-PRACTICE-2012-MCQ-026,public_release_blocked,official-ab-practice-2012,37,A,,"Retained in the canonical/admin archive; excluded from student practice pending source, answer, KaTeX, and/or mapping verification.",,verified,Keep redacted from public student practice; verify source/transcription and obtain release authorization before promotion.
APCALC-AB-PRACTICE-2012-MCQ-027,public_release_blocked,official-ab-practice-2012,38,A,,"Retained in the canonical/admin archive; excluded from student practice pending source, answer, KaTeX, and/or mapping verification.",,verified,Keep redacted from public student practice; verify source/transcription and obtain release authorization before promotion.
APCALC-AB-PRACTICE-2012-MCQ-028,public_release_blocked,official-ab-practice-2012,39,A,,"Retained in the canonical/admin archive; excluded from student practice pending source, answer, KaTeX, and/or mapping verification.",,verified,Keep redacted from public student practice; verify source/transcription and obtain release authorization before promotion.
APCALC-AB-PRACTICE-2012-MCQ-076,public_release_blocked,official-ab-practice-2012,41,E,,"Retained in the canonical/admin archive; excluded from student practice pending source, answer, KaTeX, and/or mapping verification.",,verified,Keep redacted from public student practice; verify source/transcription and obtain release authorization before promotion.
APCALC-AB-PRACTICE-2012-MCQ-077,public_release_blocked,official-ab-practice-2012,42,A,,"Retained in the canonical/admin archive; excluded from student practice pending source, answer, KaTeX, and/or mapping verification.",,verified,Keep redacted from public student practice; verify source/transcription and obtain release authorization before promotion.
APCALC-AB-PRACTICE-2012-MCQ-078,public_release_blocked,official-ab-practice-2012,42,D,,"Retained in the canonical/admin archive; excluded from student practice pending source, answer, KaTeX, and/or mapping verification.",,verified,Keep redacted from public student practice; verify source/transcription and obtain release authorization before promotion.
APCALC-AB-PRACTICE-2012-MCQ-079,public_release_blocked,official-ab-practice-2012,43,B,,"Retained in the canonical/admin archive; excluded from student practice pending source, answer, KaTeX, and/or mapping verification.",,verified,Keep redacted from public student practice; verify source/transcription and obtain release authorization before promotion.
APCALC-AB-PRACTICE-2012-MCQ-080,public_release_blocked,official-ab-practice-2012,44,E,,"Retained in the canonical/admin archive; excluded from student practice pending source, answer, KaTeX, and/or mapping verification.",,verified,Keep redacted from public student practice; verify source/transcription and obtain release authorization before promotion.
APCALC-AB-PRACTICE-2012-MCQ-081,public_release_blocked,official-ab-practice-2012,45,D,,"Retained in the canonical/admin archive; excluded from student practice pending source, answer, KaTeX, and/or mapping verification.",,verified,Keep redacted from public student practice; verify source/transcription and obtain release authorization before promotion.
APCALC-AB-PRACTICE-2012-MCQ-082,public_release_blocked,official-ab-practice-2012,45,C,,"Retained in the canonical/admin archive; excluded from student practice pending source, answer, KaTeX, and/or mapping verification.",,verified,Keep redacted from public student practice; verify source/transcription and obtain release authorization before promotion.
APCALC-AB-PRACTICE-2012-MCQ-083,public_release_blocked,official-ab-practice-2012,46,D,,"Retained in the canonical/admin archive; excluded from student practice pending source, answer, KaTeX, and/or mapping verification.",,verified,Keep redacted from public student practice; verify source/transcription and obtain release authorization before promotion.
APCALC-AB-PRACTICE-2012-MCQ-084,public_release_blocked,official-ab-practice-2012,46,D,,"Retained in the canonical/admin archive; excluded from student practice pending source, answer, KaTeX, and/or mapping verification.",,verified,Keep redacted from public student practice; verify source/transcription and obtain release authorization before promotion.
APCALC-AB-PRACTICE-2012-MCQ-085,public_release_blocked,official-ab-practice-2012,47,C,,"Retained in the canonical/admin archive; excluded from student practice pending source, answer, KaTeX, and/or mapping verification.",,verified,Keep redacted from public student practice; verify source/transcription and obtain release authorization before promotion.
APCALC-AB-PRACTICE-2012-MCQ-086,public_release_blocked,official-ab-practice-2012,48,B,,"Retained in the canonical/admin archive; excluded from student practice pending source, answer, KaTeX, and/or mapping verification.",,verified,Keep redacted from public student practice; verify source/transcription and obtain release authorization before promotion.
APCALC-AB-PRACTICE-2012-MCQ-087,public_release_blocked,official-ab-practice-2012,49,E,,"Retained in the canonical/admin archive; excluded from student practice pending source, answer, KaTeX, and/or mapping verification.",,verified,Keep redacted from public student practice; verify source/transcription and obtain release authorization before promotion.
APCALC-AB-PRACTICE-2012-MCQ-088,public_release_blocked,official-ab-practice-2012,50,B,,"Retained in the canonical/admin archive; excluded from student practice pending source, answer, KaTeX, and/or mapping verification.",,verified,Keep redacted from public student practice; verify source/transcription and obtain release authorization before promotion.
APCALC-AB-PRACTICE-2012-MCQ-089,public_release_blocked,official-ab-practice-2012,50,E,,"Retained in the canonical/admin archive; excluded from student practice pending source, answer, KaTeX, and/or mapping verification.",,verified,Keep redacted from public student practice; verify source/transcription and obtain release authorization before promotion.
APCALC-AB-PRACTICE-2012-MCQ-090,public_release_blocked,official-ab-practice-2012,51,B,,"Retained in the canonical/admin archive; excluded from student practice pending source, answer, KaTeX, and/or mapping verification.",,verified,Keep redacted from public student practice; verify source/transcription and obtain release authorization before promotion.
APCALC-AB-PRACTICE-2012-MCQ-091,public_release_blocked,official-ab-practice-2012,51,B,,"Retained in the canonical/admin archive; excluded from student practice pending source, answer, KaTeX, and/or mapping verification.",,verified,Keep redacted from public student practice; verify source/transcription and obtain release authorization before promotion.
APCALC-AB-PRACTICE-2012-MCQ-092,public_release_blocked,official-ab-practice-2012,52,A,,"Retained in the canonical/admin archive; excluded from student practice pending source, answer, KaTeX, and/or mapping verification.",,verified,Keep redacted from public student practice; verify source/transcription and obtain release authorization before promotion.
APCALC-AB-PRACTICE-2012-FRQ-01,public_release_blocked,official-ab-practice-2012,58; 76,,,"Retained in the canonical/admin archive; excluded from student practice pending source, answer, KaTeX, and/or mapping verification.",,verified,Keep redacted from public student practice; verify source/transcription and obtain release authorization before promotion.
APCALC-AB-PRACTICE-2012-FRQ-02,public_release_blocked,official-ab-practice-2012,60; 77,,,"Retained in the canonical/admin archive; excluded from student practice pending source, answer, KaTeX, and/or mapping verification.",,verified,Keep redacted from public student practice; verify source/transcription and obtain release authorization before promotion.
APCALC-AB-PRACTICE-2012-FRQ-03,public_release_blocked,official-ab-practice-2012,63; 78,,,"Retained in the canonical/admin archive; excluded from student practice pending source, answer, KaTeX, and/or mapping verification.",,verified,Keep redacted from public student practice; verify source/transcription and obtain release authorization before promotion.
APCALC-AB-PRACTICE-2012-FRQ-04,public_release_blocked,official-ab-practice-2012,65; 79,,,"Retained in the canonical/admin archive; excluded from student practice pending source, answer, KaTeX, and/or mapping verification.",,verified,Keep redacted from public student practice; verify source/transcription and obtain release authorization before promotion.
APCALC-AB-PRACTICE-2012-FRQ-05,public_release_blocked,official-ab-practice-2012,67; 80,,,"Retained in the canonical/admin archive; excluded from student practice pending source, answer, KaTeX, and/or mapping verification.",,verified,Keep redacted from public student practice; verify source/transcription and obtain release authorization before promotion.
APCALC-AB-PRACTICE-2012-FRQ-06,public_release_blocked,official-ab-practice-2012,69; 81,,,"Retained in the canonical/admin archive; excluded from student practice pending source, answer, KaTeX, and/or mapping verification.",,verified,Keep redacted from public student practice; verify source/transcription and obtain release authorization before promotion.
APCALC-BC-PRACTICE-2016-MCQ-001,public_release_blocked,official-bc-practice-2016,19,B,,"Retained in the canonical/admin archive; excluded from student practice pending source, answer, KaTeX, and/or mapping verification.",,verified,Keep redacted from public student practice; verify source/transcription and obtain release authorization before promotion.
APCALC-BC-PRACTICE-2016-MCQ-002,public_release_blocked,official-bc-practice-2016,19,E,,"Retained in the canonical/admin archive; excluded from student practice pending source, answer, KaTeX, and/or mapping verification.",,verified,Keep redacted from public student practice; verify source/transcription and obtain release authorization before promotion.
APCALC-BC-PRACTICE-2016-MCQ-003,public_release_blocked,official-bc-practice-2016,20,D,,"Retained in the canonical/admin archive; excluded from student practice pending source, answer, KaTeX, and/or mapping verification.",,verified,Keep redacted from public student practice; verify source/transcription and obtain release authorization before promotion.
APCALC-BC-PRACTICE-2016-MCQ-004,public_release_blocked,official-bc-practice-2016,20,D,,"Retained in the canonical/admin archive; excluded from student practice pending source, answer, KaTeX, and/or mapping verification.",,verified,Keep redacted from public student practice; verify source/transcription and obtain release authorization before promotion.
APCALC-BC-PRACTICE-2016-MCQ-005,public_release_blocked,official-bc-practice-2016,21,C,,"Retained in the canonical/admin archive; excluded from student practice pending source, answer, KaTeX, and/or mapping verification.",,verified,Keep redacted from public student practice; verify source/transcription and obtain release authorization before promotion.
APCALC-BC-PRACTICE-2016-MCQ-006,public_release_blocked,official-bc-practice-2016,21,B,,"Retained in the canonical/admin archive; excluded from student practice pending source, answer, KaTeX, and/or mapping verification.",,verified,Keep redacted from public student practice; verify source/transcription and obtain release authorization before promotion.
APCALC-BC-PRACTICE-2016-MCQ-007,public_release_blocked,official-bc-practice-2016,22,C,,"Retained in the canonical/admin archive; excluded from student practice pending source, answer, KaTeX, and/or mapping verification.",,verified,Keep redacted from public student practice; verify source/transcription and obtain release authorization before promotion.
APCALC-BC-PRACTICE-2016-MCQ-008,public_release_blocked,official-bc-practice-2016,22,D,,"Retained in the canonical/admin archive; excluded from student practice pending source, answer, KaTeX, and/or mapping verification.",,verified,Keep redacted from public student practice; verify source/transcription and obtain release authorization before promotion.
APCALC-BC-PRACTICE-2016-MCQ-009,public_release_blocked,official-bc-practice-2016,23,D,,"Retained in the canonical/admin archive; excluded from student practice pending source, answer, KaTeX, and/or mapping verification.",,verified,Keep redacted from public student practice; verify source/transcription and obtain release authorization before promotion.
APCALC-BC-PRACTICE-2016-MCQ-010,public_release_blocked,official-bc-practice-2016,24,A,,"Retained in the canonical/admin archive; excluded from student practice pending source, answer, KaTeX, and/or mapping verification.",,verified,Keep redacted from public student practice; verify source/transcription and obtain release authorization before promotion.
APCALC-BC-PRACTICE-2016-MCQ-011,public_release_blocked,official-bc-practice-2016,25,E,,"Retained in the canonical/admin archive; excluded from student practice pending source, answer, KaTeX, and/or mapping verification.",,verified,Keep redacted from public student practice; verify source/transcription and obtain release authorization before promotion.
APCALC-BC-PRACTICE-2016-MCQ-012,public_release_blocked,official-bc-practice-2016,25,B,,"Retained in the canonical/admin archive; excluded from student practice pending source, answer, KaTeX, and/or mapping verification.",,verified,Keep redacted from public student practice; verify source/transcription and obtain release authorization before promotion.
APCALC-BC-PRACTICE-2016-MCQ-013,public_release_blocked,official-bc-practice-2016,26,A,,"Retained in the canonical/admin archive; excluded from student practice pending source, answer, KaTeX, and/or mapping verification.",,verified,Keep redacted from public student practice; verify source/transcription and obtain release authorization before promotion.
APCALC-BC-PRACTICE-2016-MCQ-014,public_release_blocked,official-bc-practice-2016,27,E,,"Retained in the canonical/admin archive; excluded from student practice pending source, answer, KaTeX, and/or mapping verification.",,verified,Keep redacted from public student practice; verify source/transcription and obtain release authorization before promotion.
APCALC-BC-PRACTICE-2016-MCQ-015,public_release_blocked,official-bc-practice-2016,28,A,,"Retained in the canonical/admin archive; excluded from student practice pending source, answer, KaTeX, and/or mapping verification.",,verified,Keep redacted from public student practice; verify source/transcription and obtain release authorization before promotion.
APCALC-BC-PRACTICE-2016-MCQ-016,public_release_blocked,official-bc-practice-2016,28,B,,"Retained in the canonical/admin archive; excluded from student practice pending source, answer, KaTeX, and/or mapping verification.",,verified,Keep redacted from public student practice; verify source/transcription and obtain release authorization before promotion.
APCALC-BC-PRACTICE-2016-MCQ-017,public_release_blocked,official-bc-practice-2016,29,C,,"Retained in the canonical/admin archive; excluded from student practice pending source, answer, KaTeX, and/or mapping verification.",,verified,Keep redacted from public student practice; verify source/transcription and obtain release authorization before promotion.
APCALC-BC-PRACTICE-2016-MCQ-018,public_release_blocked,official-bc-practice-2016,29,A,,"Retained in the canonical/admin archive; excluded from student practice pending source, answer, KaTeX, and/or mapping verification.",,verified,Keep redacted from public student practice; verify source/transcription and obtain release authorization before promotion.
APCALC-BC-PRACTICE-2016-MCQ-019,public_release_blocked,official-bc-practice-2016,30,D,,"Retained in the canonical/admin archive; excluded from student practice pending source, answer, KaTeX, and/or mapping verification.",,verified,Keep redacted from public student practice; verify source/transcription and obtain release authorization before promotion.
APCALC-BC-PRACTICE-2016-MCQ-020,public_release_blocked,official-bc-practice-2016,30,B,,"Retained in the canonical/admin archive; excluded from student practice pending source, answer, KaTeX, and/or mapping verification.",,verified,Keep redacted from public student practice; verify source/transcription and obtain release authorization before promotion.
APCALC-BC-PRACTICE-2016-MCQ-021,public_release_blocked,official-bc-practice-2016,31,B,,"Retained in the canonical/admin archive; excluded from student practice pending source, answer, KaTeX, and/or mapping verification.",,verified,Keep redacted from public student practice; verify source/transcription and obtain release authorization before promotion.
APCALC-BC-PRACTICE-2016-MCQ-022,public_release_blocked,official-bc-practice-2016,31,C,,"Retained in the canonical/admin archive; excluded from student practice pending source, answer, KaTeX, and/or mapping verification.",,verified,Keep redacted from public student practice; verify source/transcription and obtain release authorization before promotion.
APCALC-BC-PRACTICE-2016-MCQ-023,public_release_blocked,official-bc-practice-2016,32,D,,"Retained in the canonical/admin archive; excluded from student practice pending source, answer, KaTeX, and/or mapping verification.",,verified,Keep redacted from public student practice; verify source/transcription and obtain release authorization before promotion.
APCALC-BC-PRACTICE-2016-MCQ-024,public_release_blocked,official-bc-practice-2016,33,D,,"Retained in the canonical/admin archive; excluded from student practice pending source, answer, KaTeX, and/or mapping verification.",,verified,Keep redacted from public student practice; verify source/transcription and obtain release authorization before promotion.
APCALC-BC-PRACTICE-2016-MCQ-025,public_release_blocked,official-bc-practice-2016,33,B,,"Retained in the canonical/admin archive; excluded from student practice pending source, answer, KaTeX, and/or mapping verification.",,verified,Keep redacted from public student practice; verify source/transcription and obtain release authorization before promotion.
APCALC-BC-PRACTICE-2016-MCQ-026,public_release_blocked,official-bc-practice-2016,34,D,,"Retained in the canonical/admin archive; excluded from student practice pending source, answer, KaTeX, and/or mapping verification.",,verified,Keep redacted from public student practice; verify source/transcription and obtain release authorization before promotion.
APCALC-BC-PRACTICE-2016-MCQ-027,public_release_blocked,official-bc-practice-2016,35,C,,"Retained in the canonical/admin archive; excluded from student practice pending source, answer, KaTeX, and/or mapping verification.",,verified,Keep redacted from public student practice; verify source/transcription and obtain release authorization before promotion.
APCALC-BC-PRACTICE-2016-MCQ-028,public_release_blocked,official-bc-practice-2016,36,D,,"Retained in the canonical/admin archive; excluded from student practice pending source, answer, KaTeX, and/or mapping verification.",,verified,Keep redacted from public student practice; verify source/transcription and obtain release authorization before promotion.
APCALC-BC-PRACTICE-2016-MCQ-076,public_release_blocked,official-bc-practice-2016,38,D,,"Retained in the canonical/admin archive; excluded from student practice pending source, answer, KaTeX, and/or mapping verification.",,verified,Keep redacted from public student practice; verify source/transcription and obtain release authorization before promotion.
APCALC-BC-PRACTICE-2016-MCQ-077,public_release_blocked,official-bc-practice-2016,38,C,,"Retained in the canonical/admin archive; excluded from student practice pending source, answer, KaTeX, and/or mapping verification.",,verified,Keep redacted from public student practice; verify source/transcription and obtain release authorization before promotion.
APCALC-BC-PRACTICE-2016-MCQ-078,public_release_blocked,official-bc-practice-2016,39,C,,"Retained in the canonical/admin archive; excluded from student practice pending source, answer, KaTeX, and/or mapping verification.",,verified,Keep redacted from public student practice; verify source/transcription and obtain release authorization before promotion.
APCALC-BC-PRACTICE-2016-MCQ-079,public_release_blocked,official-bc-practice-2016,39,B,,"Retained in the canonical/admin archive; excluded from student practice pending source, answer, KaTeX, and/or mapping verification.",,verified,Keep redacted from public student practice; verify source/transcription and obtain release authorization before promotion.
APCALC-BC-PRACTICE-2016-MCQ-080,public_release_blocked,official-bc-practice-2016,40,E,,"Retained in the canonical/admin archive; excluded from student practice pending source, answer, KaTeX, and/or mapping verification.",,verified,Keep redacted from public student practice; verify source/transcription and obtain release authorization before promotion.
APCALC-BC-PRACTICE-2016-MCQ-081,public_release_blocked,official-bc-practice-2016,41,B,,"Retained in the canonical/admin archive; excluded from student practice pending source, answer, KaTeX, and/or mapping verification.",,verified,Keep redacted from public student practice; verify source/transcription and obtain release authorization before promotion.
APCALC-BC-PRACTICE-2016-MCQ-082,public_release_blocked,official-bc-practice-2016,41,D,,"Retained in the canonical/admin archive; excluded from student practice pending source, answer, KaTeX, and/or mapping verification.",,verified,Keep redacted from public student practice; verify source/transcription and obtain release authorization before promotion.
APCALC-BC-PRACTICE-2016-MCQ-083,public_release_blocked,official-bc-practice-2016,42,E,,"Retained in the canonical/admin archive; excluded from student practice pending source, answer, KaTeX, and/or mapping verification.",,verified,Keep redacted from public student practice; verify source/transcription and obtain release authorization before promotion.
APCALC-BC-PRACTICE-2016-MCQ-084,public_release_blocked,official-bc-practice-2016,43,B,,"Retained in the canonical/admin archive; excluded from student practice pending source, answer, KaTeX, and/or mapping verification.",,verified,Keep redacted from public student practice; verify source/transcription and obtain release authorization before promotion.
APCALC-BC-PRACTICE-2016-MCQ-085,public_release_blocked,official-bc-practice-2016,44,D,,"Retained in the canonical/admin archive; excluded from student practice pending source, answer, KaTeX, and/or mapping verification.",,verified,Keep redacted from public student practice; verify source/transcription and obtain release authorization before promotion.
APCALC-BC-PRACTICE-2016-MCQ-086,public_release_blocked,official-bc-practice-2016,45,D,,"Retained in the canonical/admin archive; excluded from student practice pending source, answer, KaTeX, and/or mapping verification.",,verified,Keep redacted from public student practice; verify source/transcription and obtain release authorization before promotion.
APCALC-BC-PRACTICE-2016-MCQ-087,public_release_blocked,official-bc-practice-2016,45,D,,"Retained in the canonical/admin archive; excluded from student practice pending source, answer, KaTeX, and/or mapping verification.",,verified,Keep redacted from public student practice; verify source/transcription and obtain release authorization before promotion.
APCALC-BC-PRACTICE-2016-MCQ-088,public_release_blocked,official-bc-practice-2016,46,C,,"Retained in the canonical/admin archive; excluded from student practice pending source, answer, KaTeX, and/or mapping verification.",,verified,Keep redacted from public student practice; verify source/transcription and obtain release authorization before promotion.
APCALC-BC-PRACTICE-2016-MCQ-089,public_release_blocked,official-bc-practice-2016,46,D,,"Retained in the canonical/admin archive; excluded from student practice pending source, answer, KaTeX, and/or mapping verification.",,verified,Keep redacted from public student practice; verify source/transcription and obtain release authorization before promotion.
APCALC-BC-PRACTICE-2016-MCQ-090,public_release_blocked,official-bc-practice-2016,47,A,,"Retained in the canonical/admin archive; excluded from student practice pending source, answer, KaTeX, and/or mapping verification.",,verified,Keep redacted from public student practice; verify source/transcription and obtain release authorization before promotion.
APCALC-BC-PRACTICE-2016-MCQ-091,public_release_blocked,official-bc-practice-2016,48,A,,"Retained in the canonical/admin archive; excluded from student practice pending source, answer, KaTeX, and/or mapping verification.",,verified,Keep redacted from public student practice; verify source/transcription and obtain release authorization before promotion.
APCALC-BC-PRACTICE-2016-MCQ-092,public_release_blocked,official-bc-practice-2016,49,D,,"Retained in the canonical/admin archive; excluded from student practice pending source, answer, KaTeX, and/or mapping verification.",,verified,Keep redacted from public student practice; verify source/transcription and obtain release authorization before promotion.
APCALC-BC-PRACTICE-2016-FRQ-01,public_release_blocked,official-bc-practice-2016,54; 72,,,"Retained in the canonical/admin archive; excluded from student practice pending source, answer, KaTeX, and/or mapping verification.",,verified,Keep redacted from public student practice; verify source/transcription and obtain release authorization before promotion.
APCALC-BC-PRACTICE-2016-FRQ-02,public_release_blocked,official-bc-practice-2016,56; 73,,,"Retained in the canonical/admin archive; excluded from student practice pending source, answer, KaTeX, and/or mapping verification.",,verified,Keep redacted from public student practice; verify source/transcription and obtain release authorization before promotion.
APCALC-BC-PRACTICE-2016-FRQ-03,public_release_blocked,official-bc-practice-2016,60; 74,,,"Retained in the canonical/admin archive; excluded from student practice pending source, answer, KaTeX, and/or mapping verification.",,verified,Keep redacted from public student practice; verify source/transcription and obtain release authorization before promotion.
APCALC-BC-PRACTICE-2016-FRQ-04,public_release_blocked,official-bc-practice-2016,62; 75,,,"Retained in the canonical/admin archive; excluded from student practice pending source, answer, KaTeX, and/or mapping verification.",,verified,Keep redacted from public student practice; verify source/transcription and obtain release authorization before promotion.
APCALC-BC-PRACTICE-2016-FRQ-05,public_release_blocked,official-bc-practice-2016,64; 76,,,"Retained in the canonical/admin archive; excluded from student practice pending source, answer, KaTeX, and/or mapping verification.",,verified,Keep redacted from public student practice; verify source/transcription and obtain release authorization before promotion.
APCALC-BC-PRACTICE-2016-FRQ-06,public_release_blocked,official-bc-practice-2016,66; 77,,,"Retained in the canonical/admin archive; excluded from student practice pending source, answer, KaTeX, and/or mapping verification.",,verified,Keep redacted from public student practice; verify source/transcription and obtain release authorization before promotion.
LUCID-AB-PRACTICE-2015-MCQ-001,public_release_blocked,lucid-ab-practice-2015,3,A,,"Retained in the canonical/admin archive; excluded from student practice pending source, answer, KaTeX, and/or mapping verification.",,verified,Keep redacted from public student practice; verify source/transcription and obtain release authorization before promotion.
LUCID-AB-PRACTICE-2015-MCQ-002,public_release_blocked,lucid-ab-practice-2015,3,C,,"Retained in the canonical/admin archive; excluded from student practice pending source, answer, KaTeX, and/or mapping verification.",,verified,Keep redacted from public student practice; verify source/transcription and obtain release authorization before promotion.
LUCID-AB-PRACTICE-2015-MCQ-003,public_release_blocked,lucid-ab-practice-2015,4,B,,"Retained in the canonical/admin archive; excluded from student practice pending source, answer, KaTeX, and/or mapping verification.",,verified,Keep redacted from public student practice; verify source/transcription and obtain release authorization before promotion.
LUCID-AB-PRACTICE-2015-MCQ-004,public_release_blocked,lucid-ab-practice-2015,4,C,,"Retained in the canonical/admin archive; excluded from student practice pending source, answer, KaTeX, and/or mapping verification.",,verified,Keep redacted from public student practice; verify source/transcription and obtain release authorization before promotion.
LUCID-AB-PRACTICE-2015-MCQ-005,public_release_blocked,lucid-ab-practice-2015,5,A,,"Retained in the canonical/admin archive; excluded from student practice pending source, answer, KaTeX, and/or mapping verification.",,verified,Keep redacted from public student practice; verify source/transcription and obtain release authorization before promotion.
LUCID-AB-PRACTICE-2015-MCQ-006,public_release_blocked,lucid-ab-practice-2015,5,D,,"Retained in the canonical/admin archive; excluded from student practice pending source, answer, KaTeX, and/or mapping verification.",,verified,Keep redacted from public student practice; verify source/transcription and obtain release authorization before promotion.
LUCID-AB-PRACTICE-2015-MCQ-007,public_release_blocked,lucid-ab-practice-2015,6,B,,"Retained in the canonical/admin archive; excluded from student practice pending source, answer, KaTeX, and/or mapping verification.",,verified,Keep redacted from public student practice; verify source/transcription and obtain release authorization before promotion.
LUCID-AB-PRACTICE-2015-MCQ-008,public_release_blocked,lucid-ab-practice-2015,6,E,,"Retained in the canonical/admin archive; excluded from student practice pending source, answer, KaTeX, and/or mapping verification.",,verified,Keep redacted from public student practice; verify source/transcription and obtain release authorization before promotion.
LUCID-AB-PRACTICE-2015-MCQ-009,public_release_blocked,lucid-ab-practice-2015,7,D,,"Retained in the canonical/admin archive; excluded from student practice pending source, answer, KaTeX, and/or mapping verification.",,verified,Keep redacted from public student practice; verify source/transcription and obtain release authorization before promotion.
LUCID-AB-PRACTICE-2015-MCQ-010,public_release_blocked,lucid-ab-practice-2015,7,A,,"Retained in the canonical/admin archive; excluded from student practice pending source, answer, KaTeX, and/or mapping verification.",,verified,Keep redacted from public student practice; verify source/transcription and obtain release authorization before promotion.
LUCID-AB-PRACTICE-2015-MCQ-011,public_release_blocked,lucid-ab-practice-2015,8,D,,"Retained in the canonical/admin archive; excluded from student practice pending source, answer, KaTeX, and/or mapping verification.",,verified,Keep redacted from public student practice; verify source/transcription and obtain release authorization before promotion.
LUCID-AB-PRACTICE-2015-MCQ-012,public_release_blocked,lucid-ab-practice-2015,8,C,,"Retained in the canonical/admin archive; excluded from student practice pending source, answer, KaTeX, and/or mapping verification.",,verified,Keep redacted from public student practice; verify source/transcription and obtain release authorization before promotion.
LUCID-AB-PRACTICE-2015-MCQ-013,public_release_blocked,lucid-ab-practice-2015,9,E,,"Retained in the canonical/admin archive; excluded from student practice pending source, answer, KaTeX, and/or mapping verification.",,verified,Keep redacted from public student practice; verify source/transcription and obtain release authorization before promotion.
LUCID-AB-PRACTICE-2015-MCQ-014,public_release_blocked,lucid-ab-practice-2015,9,C,,"Retained in the canonical/admin archive; excluded from student practice pending source, answer, KaTeX, and/or mapping verification.",,verified,Keep redacted from public student practice; verify source/transcription and obtain release authorization before promotion.
LUCID-AB-PRACTICE-2015-MCQ-015,public_release_blocked,lucid-ab-practice-2015,10,B,,"Retained in the canonical/admin archive; excluded from student practice pending source, answer, KaTeX, and/or mapping verification.",,verified,Keep redacted from public student practice; verify source/transcription and obtain release authorization before promotion.
LUCID-AB-PRACTICE-2015-MCQ-016,public_release_blocked,lucid-ab-practice-2015,10,C,,"Retained in the canonical/admin archive; excluded from student practice pending source, answer, KaTeX, and/or mapping verification.",,verified,Keep redacted from public student practice; verify source/transcription and obtain release authorization before promotion.
LUCID-AB-PRACTICE-2015-MCQ-017,public_release_blocked,lucid-ab-practice-2015,11,D,,"Retained in the canonical/admin archive; excluded from student practice pending source, answer, KaTeX, and/or mapping verification.",,verified,Keep redacted from public student practice; verify source/transcription and obtain release authorization before promotion.
LUCID-AB-PRACTICE-2015-MCQ-018,public_release_blocked,lucid-ab-practice-2015,11,A,,"Retained in the canonical/admin archive; excluded from student practice pending source, answer, KaTeX, and/or mapping verification.",,verified,Keep redacted from public student practice; verify source/transcription and obtain release authorization before promotion.
LUCID-AB-PRACTICE-2015-MCQ-019,public_release_blocked,lucid-ab-practice-2015,12,C,,"Retained in the canonical/admin archive; excluded from student practice pending source, answer, KaTeX, and/or mapping verification.",,verified,Keep redacted from public student practice; verify source/transcription and obtain release authorization before promotion.
LUCID-AB-PRACTICE-2015-MCQ-020,public_release_blocked,lucid-ab-practice-2015,12,C,,"Retained in the canonical/admin archive; excluded from student practice pending source, answer, KaTeX, and/or mapping verification.",,verified,Keep redacted from public student practice; verify source/transcription and obtain release authorization before promotion.
LUCID-AB-PRACTICE-2015-MCQ-021,public_release_blocked,lucid-ab-practice-2015,13,B,,"Retained in the canonical/admin archive; excluded from student practice pending source, answer, KaTeX, and/or mapping verification.",,verified,Keep redacted from public student practice; verify source/transcription and obtain release authorization before promotion.
LUCID-AB-PRACTICE-2015-MCQ-022,public_release_blocked,lucid-ab-practice-2015,13,D,,"Retained in the canonical/admin archive; excluded from student practice pending source, answer, KaTeX, and/or mapping verification.",,verified,Keep redacted from public student practice; verify source/transcription and obtain release authorization before promotion.
LUCID-AB-PRACTICE-2015-MCQ-023,public_release_blocked,lucid-ab-practice-2015,14,E,,"Retained in the canonical/admin archive; excluded from student practice pending source, answer, KaTeX, and/or mapping verification.",,verified,Keep redacted from public student practice; verify source/transcription and obtain release authorization before promotion.
LUCID-AB-PRACTICE-2015-MCQ-024,public_release_blocked,lucid-ab-practice-2015,14,D,,"Retained in the canonical/admin archive; excluded from student practice pending source, answer, KaTeX, and/or mapping verification.",,verified,Keep redacted from public student practice; verify source/transcription and obtain release authorization before promotion.
LUCID-AB-PRACTICE-2015-MCQ-025,public_release_blocked,lucid-ab-practice-2015,15,A,,"Retained in the canonical/admin archive; excluded from student practice pending source, answer, KaTeX, and/or mapping verification.",,verified,Keep redacted from public student practice; verify source/transcription and obtain release authorization before promotion.
LUCID-AB-PRACTICE-2015-MCQ-026,public_release_blocked,lucid-ab-practice-2015,15,A,,"Retained in the canonical/admin archive; excluded from student practice pending source, answer, KaTeX, and/or mapping verification.",,verified,Keep redacted from public student practice; verify source/transcription and obtain release authorization before promotion.
LUCID-AB-PRACTICE-2015-MCQ-027,public_release_blocked,lucid-ab-practice-2015,16,C,,"Retained in the canonical/admin archive; excluded from student practice pending source, answer, KaTeX, and/or mapping verification.",,verified,Keep redacted from public student practice; verify source/transcription and obtain release authorization before promotion.
LUCID-AB-PRACTICE-2015-MCQ-028,public_release_blocked,lucid-ab-practice-2015,16,D,,"Retained in the canonical/admin archive; excluded from student practice pending source, answer, KaTeX, and/or mapping verification.",,verified,Keep redacted from public student practice; verify source/transcription and obtain release authorization before promotion.
LUCID-AB-PRACTICE-2015-MCQ-076,public_release_blocked,lucid-ab-practice-2015,18,B,,"Retained in the canonical/admin archive; excluded from student practice pending source, answer, KaTeX, and/or mapping verification.",,verified,Keep redacted from public student practice; verify source/transcription and obtain release authorization before promotion.
LUCID-AB-PRACTICE-2015-MCQ-077,public_release_blocked,lucid-ab-practice-2015,18,A,,"Retained in the canonical/admin archive; excluded from student practice pending source, answer, KaTeX, and/or mapping verification.",,verified,Keep redacted from public student practice; verify source/transcription and obtain release authorization before promotion.
LUCID-AB-PRACTICE-2015-MCQ-078,public_release_blocked,lucid-ab-practice-2015,19,D,,"Retained in the canonical/admin archive; excluded from student practice pending source, answer, KaTeX, and/or mapping verification.",,verified,Keep redacted from public student practice; verify source/transcription and obtain release authorization before promotion.
LUCID-AB-PRACTICE-2015-MCQ-079,public_release_blocked,lucid-ab-practice-2015,19,A,,"Retained in the canonical/admin archive; excluded from student practice pending source, answer, KaTeX, and/or mapping verification.",,verified,Keep redacted from public student practice; verify source/transcription and obtain release authorization before promotion.
LUCID-AB-PRACTICE-2015-MCQ-080,public_release_blocked,lucid-ab-practice-2015,20,D,,"Retained in the canonical/admin archive; excluded from student practice pending source, answer, KaTeX, and/or mapping verification.",,verified,Keep redacted from public student practice; verify source/transcription and obtain release authorization before promotion.
LUCID-AB-PRACTICE-2015-MCQ-081,public_release_blocked,lucid-ab-practice-2015,20,C,,"Retained in the canonical/admin archive; excluded from student practice pending source, answer, KaTeX, and/or mapping verification.",,verified,Keep redacted from public student practice; verify source/transcription and obtain release authorization before promotion.
LUCID-AB-PRACTICE-2015-MCQ-082,public_release_blocked,lucid-ab-practice-2015,21,A,,"Retained in the canonical/admin archive; excluded from student practice pending source, answer, KaTeX, and/or mapping verification.",,verified,Keep redacted from public student practice; verify source/transcription and obtain release authorization before promotion.
LUCID-AB-PRACTICE-2015-MCQ-083,public_release_blocked,lucid-ab-practice-2015,21,C,,"Retained in the canonical/admin archive; excluded from student practice pending source, answer, KaTeX, and/or mapping verification.",,verified,Keep redacted from public student practice; verify source/transcription and obtain release authorization before promotion.
LUCID-AB-PRACTICE-2015-MCQ-084,public_release_blocked,lucid-ab-practice-2015,22,C,,"Retained in the canonical/admin archive; excluded from student practice pending source, answer, KaTeX, and/or mapping verification.",,verified,Keep redacted from public student practice; verify source/transcription and obtain release authorization before promotion.
LUCID-AB-PRACTICE-2015-MCQ-085,public_release_blocked,lucid-ab-practice-2015,22,E,,"Retained in the canonical/admin archive; excluded from student practice pending source, answer, KaTeX, and/or mapping verification.",,verified,Keep redacted from public student practice; verify source/transcription and obtain release authorization before promotion.
LUCID-AB-PRACTICE-2015-MCQ-086,public_release_blocked,lucid-ab-practice-2015,23,E,,"Retained in the canonical/admin archive; excluded from student practice pending source, answer, KaTeX, and/or mapping verification.",,verified,Keep redacted from public student practice; verify source/transcription and obtain release authorization before promotion.
LUCID-AB-PRACTICE-2015-MCQ-087,public_release_blocked,lucid-ab-practice-2015,23,B,,"Retained in the canonical/admin archive; excluded from student practice pending source, answer, KaTeX, and/or mapping verification.",,verified,Keep redacted from public student practice; verify source/transcription and obtain release authorization before promotion.
LUCID-AB-PRACTICE-2015-MCQ-088,public_release_blocked,lucid-ab-practice-2015,24,C,,"Retained in the canonical/admin archive; excluded from student practice pending source, answer, KaTeX, and/or mapping verification.",,verified,Keep redacted from public student practice; verify source/transcription and obtain release authorization before promotion.
LUCID-AB-PRACTICE-2015-MCQ-089,public_release_blocked,lucid-ab-practice-2015,24,B,,"Retained in the canonical/admin archive; excluded from student practice pending source, answer, KaTeX, and/or mapping verification.",,verified,Keep redacted from public student practice; verify source/transcription and obtain release authorization before promotion.
LUCID-AB-PRACTICE-2015-MCQ-090,public_release_blocked,lucid-ab-practice-2015,25,E,,"Retained in the canonical/admin archive; excluded from student practice pending source, answer, KaTeX, and/or mapping verification.",,verified,Keep redacted from public student practice; verify source/transcription and obtain release authorization before promotion.
LUCID-AB-PRACTICE-2015-MCQ-091,public_release_blocked,lucid-ab-practice-2015,25,C,,"Retained in the canonical/admin archive; excluded from student practice pending source, answer, KaTeX, and/or mapping verification.",,verified,Keep redacted from public student practice; verify source/transcription and obtain release authorization before promotion.
LUCID-AB-PRACTICE-2015-MCQ-092,public_release_blocked,lucid-ab-practice-2015,26,D,,"Retained in the canonical/admin archive; excluded from student practice pending source, answer, KaTeX, and/or mapping verification.",,verified,Keep redacted from public student practice; verify source/transcription and obtain release authorization before promotion.
LUCID-AB-PRACTICE-2015-FRQ-01,public_release_blocked,lucid-ab-practice-2015,28; 39,,,"Retained in the canonical/admin archive; excluded from student practice pending source, answer, KaTeX, and/or mapping verification.",,verified,Keep redacted from public student practice; verify source/transcription and obtain release authorization before promotion.
LUCID-AB-PRACTICE-2015-FRQ-02,public_release_blocked,lucid-ab-practice-2015,29; 30; 31; 40,,,"Retained in the canonical/admin archive; excluded from student practice pending source, answer, KaTeX, and/or mapping verification.",,verified,Keep redacted from public student practice; verify source/transcription and obtain release authorization before promotion.
LUCID-AB-PRACTICE-2015-FRQ-03,public_release_blocked,lucid-ab-practice-2015,32; 41; 42,,,"Retained in the canonical/admin archive; excluded from student practice pending source, answer, KaTeX, and/or mapping verification.",,verified,Keep redacted from public student practice; verify source/transcription and obtain release authorization before promotion.
LUCID-AB-PRACTICE-2015-FRQ-04,public_release_blocked,lucid-ab-practice-2015,33; 43,,,"Retained in the canonical/admin archive; excluded from student practice pending source, answer, KaTeX, and/or mapping verification.",,verified,Keep redacted from public student practice; verify source/transcription and obtain release authorization before promotion.
LUCID-AB-PRACTICE-2015-FRQ-05,public_release_blocked,lucid-ab-practice-2015,34; 44; 45,,,"Retained in the canonical/admin archive; excluded from student practice pending source, answer, KaTeX, and/or mapping verification.",,verified,Keep redacted from public student practice; verify source/transcription and obtain release authorization before promotion.
LUCID-AB-PRACTICE-2015-FRQ-06,public_release_blocked,lucid-ab-practice-2015,35; 45; 46,,,"Retained in the canonical/admin archive; excluded from student practice pending source, answer, KaTeX, and/or mapping verification.",,verified,Keep redacted from public student practice; verify source/transcription and obtain release authorization before promotion.
MYMAXSCORE-AB-PRACTICE-MCQ-001,public_release_blocked,my-max-score-ab-practice,1; 15,B,,"Retained in the canonical/admin archive; excluded from student practice pending source, answer, KaTeX, and/or mapping verification.",,verified,Keep redacted from public student practice; verify source/transcription and obtain release authorization before promotion.
MYMAXSCORE-AB-PRACTICE-MCQ-002,public_release_blocked,my-max-score-ab-practice,2; 15,C,,"Retained in the canonical/admin archive; excluded from student practice pending source, answer, KaTeX, and/or mapping verification.",,verified,Keep redacted from public student practice; verify source/transcription and obtain release authorization before promotion.
MYMAXSCORE-AB-PRACTICE-MCQ-003,public_release_blocked,my-max-score-ab-practice,2; 15,D,,"Retained in the canonical/admin archive; excluded from student practice pending source, answer, KaTeX, and/or mapping verification.",,verified,Keep redacted from public student practice; verify source/transcription and obtain release authorization before promotion.
MYMAXSCORE-AB-PRACTICE-MCQ-004,public_release_blocked,my-max-score-ab-practice,2; 15,B,,"Retained in the canonical/admin archive; excluded from student practice pending source, answer, KaTeX, and/or mapping verification.",,verified,Keep redacted from public student practice; verify source/transcription and obtain release authorization before promotion.
MYMAXSCORE-AB-PRACTICE-MCQ-005,public_release_blocked,my-max-score-ab-practice,2; 15,D,,"Retained in the canonical/admin archive; excluded from student practice pending source, answer, KaTeX, and/or mapping verification.",,verified,Keep redacted from public student practice; verify source/transcription and obtain release authorization before promotion.
MYMAXSCORE-AB-PRACTICE-MCQ-006,public_release_blocked,my-max-score-ab-practice,2; 15,A,,"Retained in the canonical/admin archive; excluded from student practice pending source, answer, KaTeX, and/or mapping verification.",,verified,Keep redacted from public student practice; verify source/transcription and obtain release authorization before promotion.
MYMAXSCORE-AB-PRACTICE-MCQ-007,public_release_blocked,my-max-score-ab-practice,2; 15,B,,"Retained in the canonical/admin archive; excluded from student practice pending source, answer, KaTeX, and/or mapping verification.",,verified,Keep redacted from public student practice; verify source/transcription and obtain release authorization before promotion.
MYMAXSCORE-AB-PRACTICE-MCQ-008,public_release_blocked,my-max-score-ab-practice,3; 15,C,,"Retained in the canonical/admin archive; excluded from student practice pending source, answer, KaTeX, and/or mapping verification.",,verified,Keep redacted from public student practice; verify source/transcription and obtain release authorization before promotion.
MYMAXSCORE-AB-PRACTICE-MCQ-009,public_release_blocked,my-max-score-ab-practice,3; 15,E,,"Retained in the canonical/admin archive; excluded from student practice pending source, answer, KaTeX, and/or mapping verification.",,verified,Keep redacted from public student practice; verify source/transcription and obtain release authorization before promotion.
MYMAXSCORE-AB-PRACTICE-MCQ-010,public_release_blocked,my-max-score-ab-practice,3; 15,A,,"Retained in the canonical/admin archive; excluded from student practice pending source, answer, KaTeX, and/or mapping verification.",,verified,Keep redacted from public student practice; verify source/transcription and obtain release authorization before promotion.
MYMAXSCORE-AB-PRACTICE-MCQ-011,public_release_blocked,my-max-score-ab-practice,3; 15,C,,"Retained in the canonical/admin archive; excluded from student practice pending source, answer, KaTeX, and/or mapping verification.",,verified,Keep redacted from public student practice; verify source/transcription and obtain release authorization before promotion.
MYMAXSCORE-AB-PRACTICE-MCQ-012,public_release_blocked,my-max-score-ab-practice,3; 15,C,,"Retained in the canonical/admin archive; excluded from student practice pending source, answer, KaTeX, and/or mapping verification.",,verified,Keep redacted from public student practice; verify source/transcription and obtain release authorization before promotion.
MYMAXSCORE-AB-PRACTICE-MCQ-013,public_release_blocked,my-max-score-ab-practice,3; 16,B,,"Retained in the canonical/admin archive; excluded from student practice pending source, answer, KaTeX, and/or mapping verification.",,verified,Keep redacted from public student practice; verify source/transcription and obtain release authorization before promotion.
MYMAXSCORE-AB-PRACTICE-MCQ-014,public_release_blocked,my-max-score-ab-practice,3; 16,D,,"Retained in the canonical/admin archive; excluded from student practice pending source, answer, KaTeX, and/or mapping verification.",,verified,Keep redacted from public student practice; verify source/transcription and obtain release authorization before promotion.
MYMAXSCORE-AB-PRACTICE-MCQ-015,public_release_blocked,my-max-score-ab-practice,4; 16,B,,"Retained in the canonical/admin archive; excluded from student practice pending source, answer, KaTeX, and/or mapping verification.",,verified,Keep redacted from public student practice; verify source/transcription and obtain release authorization before promotion.
MYMAXSCORE-AB-PRACTICE-MCQ-016,public_release_blocked,my-max-score-ab-practice,4; 16,C,,"Retained in the canonical/admin archive; excluded from student practice pending source, answer, KaTeX, and/or mapping verification.",,verified,Keep redacted from public student practice; verify source/transcription and obtain release authorization before promotion.
MYMAXSCORE-AB-PRACTICE-MCQ-017,public_release_blocked,my-max-score-ab-practice,4; 16,E,,"Retained in the canonical/admin archive; excluded from student practice pending source, answer, KaTeX, and/or mapping verification.",,verified,Keep redacted from public student practice; verify source/transcription and obtain release authorization before promotion.
MYMAXSCORE-AB-PRACTICE-MCQ-018,public_release_blocked,my-max-score-ab-practice,4; 16,D,,"Retained in the canonical/admin archive; excluded from student practice pending source, answer, KaTeX, and/or mapping verification.",,verified,Keep redacted from public student practice; verify source/transcription and obtain release authorization before promotion.
MYMAXSCORE-AB-PRACTICE-MCQ-019,public_release_blocked,my-max-score-ab-practice,4; 16,A,,"Retained in the canonical/admin archive; excluded from student practice pending source, answer, KaTeX, and/or mapping verification.",,verified,Keep redacted from public student practice; verify source/transcription and obtain release authorization before promotion.
MYMAXSCORE-AB-PRACTICE-MCQ-020,public_release_blocked,my-max-score-ab-practice,4; 16,E,,"Retained in the canonical/admin archive; excluded from student practice pending source, answer, KaTeX, and/or mapping verification.",,verified,Keep redacted from public student practice; verify source/transcription and obtain release authorization before promotion.
MYMAXSCORE-AB-PRACTICE-MCQ-021,public_release_blocked,my-max-score-ab-practice,5; 16,D,,"Retained in the canonical/admin archive; excluded from student practice pending source, answer, KaTeX, and/or mapping verification.",,verified,Keep redacted from public student practice; verify source/transcription and obtain release authorization before promotion.
MYMAXSCORE-AB-PRACTICE-MCQ-022,public_release_blocked,my-max-score-ab-practice,5; 17,D,,"Retained in the canonical/admin archive; excluded from student practice pending source, answer, KaTeX, and/or mapping verification.",,verified,Keep redacted from public student practice; verify source/transcription and obtain release authorization before promotion.
MYMAXSCORE-AB-PRACTICE-MCQ-023,public_release_blocked,my-max-score-ab-practice,6; 17,A,,"Retained in the canonical/admin archive; excluded from student practice pending source, answer, KaTeX, and/or mapping verification.",,verified,Keep redacted from public student practice; verify source/transcription and obtain release authorization before promotion.
MYMAXSCORE-AB-PRACTICE-MCQ-024,public_release_blocked,my-max-score-ab-practice,6; 17,A,,"Retained in the canonical/admin archive; excluded from student practice pending source, answer, KaTeX, and/or mapping verification.",,verified,Keep redacted from public student practice; verify source/transcription and obtain release authorization before promotion.
MYMAXSCORE-AB-PRACTICE-MCQ-025,public_release_blocked,my-max-score-ab-practice,7; 17,E,,"Retained in the canonical/admin archive; excluded from student practice pending source, answer, KaTeX, and/or mapping verification.",,verified,Keep redacted from public student practice; verify source/transcription and obtain release authorization before promotion.
MYMAXSCORE-AB-PRACTICE-MCQ-026,public_release_blocked,my-max-score-ab-practice,7; 17,D,,"Retained in the canonical/admin archive; excluded from student practice pending source, answer, KaTeX, and/or mapping verification.",,verified,Keep redacted from public student practice; verify source/transcription and obtain release authorization before promotion.
MYMAXSCORE-AB-PRACTICE-MCQ-027,public_release_blocked,my-max-score-ab-practice,7; 17,B,,"Retained in the canonical/admin archive; excluded from student practice pending source, answer, KaTeX, and/or mapping verification.",,verified,Keep redacted from public student practice; verify source/transcription and obtain release authorization before promotion.
MYMAXSCORE-AB-PRACTICE-MCQ-028,public_release_blocked,my-max-score-ab-practice,7; 17,C,,"Retained in the canonical/admin archive; excluded from student practice pending source, answer, KaTeX, and/or mapping verification.",,verified,Keep redacted from public student practice; verify source/transcription and obtain release authorization before promotion.
MYMAXSCORE-AB-PRACTICE-MCQ-029,public_release_blocked,my-max-score-ab-practice,8; 17,C,,"Retained in the canonical/admin archive; excluded from student practice pending source, answer, KaTeX, and/or mapping verification.",,verified,Keep redacted from public student practice; verify source/transcription and obtain release authorization before promotion.
MYMAXSCORE-AB-PRACTICE-MCQ-030,public_release_blocked,my-max-score-ab-practice,8; 18,C,,"Retained in the canonical/admin archive; excluded from student practice pending source, answer, KaTeX, and/or mapping verification.",,verified,Keep redacted from public student practice; verify source/transcription and obtain release authorization before promotion.
MYMAXSCORE-AB-PRACTICE-MCQ-031,public_release_blocked,my-max-score-ab-practice,8; 18,D,,"Retained in the canonical/admin archive; excluded from student practice pending source, answer, KaTeX, and/or mapping verification.",,verified,Keep redacted from public student practice; verify source/transcription and obtain release authorization before promotion.
MYMAXSCORE-AB-PRACTICE-MCQ-032,public_release_blocked,my-max-score-ab-practice,9; 18,C,,"Retained in the canonical/admin archive; excluded from student practice pending source, answer, KaTeX, and/or mapping verification.",,verified,Keep redacted from public student practice; verify source/transcription and obtain release authorization before promotion.
MYMAXSCORE-AB-PRACTICE-MCQ-033,public_release_blocked,my-max-score-ab-practice,9; 18,C,,"Retained in the canonical/admin archive; excluded from student practice pending source, answer, KaTeX, and/or mapping verification.",,verified,Keep redacted from public student practice; verify source/transcription and obtain release authorization before promotion.
MYMAXSCORE-AB-PRACTICE-MCQ-034,public_release_blocked,my-max-score-ab-practice,9; 18,B,,"Retained in the canonical/admin archive; excluded from student practice pending source, answer, KaTeX, and/or mapping verification.",,verified,Keep redacted from public student practice; verify source/transcription and obtain release authorization before promotion.
MYMAXSCORE-AB-PRACTICE-MCQ-035,public_release_blocked,my-max-score-ab-practice,10; 18,D,,"Retained in the canonical/admin archive; excluded from student practice pending source, answer, KaTeX, and/or mapping verification.",,verified,Keep redacted from public student practice; verify source/transcription and obtain release authorization before promotion.
MYMAXSCORE-AB-PRACTICE-MCQ-036,public_release_blocked,my-max-score-ab-practice,10; 18,E,,"Retained in the canonical/admin archive; excluded from student practice pending source, answer, KaTeX, and/or mapping verification.",,verified,Keep redacted from public student practice; verify source/transcription and obtain release authorization before promotion.
MYMAXSCORE-AB-PRACTICE-MCQ-037,public_release_blocked,my-max-score-ab-practice,10; 18,A,,"Retained in the canonical/admin archive; excluded from student practice pending source, answer, KaTeX, and/or mapping verification.",,verified,Keep redacted from public student practice; verify source/transcription and obtain release authorization before promotion.
MYMAXSCORE-AB-PRACTICE-MCQ-038,public_release_blocked,my-max-score-ab-practice,10; 18,B,,"Retained in the canonical/admin archive; excluded from student practice pending source, answer, KaTeX, and/or mapping verification.",,verified,Keep redacted from public student practice; verify source/transcription and obtain release authorization before promotion.
MYMAXSCORE-AB-PRACTICE-MCQ-039,public_release_blocked,my-max-score-ab-practice,10; 18,B,,"Retained in the canonical/admin archive; excluded from student practice pending source, answer, KaTeX, and/or mapping verification.",,verified,Keep redacted from public student practice; verify source/transcription and obtain release authorization before promotion.
MYMAXSCORE-AB-PRACTICE-MCQ-040,public_release_blocked,my-max-score-ab-practice,11; 19,C,,"Retained in the canonical/admin archive; excluded from student practice pending source, answer, KaTeX, and/or mapping verification.",,verified,Keep redacted from public student practice; verify source/transcription and obtain release authorization before promotion.
MYMAXSCORE-AB-PRACTICE-MCQ-041,public_release_blocked,my-max-score-ab-practice,11; 19,C,,"Retained in the canonical/admin archive; excluded from student practice pending source, answer, KaTeX, and/or mapping verification.",,verified,Keep redacted from public student practice; verify source/transcription and obtain release authorization before promotion.
MYMAXSCORE-AB-PRACTICE-MCQ-042,public_release_blocked,my-max-score-ab-practice,11; 19,B,,"Retained in the canonical/admin archive; excluded from student practice pending source, answer, KaTeX, and/or mapping verification.",,verified,Keep redacted from public student practice; verify source/transcription and obtain release authorization before promotion.
MYMAXSCORE-AB-PRACTICE-MCQ-043,public_release_blocked,my-max-score-ab-practice,11; 19,E,,"Retained in the canonical/admin archive; excluded from student practice pending source, answer, KaTeX, and/or mapping verification.",,verified,Keep redacted from public student practice; verify source/transcription and obtain release authorization before promotion.
MYMAXSCORE-AB-PRACTICE-MCQ-044,public_release_blocked,my-max-score-ab-practice,11; 19,A,,"Retained in the canonical/admin archive; excluded from student practice pending source, answer, KaTeX, and/or mapping verification.",,verified,Keep redacted from public student practice; verify source/transcription and obtain release authorization before promotion.
MYMAXSCORE-AB-PRACTICE-MCQ-045,public_release_blocked,my-max-score-ab-practice,11; 19,E,,"Retained in the canonical/admin archive; excluded from student practice pending source, answer, KaTeX, and/or mapping verification.",,verified,Keep redacted from public student practice; verify source/transcription and obtain release authorization before promotion.
MYMAXSCORE-AB-PRACTICE-FRQ-01,public_release_blocked,my-max-score-ab-practice,12; 19,,,"Retained in the canonical/admin archive; excluded from student practice pending source, answer, KaTeX, and/or mapping verification.",,verified,Keep redacted from public student practice; verify source/transcription and obtain release authorization before promotion.
MYMAXSCORE-AB-PRACTICE-FRQ-02,public_release_blocked,my-max-score-ab-practice,13; 19,,,"Retained in the canonical/admin archive; excluded from student practice pending source, answer, KaTeX, and/or mapping verification.",,verified,Keep redacted from public student practice; verify source/transcription and obtain release authorization before promotion.
MYMAXSCORE-AB-PRACTICE-FRQ-03,public_release_blocked,my-max-score-ab-practice,13; 20,,,"Retained in the canonical/admin archive; excluded from student practice pending source, answer, KaTeX, and/or mapping verification.",,verified,Keep redacted from public student practice; verify source/transcription and obtain release authorization before promotion.
MYMAXSCORE-AB-PRACTICE-FRQ-04,public_release_blocked,my-max-score-ab-practice,14; 20,,,"Retained in the canonical/admin archive; excluded from student practice pending source, answer, KaTeX, and/or mapping verification.",,verified,Keep redacted from public student practice; verify source/transcription and obtain release authorization before promotion.
MYMAXSCORE-AB-PRACTICE-FRQ-05,public_release_blocked,my-max-score-ab-practice,14; 21,,,"Retained in the canonical/admin archive; excluded from student practice pending source, answer, KaTeX, and/or mapping verification.",,verified,Keep redacted from public student practice; verify source/transcription and obtain release authorization before promotion.
MYMAXSCORE-AB-PRACTICE-FRQ-06,public_release_blocked,my-max-score-ab-practice,14; 21,,,"Retained in the canonical/admin archive; excluded from student practice pending source, answer, KaTeX, and/or mapping verification.",,verified,Keep redacted from public student practice; verify source/transcription and obtain release authorization before promotion.
ECHS-BC-CH7-8-2015-MCQ-001,public_release_blocked,echs-bc-ch7-8-2015,1,A,,"Retained in the canonical/admin archive; excluded from student practice pending source, answer, KaTeX, and/or mapping verification.",,verified,Keep redacted from public student practice; verify source/transcription and obtain release authorization before promotion.
ECHS-BC-CH7-8-2015-MCQ-002,public_release_blocked,echs-bc-ch7-8-2015,1,D,,"Retained in the canonical/admin archive; excluded from student practice pending source, answer, KaTeX, and/or mapping verification.",,verified,Keep redacted from public student practice; verify source/transcription and obtain release authorization before promotion.
ECHS-BC-CH7-8-2015-MCQ-003,public_release_blocked,echs-bc-ch7-8-2015,1,C,,"Retained in the canonical/admin archive; excluded from student practice pending source, answer, KaTeX, and/or mapping verification.",,verified,Keep redacted from public student practice; verify source/transcription and obtain release authorization before promotion.
ECHS-BC-CH7-8-2015-MCQ-004,public_release_blocked,echs-bc-ch7-8-2015,2,B,,"Retained in the canonical/admin archive; excluded from student practice pending source, answer, KaTeX, and/or mapping verification.",,verified,Keep redacted from public student practice; verify source/transcription and obtain release authorization before promotion.
ECHS-BC-CH7-8-2015-MCQ-005,public_release_blocked,echs-bc-ch7-8-2015,2,C,,"Retained in the canonical/admin archive; excluded from student practice pending source, answer, KaTeX, and/or mapping verification.",,verified,Keep redacted from public student practice; verify source/transcription and obtain release authorization before promotion.
ECHS-BC-CH7-8-2015-MCQ-006,public_release_blocked,echs-bc-ch7-8-2015,2,D,,"Retained in the canonical/admin archive; excluded from student practice pending source, answer, KaTeX, and/or mapping verification.",,verified,Keep redacted from public student practice; verify source/transcription and obtain release authorization before promotion.
ECHS-BC-CH7-8-2015-MCQ-007,public_release_blocked,echs-bc-ch7-8-2015,3,C,,"Retained in the canonical/admin archive; excluded from student practice pending source, answer, KaTeX, and/or mapping verification.",,verified,Keep redacted from public student practice; verify source/transcription and obtain release authorization before promotion.
ECHS-BC-CH7-8-2015-MCQ-008,public_release_blocked,echs-bc-ch7-8-2015,3,E,,"Retained in the canonical/admin archive; excluded from student practice pending source, answer, KaTeX, and/or mapping verification.",,verified,Keep redacted from public student practice; verify source/transcription and obtain release authorization before promotion.
ECHS-BC-CH7-8-2015-MCQ-009,public_release_blocked,echs-bc-ch7-8-2015,3,B,,"Retained in the canonical/admin archive; excluded from student practice pending source, answer, KaTeX, and/or mapping verification.",,verified,Keep redacted from public student practice; verify source/transcription and obtain release authorization before promotion.
ECHS-BC-CH7-8-2015-FRQ-14,public_release_blocked,echs-bc-ch7-8-2015,4,,,"Retained in the canonical/admin archive; excluded from student practice pending source, answer, KaTeX, and/or mapping verification.",,verified,Keep redacted from public student practice; verify source/transcription and obtain release authorization before promotion.
